date,prev_avg,prev_median,next_avg,new_year,out_year,new_week,age_avg,age_min,exp_avg,countries,top10
1973-08-23,,,8.3,,2.0,,28.51,20.97,0.0,6.0,Ilie Nastase; Manuel Orantes; Stan Smith; Arthur Ashe; Rod Laver; Ken Rosewall; John Newcombe; Adriano Panatta; Tom Okker; Jimmy Connors
1973-09-13,,,6.5,,2.0,1.0,29.01,21.03,2.7,6.0,Ilie Nastase; John Newcombe; Manuel Orantes; Stan Smith; Jan Kodes; Ken Rosewall; Arthur Ashe; Tom Okker; Rod Laver; Jimmy Connors
1973-09-26,,,6.5,,2.0,0.0,29.04,21.07,4.6,6.0,Ilie Nastase; John Newcombe; Manuel Orantes; Stan Smith; Jimmy Connors; Tom Okker; Ken Rosewall; Jan Kodes; Arthur Ashe; Rod Laver
1973-10-15,,,7.0,,2.0,0.0,29.1,21.12,7.3,6.0,Ilie Nastase; John Newcombe; Jimmy Connors; Manuel Orantes; Stan Smith; Tom Okker; Ken Rosewall; Jan Kodes; Arthur Ashe; Rod Laver
1973-10-31,,,7.0,,2.0,0.0,29.14,21.16,9.6,6.0,Ilie Nastase; John Newcombe; Manuel Orantes; Jimmy Connors; Tom Okker; Stan Smith; Ken Rosewall; Jan Kodes; Arthur Ashe; Rod Laver
1973-11-26,,,6.9,,2.0,0.0,29.21,21.23,13.3,6.0,Ilie Nastase; John Newcombe; Jimmy Connors; Tom Okker; Stan Smith; Manuel Orantes; Ken Rosewall; Rod Laver; Jan Kodes; Arthur Ashe
1973-12-14,,,6.9,,2.0,0.0,29.26,21.28,15.8,6.0,Ilie Nastase; John Newcombe; Jimmy Connors; Tom Okker; Stan Smith; Ken Rosewall; Manuel Orantes; Rod Laver; Jan Kodes; Arthur Ashe
1974-03-02,,,7.5,,2.0,0.0,29.47,21.49,27.0,6.0,Ilie Nastase; John Newcombe; Tom Okker; Jimmy Connors; Ken Rosewall; Arthur Ashe; Stan Smith; Jan Kodes; Rod Laver; Manuel Orantes
1974-04-19,,,8.0,,2.0,0.0,29.6,21.63,33.8,6.0,Ilie Nastase; John Newcombe; Tom Okker; Jimmy Connors; Arthur Ashe; Ken Rosewall; Rod Laver; Stan Smith; Jan Kodes; Manuel Orantes
1974-05-01,,,12.0,,3.0,1.0,28.52,21.66,32.0,6.0,Ilie Nastase; John Newcombe; Tom Okker; Jimmy Connors; Arthur Ashe; Rod Laver; Stan Smith; Jan Kodes; Manuel Orantes; Tom Gorman
1974-06-03,,,12.2,,3.0,2.0,28.01,17.99,28.9,6.0,John Newcombe; Jimmy Connors; Ilie Nastase; Tom Okker; Rod Laver; Arthur Ashe; Stan Smith; Bjorn Borg; Alex Metreveli; Tom Gorman
1974-07-29,,,7.6,,2.0,2.0,28.85,18.14,42.4,6.0,Jimmy Connors; John Newcombe; Tom Okker; Rod Laver; Stan Smith; Ilie Nastase; Ken Rosewall; Arthur Ashe; Bjorn Borg; Manuel Orantes
1974-08-09,,,7.6,,2.0,1.0,28.53,18.17,39.8,6.0,Jimmy Connors; John Newcombe; Rod Laver; Stan Smith; Tom Okker; Ken Rosewall; Ilie Nastase; Bjorn Borg; Arthur Ashe; Guillermo Vilas
1974-09-04,10.1,6.5,7.5,2.0,2.0,0.0,28.6,18.25,43.5,6.0,Jimmy Connors; John Newcombe; Rod Laver; Tom Okker; Stan Smith; Bjorn Borg; Ilie Nastase; Ken Rosewall; Guillermo Vilas; Arthur Ashe
1974-09-27,10.5,6.5,8.2,2.0,1.0,0.0,28.67,18.31,46.8,6.0,Jimmy Connors; John Newcombe; Rod Laver; Bjorn Borg; Tom Okker; Stan Smith; Ken Rosewall; Arthur Ashe; Ilie Nastase; Guillermo Vilas
1974-11-06,9.7,6.5,8.0,2.0,2.0,0.0,28.78,18.42,52.5,6.0,Jimmy Connors; John Newcombe; Rod Laver; Bjorn Borg; Tom Okker; Ilie Nastase; Stan Smith; Arthur Ashe; Guillermo Vilas; Ken Rosewall
1974-12-20,8.8,5.5,8.5,2.0,3.0,0.0,28.9,18.54,58.8,6.0,Jimmy Connors; John Newcombe; Bjorn Borg; Rod Laver; Guillermo Vilas; Tom Okker; Arthur Ashe; Stan Smith; Ken Rosewall; Ilie Nastase
1975-01-17,8.8,5.5,8.5,2.0,3.0,0.0,28.97,18.61,62.8,6.0,Jimmy Connors; John Newcombe; Bjorn Borg; Rod Laver; Guillermo Vilas; Tom Okker; Arthur Ashe; Ken Rosewall; Stan Smith; Ilie Nastase
1975-03-05,8.4,5.5,8.2,2.0,2.0,0.0,29.1,18.74,69.5,6.0,Jimmy Connors; John Newcombe; Bjorn Borg; Rod Laver; Guillermo Vilas; Ken Rosewall; Arthur Ashe; Tom Okker; Ilie Nastase; Stan Smith
1975-04-08,8.7,5.5,8.6,2.0,3.0,1.0,28.98,18.84,70.1,7.0,Jimmy Connors; Bjorn Borg; Rod Laver; John Newcombe; Guillermo Vilas; Ken Rosewall; Ilie Nastase; Arthur Ashe; Tom Okker; Manuel Orantes
1975-04-30,19.7,5.5,9.4,3.0,3.0,0.0,29.04,18.9,73.3,7.0,Jimmy Connors; Ken Rosewall; Guillermo Vilas; John Newcombe; Bjorn Borg; Rod Laver; Ilie Nastase; Arthur Ashe; Tom Okker; Manuel Orantes
1975-06-02,17.3,5.5,8.4,3.0,3.0,0.0,29.13,18.99,78.0,7.0,Jimmy Connors; Ken Rosewall; Guillermo Vilas; Bjorn Borg; John Newcombe; Ilie Nastase; Manuel Orantes; Arthur Ashe; Rod Laver; Tom Okker
1975-06-26,17.3,5.5,8.6,3.0,3.0,0.0,29.2,19.05,81.4,7.0,Jimmy Connors; Ken Rosewall; Guillermo Vilas; John Newcombe; Bjorn Borg; Tom Okker; Arthur Ashe; Ilie Nastase; Manuel Orantes; Rod Laver
1975-07-19,28.3,7.0,10.0,4.0,3.0,1.0,28.58,19.12,74.8,7.0,Jimmy Connors; Guillermo Vilas; Ken Rosewall; John Newcombe; Bjorn Borg; Arthur Ashe; Tom Okker; Manuel Orantes; Tony Roche; Ilie Nastase
1975-08-04,9.4,7.5,10.5,2.0,3.0,0.0,28.63,19.16,77.0,7.0,Jimmy Connors; Guillermo Vilas; Ken Rosewall; John Newcombe; Bjorn Borg; Arthur Ashe; Manuel Orantes; Tom Okker; Tony Roche; Ilie Nastase
1975-08-21,8.0,7.5,8.4,2.0,4.0,1.0,28.03,19.21,79.0,7.0,Jimmy Connors; Ken Rosewall; Guillermo Vilas; Arthur Ashe; John Newcombe; Bjorn Borg; Ilie Nastase; Manuel Orantes; Tom Okker; Roscoe Tanner
1975-09-16,6.3,6.5,14.9,1.0,4.0,1.0,29.42,19.28,92.3,7.0,Jimmy Connors; Guillermo Vilas; Manuel Orantes; Bjorn Borg; Arthur Ashe; Ilie Nastase; Ken Rosewall; John Newcombe; Tom Okker; Rod Laver
1975-10-21,8.1,7.5,11.9,2.0,4.0,1.0,28.23,19.37,86.8,7.0,Jimmy Connors; Guillermo Vilas; Arthur Ashe; Manuel Orantes; Bjorn Borg; Ken Rosewall; Ilie Nastase; John Newcombe; Tom Okker; John Alexander
1975-11-16,9.4,8.5,10.6,3.0,4.0,2.0,28.17,19.44,79.4,7.0,Jimmy Connors; Guillermo Vilas; Arthur Ashe; Bjorn Borg; Manuel Orantes; Ken Rosewall; Ilie Nastase; Tony Roche; Tom Okker; Roscoe Tanner
1975-12-15,9.1,8.5,17.2,3.0,5.0,2.0,28.19,19.52,81.4,6.0,Jimmy Connors; Guillermo Vilas; Bjorn Borg; Arthur Ashe; Manuel Orantes; Ken Rosewall; Ilie Nastase; John Alexander; Roscoe Tanner; Rod Laver
1976-02-15,7.8,6.5,16.4,2.0,5.0,2.0,29.74,19.69,100.3,7.0,Jimmy Connors; Guillermo Vilas; Bjorn Borg; Arthur Ashe; Manuel Orantes; Ken Rosewall; Ilie Nastase; Rod Laver; Tom Okker; Tony Roche
1976-03-18,11.0,7.5,8.3,3.0,4.0,2.0,27.82,19.78,92.0,9.0,Jimmy Connors; Guillermo Vilas; Bjorn Borg; Arthur Ashe; Manuel Orantes; Ilie Nastase; Ken Rosewall; Adriano Panatta; Raul Ramirez; Tom Okker
1976-03-29,10.5,7.5,8.7,3.0,4.0,1.0,28.02,19.81,95.1,8.0,Jimmy Connors; Bjorn Borg; Guillermo Vilas; Arthur Ashe; Manuel Orantes; Ilie Nastase; Ken Rosewall; Adriano Panatta; Roscoe Tanner; Tom Okker
1976-04-05,11.5,8.0,7.8,4.0,3.0,1.0,27.11,19.83,83.5,8.0,Jimmy Connors; Bjorn Borg; Guillermo Vilas; Arthur Ashe; Manuel Orantes; Ilie Nastase; Ken Rosewall; Raul Ramirez; Roscoe Tanner; Adriano Panatta
1976-04-25,11.1,7.5,7.8,3.0,3.0,0.0,27.16,19.89,86.3,8.0,Jimmy Connors; Bjorn Borg; Arthur Ashe; Guillermo Vilas; Manuel Orantes; Ilie Nastase; Raul Ramirez; Adriano Panatta; Roscoe Tanner; Ken Rosewall
1976-05-10,12.1,7.5,7.9,3.0,3.0,1.0,27.27,19.93,86.2,8.0,Jimmy Connors; Arthur Ashe; Bjorn Borg; Guillermo Vilas; Manuel Orantes; Ilie Nastase; Raul Ramirez; Adriano Panatta; Eddie Dibbs; Ken Rosewall
1976-05-16,12.1,7.5,7.9,3.0,3.0,0.0,27.29,19.94,87.1,8.0,Jimmy Connors; Arthur Ashe; Bjorn Borg; Guillermo Vilas; Manuel Orantes; Ilie Nastase; Raul Ramirez; Ken Rosewall; Adriano Panatta; Eddie Dibbs
1976-05-31,12.9,6.5,8.1,3.0,3.0,0.0,27.33,19.98,89.2,8.0,Jimmy Connors; Bjorn Borg; Guillermo Vilas; Arthur Ashe; Manuel Orantes; Adriano Panatta; Ilie Nastase; Eddie Dibbs; Ken Rosewall; Raul Ramirez
1976-06-14,12.9,6.5,8.9,3.0,3.0,0.0,27.37,20.02,91.2,8.0,Jimmy Connors; Arthur Ashe; Guillermo Vilas; Bjorn Borg; Manuel Orantes; Adriano Panatta; Ilie Nastase; Eddie Dibbs; Ken Rosewall; Raul Ramirez
1976-06-21,12.9,6.5,8.7,3.0,3.0,0.0,27.38,20.04,92.2,8.0,Jimmy Connors; Guillermo Vilas; Arthur Ashe; Bjorn Borg; Manuel Orantes; Adriano Panatta; Ilie Nastase; Eddie Dibbs; Ken Rosewall; Raul Ramirez
1976-07-06,10.4,7.5,8.6,3.0,3.0,0.0,27.43,20.08,94.4,8.0,Jimmy Connors; Bjorn Borg; Guillermo Vilas; Manuel Orantes; Ilie Nastase; Arthur Ashe; Adriano Panatta; Eddie Dibbs; Raul Ramirez; Ken Rosewall
1976-07-12,10.4,7.5,8.6,3.0,3.0,0.0,27.44,20.1,95.2,8.0,Jimmy Connors; Bjorn Borg; Guillermo Vilas; Manuel Orantes; Ilie Nastase; Arthur Ashe; Adriano Panatta; Raul Ramirez; Eddie Dibbs; Ken Rosewall
1976-07-26,10.2,7.0,9.0,3.0,4.0,0.0,27.48,20.14,97.2,8.0,Jimmy Connors; Bjorn Borg; Guillermo Vilas; Manuel Orantes; Ilie Nastase; Adriano Panatta; Arthur Ashe; Raul Ramirez; Eddie Dibbs; Ken Rosewall
1976-08-10,10.9,8.5,8.1,4.0,3.0,1.0,25.73,20.18,85.2,7.0,Jimmy Connors; Bjorn Borg; Guillermo Vilas; Manuel Orantes; Adriano Panatta; Ilie Nastase; Raul Ramirez; Arthur Ashe; Eddie Dibbs; Harold Solomon
1976-08-24,10.7,7.5,8.5,4.0,3.0,0.0,25.77,20.22,87.2,7.0,Jimmy Connors; Bjorn Borg; Guillermo Vilas; Adriano Panatta; Ilie Nastase; Manuel Orantes; Arthur Ashe; Raul Ramirez; Eddie Dibbs; Harold Solomon
1976-08-30,10.7,7.5,8.5,4.0,3.0,0.0,25.79,20.23,88.0,7.0,Jimmy Connors; Bjorn Borg; Guillermo Vilas; Adriano Panatta; Ilie Nastase; Raul Ramirez; Manuel Orantes; Eddie Dibbs; Arthur Ashe; Harold Solomon
1976-09-13,10.7,7.5,9.3,4.0,3.0,0.0,25.83,20.27,90.0,7.0,Jimmy Connors; Bjorn Borg; Guillermo Vilas; Ilie Nastase; Adriano Panatta; Raul Ramirez; Eddie Dibbs; Arthur Ashe; Manuel Orantes; Harold Solomon
1976-09-27,9.9,5.5,10.5,4.0,3.0,0.0,25.87,20.31,92.0,7.0,Jimmy Connors; Bjorn Borg; Guillermo Vilas; Ilie Nastase; Adriano Panatta; Raul Ramirez; Eddie Dibbs; Arthur Ashe; Manuel Orantes; Harold Solomon
1976-10-11,9.9,5.5,13.8,4.0,3.0,0.0,25.9,20.35,94.0,7.0,Jimmy Connors; Bjorn Borg; Guillermo Vilas; Ilie Nastase; Adriano Panatta; Raul Ramirez; Manuel Orantes; Eddie Dibbs; Harold Solomon; Arthur Ashe
1976-10-25,9.4,6.0,14.4,4.0,3.0,0.0,25.94,20.39,96.0,7.0,Jimmy Connors; Bjorn Borg; Ilie Nastase; Manuel Orantes; Guillermo Vilas; Raul Ramirez; Eddie Dibbs; Adriano Panatta; Harold Solomon; Arthur Ashe
1976-11-07,10.3,9.5,8.5,5.0,3.0,1.0,25.15,20.42,83.4,7.0,Jimmy Connors; Bjorn Borg; Ilie Nastase; Raul Ramirez; Manuel Orantes; Guillermo Vilas; Adriano Panatta; Eddie Dibbs; Harold Solomon; Roscoe Tanner
1976-11-22,9.4,8.5,8.5,4.0,3.0,0.0,25.19,20.46,85.5,7.0,Jimmy Connors; Bjorn Borg; Ilie Nastase; Manuel Orantes; Raul Ramirez; Guillermo Vilas; Adriano Panatta; Eddie Dibbs; Harold Solomon; Roscoe Tanner
1976-12-12,11.0,10.0,7.8,5.0,2.0,1.0,25.22,20.52,85.6,7.0,Jimmy Connors; Bjorn Borg; Ilie Nastase; Manuel Orantes; Raul Ramirez; Guillermo Vilas; Adriano Panatta; Harold Solomon; Eddie Dibbs; Brian Gottfried
1977-01-03,8.9,8.0,8.8,4.0,3.0,1.0,25.31,20.58,91.2,7.0,Jimmy Connors; Bjorn Borg; Ilie Nastase; Manuel Orantes; Raul Ramirez; Guillermo Vilas; Adriano Panatta; Eddie Dibbs; Harold Solomon; Roscoe Tanner
1977-01-16,8.9,8.0,8.8,4.0,3.0,0.0,25.34,20.61,93.1,7.0,Jimmy Connors; Bjorn Borg; Ilie Nastase; Guillermo Vilas; Manuel Orantes; Raul Ramirez; Adriano Panatta; Eddie Dibbs; Roscoe Tanner; Harold Solomon
1977-01-31,8.9,8.0,10.0,4.0,3.0,0.0,25.38,20.65,95.2,7.0,Jimmy Connors; Bjorn Borg; Guillermo Vilas; Ilie Nastase; Raul Ramirez; Manuel Orantes; Roscoe Tanner; Eddie Dibbs; Adriano Panatta; Harold Solomon
1977-02-15,9.6,9.0,7.4,5.0,3.0,1.0,25.27,20.7,92.6,6.0,Jimmy Connors; Bjorn Borg; Ilie Nastase; Raul Ramirez; Guillermo Vilas; Manuel Orantes; Roscoe Tanner; Eddie Dibbs; Harold Solomon; Brian Gottfried
1977-02-28,9.6,9.0,7.2,5.0,2.0,0.0,25.31,20.73,94.5,6.0,Jimmy Connors; Bjorn Borg; Guillermo Vilas; Raul Ramirez; Ilie Nastase; Manuel Orantes; Brian Gottfried; Roscoe Tanner; Eddie Dibbs; Harold Solomon
1977-03-14,9.6,9.0,7.1,5.0,3.0,0.0,25.34,20.77,96.5,6.0,Jimmy Connors; Bjorn Borg; Guillermo Vilas; Raul Ramirez; Ilie Nastase; Manuel Orantes; Brian Gottfried; Roscoe Tanner; Eddie Dibbs; Harold Solomon
1977-04-04,8.3,7.0,7.0,3.0,2.0,0.0,25.4,20.83,99.5,6.0,Jimmy Connors; Bjorn Borg; Guillermo Vilas; Ilie Nastase; Brian Gottfried; Raul Ramirez; Manuel Orantes; Eddie Dibbs; Roscoe Tanner; Harold Solomon
1977-04-25,7.7,6.5,9.0,2.0,2.0,1.0,25.68,20.88,103.9,7.0,Jimmy Connors; Bjorn Borg; Guillermo Vilas; Ilie Nastase; Brian Gottfried; Raul Ramirez; Manuel Orantes; Eddie Dibbs; Roscoe Tanner; Adriano Panatta
1977-05-02,8.2,6.5,6.8,3.0,3.0,1.0,25.48,20.9,103.4,6.0,Jimmy Connors; Bjorn Borg; Guillermo Vilas; Ilie Nastase; Brian Gottfried; Raul Ramirez; Manuel Orantes; Eddie Dibbs; Roscoe Tanner; Harold Solomon
1977-05-16,7.8,6.5,6.8,3.0,3.0,0.0,25.52,20.94,105.4,6.0,Jimmy Connors; Bjorn Borg; Guillermo Vilas; Ilie Nastase; Raul Ramirez; Brian Gottfried; Manuel Orantes; Eddie Dibbs; Roscoe Tanner; Harold Solomon
1977-05-23,7.8,6.5,6.8,3.0,3.0,0.0,25.54,20.96,106.4,6.0,Jimmy Connors; Bjorn Borg; Guillermo Vilas; Ilie Nastase; Brian Gottfried; Raul Ramirez; Manuel Orantes; Eddie Dibbs; Roscoe Tanner; Harold Solomon
1977-06-05,8.6,7.5,6.0,3.0,2.0,1.0,25.39,21.0,104.1,6.0,Jimmy Connors; Bjorn Borg; Guillermo Vilas; Brian Gottfried; Raul Ramirez; Ilie Nastase; Manuel Orantes; Roscoe Tanner; Vitas Gerulaitis; Eddie Dibbs
1977-06-12,8.6,7.5,6.0,3.0,2.0,0.0,25.4,21.02,105.1,6.0,Jimmy Connors; Bjorn Borg; Guillermo Vilas; Brian Gottfried; Ilie Nastase; Raul Ramirez; Manuel Orantes; Roscoe Tanner; Vitas Gerulaitis; Eddie Dibbs
1977-06-19,9.0,7.5,6.0,3.0,2.0,0.0,25.42,21.03,106.1,6.0,Jimmy Connors; Bjorn Borg; Brian Gottfried; Guillermo Vilas; Raul Ramirez; Ilie Nastase; Manuel Orantes; Roscoe Tanner; Vitas Gerulaitis; Eddie Dibbs
1977-07-02,8.7,7.5,6.2,3.0,2.0,0.0,25.46,21.07,107.9,6.0,Jimmy Connors; Bjorn Borg; Brian Gottfried; Guillermo Vilas; Raul Ramirez; Manuel Orantes; Ilie Nastase; Vitas Gerulaitis; Roscoe Tanner; Eddie Dibbs
1977-07-11,7.5,6.5,6.2,3.0,2.0,0.0,25.48,21.1,109.2,6.0,Jimmy Connors; Bjorn Borg; Brian Gottfried; Guillermo Vilas; Raul Ramirez; Manuel Orantes; Ilie Nastase; Vitas Gerulaitis; Roscoe Tanner; Eddie Dibbs
1977-07-25,9.6,6.5,7.4,4.0,3.0,2.0,25.29,21.13,103.4,7.0,Jimmy Connors; Bjorn Borg; Brian Gottfried; Guillermo Vilas; Raul Ramirez; Manuel Orantes; Ilie Nastase; Vitas Gerulaitis; Harold Solomon; Wojtek Fibak
1977-08-09,8.0,6.5,6.7,3.0,2.0,2.0,25.63,21.17,107.2,6.0,Jimmy Connors; Bjorn Borg; Brian Gottfried; Guillermo Vilas; Manuel Orantes; Raul Ramirez; Ilie Nastase; Vitas Gerulaitis; Eddie Dibbs; Dick Stockton
1977-08-23,8.6,7.0,7.3,3.0,2.0,0.0,25.67,21.21,109.2,6.0,Bjorn Borg; Jimmy Connors; Brian Gottfried; Guillermo Vilas; Manuel Orantes; Raul Ramirez; Ilie Nastase; Vitas Gerulaitis; Eddie Dibbs; Dick Stockton
1977-08-30,8.4,6.5,7.6,3.0,2.0,0.0,25.69,21.23,110.2,6.0,Jimmy Connors; Bjorn Borg; Brian Gottfried; Guillermo Vilas; Manuel Orantes; Vitas Gerulaitis; Raul Ramirez; Ilie Nastase; Eddie Dibbs; Dick Stockton
1977-09-12,7.9,6.5,7.4,3.0,2.0,0.0,25.72,21.27,112.1,6.0,Jimmy Connors; Bjorn Borg; Brian Gottfried; Guillermo Vilas; Manuel Orantes; Vitas Gerulaitis; Raul Ramirez; Eddie Dibbs; Ilie Nastase; Dick Stockton
1977-09-26,8.5,8.0,7.1,3.0,2.0,1.0,25.14,21.31,97.1,5.0,Jimmy Connors; Guillermo Vilas; Bjorn Borg; Brian Gottfried; Manuel Orantes; Raul Ramirez; Vitas Gerulaitis; Eddie Dibbs; Harold Solomon; Dick Stockton
1977-10-03,7.3,6.5,7.1,2.0,2.0,1.0,25.62,21.33,118.7,6.0,Jimmy Connors; Bjorn Borg; Guillermo Vilas; Brian Gottfried; Manuel Orantes; Vitas Gerulaitis; Raul Ramirez; Eddie Dibbs; Ilie Nastase; Harold Solomon
1977-10-10,7.7,6.5,7.6,3.0,2.0,1.0,25.8,21.34,115.9,6.0,Jimmy Connors; Guillermo Vilas; Bjorn Borg; Brian Gottfried; Manuel Orantes; Vitas Gerulaitis; Raul Ramirez; Eddie Dibbs; Ilie Nastase; Dick Stockton
1977-10-17,7.7,6.5,7.2,3.0,2.0,0.0,25.82,21.36,116.9,6.0,Jimmy Connors; Guillermo Vilas; Bjorn Borg; Brian Gottfried; Vitas Gerulaitis; Manuel Orantes; Raul Ramirez; Eddie Dibbs; Ilie Nastase; Dick Stockton
1977-10-24,7.4,5.5,7.4,3.0,3.0,0.0,25.84,21.38,117.9,6.0,Jimmy Connors; Bjorn Borg; Guillermo Vilas; Brian Gottfried; Vitas Gerulaitis; Manuel Orantes; Raul Ramirez; Eddie Dibbs; Ilie Nastase; Dick Stockton
1977-10-31,7.4,5.5,7.5,3.0,3.0,0.0,25.86,21.4,118.9,6.0,Jimmy Connors; Guillermo Vilas; Bjorn Borg; Brian Gottfried; Vitas Gerulaitis; Manuel Orantes; Raul Ramirez; Dick Stockton; Eddie Dibbs; Ilie Nastase
1977-11-07,7.6,5.5,7.6,3.0,3.0,0.0,25.88,21.42,119.9,6.0,Jimmy Connors; Guillermo Vilas; Bjorn Borg; Brian Gottfried; Vitas Gerulaitis; Manuel Orantes; Raul Ramirez; Eddie Dibbs; Ilie Nastase; Dick Stockton
1977-11-14,7.6,5.5,7.5,3.0,3.0,0.0,25.89,21.44,120.9,6.0,Jimmy Connors; Guillermo Vilas; Bjorn Borg; Brian Gottfried; Vitas Gerulaitis; Manuel Orantes; Eddie Dibbs; Raul Ramirez; Ilie Nastase; Dick Stockton
1977-12-05,7.3,5.5,7.8,3.0,3.0,0.0,25.95,21.5,123.9,6.0,Jimmy Connors; Bjorn Borg; Guillermo Vilas; Brian Gottfried; Vitas Gerulaitis; Manuel Orantes; Eddie Dibbs; Raul Ramirez; Ilie Nastase; Dick Stockton
1977-12-12,7.3,5.5,7.8,2.0,3.0,0.0,25.97,21.52,124.9,6.0,Jimmy Connors; Bjorn Borg; Guillermo Vilas; Brian Gottfried; Vitas Gerulaitis; Manuel Orantes; Eddie Dibbs; Raul Ramirez; Ilie Nastase; Dick Stockton
1977-12-19,7.3,5.5,7.8,2.0,3.0,0.0,25.99,21.54,125.9,6.0,Jimmy Connors; Guillermo Vilas; Bjorn Borg; Brian Gottfried; Vitas Gerulaitis; Manuel Orantes; Eddie Dibbs; Raul Ramirez; Ilie Nastase; Dick Stockton
1977-12-31,7.3,5.5,7.6,2.0,3.0,0.0,26.02,21.57,127.6,6.0,Jimmy Connors; Guillermo Vilas; Bjorn Borg; Vitas Gerulaitis; Brian Gottfried; Eddie Dibbs; Manuel Orantes; Raul Ramirez; Ilie Nastase; Dick Stockton
1978-01-16,7.3,5.5,7.9,3.0,3.0,0.0,26.07,21.61,129.9,6.0,Jimmy Connors; Guillermo Vilas; Bjorn Borg; Vitas Gerulaitis; Brian Gottfried; Eddie Dibbs; Manuel Orantes; Dick Stockton; Raul Ramirez; Ilie Nastase
1978-01-23,7.3,5.5,8.1,3.0,3.0,0.0,26.09,21.63,130.9,6.0,Jimmy Connors; Guillermo Vilas; Bjorn Borg; Vitas Gerulaitis; Brian Gottfried; Eddie Dibbs; Manuel Orantes; Dick Stockton; Raul Ramirez; Ilie Nastase
1978-02-06,7.3,5.5,8.1,3.0,3.0,0.0,26.12,21.67,132.9,6.0,Jimmy Connors; Bjorn Borg; Guillermo Vilas; Vitas Gerulaitis; Brian Gottfried; Eddie Dibbs; Manuel Orantes; Raul Ramirez; Dick Stockton; Ilie Nastase
1978-02-13,13.7,7.0,8.5,4.0,3.0,1.0,25.57,21.69,110.6,5.0,Jimmy Connors; Bjorn Borg; Guillermo Vilas; Vitas Gerulaitis; Brian Gottfried; Eddie Dibbs; Manuel Orantes; Raul Ramirez; Sandy Mayer; Dick Stockton
1978-02-20,12.7,7.0,8.0,3.0,4.0,1.0,25.39,21.71,109.0,6.0,Jimmy Connors; Bjorn Borg; Guillermo Vilas; Vitas Gerulaitis; Brian Gottfried; Eddie Dibbs; Manuel Orantes; Raul Ramirez; Sandy Mayer; Corrado Barazzutti
1978-02-27,10.2,6.5,8.1,2.0,3.0,1.0,25.54,21.73,115.5,5.0,Jimmy Connors; Bjorn Borg; Vitas Gerulaitis; Guillermo Vilas; Brian Gottfried; Eddie Dibbs; Manuel Orantes; Raul Ramirez; Sandy Mayer; Roscoe Tanner
1978-03-06,11.8,6.5,8.1,3.0,4.0,1.0,25.43,21.75,110.9,6.0,Jimmy Connors; Guillermo Vilas; Vitas Gerulaitis; Bjorn Borg; Brian Gottfried; Eddie Dibbs; Manuel Orantes; Raul Ramirez; Sandy Mayer; Corrado Barazzutti
1978-03-20,8.4,6.5,8.2,2.0,3.0,1.0,25.6,21.79,118.3,5.0,Jimmy Connors; Guillermo Vilas; Bjorn Borg; Vitas Gerulaitis; Brian Gottfried; Eddie Dibbs; Manuel Orantes; Raul Ramirez; Sandy Mayer; Roscoe Tanner
1978-04-10,8.5,6.5,8.8,2.0,3.0,0.0,25.66,21.84,121.3,5.0,Jimmy Connors; Guillermo Vilas; Bjorn Borg; Vitas Gerulaitis; Brian Gottfried; Eddie Dibbs; Manuel Orantes; Raul Ramirez; Sandy Mayer; Roscoe Tanner
1978-04-17,9.8,6.5,9.9,3.0,4.0,1.0,25.54,21.86,116.5,6.0,Jimmy Connors; Bjorn Borg; Guillermo Vilas; Vitas Gerulaitis; Brian Gottfried; Eddie Dibbs; Raul Ramirez; Manuel Orantes; Sandy Mayer; Corrado Barazzutti
1978-04-24,8.1,6.5,8.6,2.0,3.0,1.0,25.7,21.88,123.2,5.0,Jimmy Connors; Bjorn Borg; Guillermo Vilas; Vitas Gerulaitis; Brian Gottfried; Raul Ramirez; Eddie Dibbs; Manuel Orantes; Sandy Mayer; Roscoe Tanner
1978-05-01,9.0,6.5,10.4,3.0,4.0,1.0,25.58,21.9,118.4,6.0,Jimmy Connors; Bjorn Borg; Guillermo Vilas; Vitas Gerulaitis; Brian Gottfried; Eddie Dibbs; Manuel Orantes; Raul Ramirez; Corrado Barazzutti; Sandy Mayer
1978-05-08,9.0,6.5,10.4,3.0,4.0,0.0,25.6,21.92,119.4,6.0,Jimmy Connors; Bjorn Borg; Guillermo Vilas; Vitas Gerulaitis; Brian Gottfried; Eddie Dibbs; Manuel Orantes; Raul Ramirez; Corrado Barazzutti; Sandy Mayer
1978-05-22,9.0,6.5,10.6,3.0,5.0,0.0,25.64,21.96,121.4,6.0,Jimmy Connors; Guillermo Vilas; Bjorn Borg; Vitas Gerulaitis; Brian Gottfried; Eddie Dibbs; Raul Ramirez; Manuel Orantes; Corrado Barazzutti; Sandy Mayer
1978-05-29,9.0,6.5,10.0,3.0,5.0,0.0,25.66,21.98,122.4,6.0,Jimmy Connors; Guillermo Vilas; Bjorn Borg; Vitas Gerulaitis; Brian Gottfried; Eddie Dibbs; Manuel Orantes; Raul Ramirez; Sandy Mayer; Corrado Barazzutti
1978-06-12,9.1,6.5,10.6,2.0,5.0,0.0,25.7,22.02,124.4,6.0,Jimmy Connors; Bjorn Borg; Guillermo Vilas; Vitas Gerulaitis; Brian Gottfried; Eddie Dibbs; Raul Ramirez; Manuel Orantes; Corrado Barazzutti; Sandy Mayer
1978-06-19,8.9,6.0,11.0,2.0,5.0,0.0,25.72,22.03,125.4,6.0,Jimmy Connors; Guillermo Vilas; Bjorn Borg; Vitas Gerulaitis; Brian Gottfried; Eddie Dibbs; Raul Ramirez; Manuel Orantes; Corrado Barazzutti; Sandy Mayer
1978-06-26,8.9,6.0,11.3,2.0,5.0,0.0,25.74,22.05,126.4,6.0,Jimmy Connors; Guillermo Vilas; Bjorn Borg; Vitas Gerulaitis; Brian Gottfried; Eddie Dibbs; Manuel Orantes; Corrado Barazzutti; Raul Ramirez; Sandy Mayer
1978-07-12,8.2,5.5,12.5,2.0,5.0,0.0,25.78,22.1,128.6,6.0,Jimmy Connors; Guillermo Vilas; Bjorn Borg; Vitas Gerulaitis; Brian Gottfried; Eddie Dibbs; Raul Ramirez; Manuel Orantes; Corrado Barazzutti; Sandy Mayer
1978-07-17,8.2,5.5,13.8,2.0,5.0,0.0,25.79,22.11,129.4,6.0,Jimmy Connors; Guillermo Vilas; Bjorn Borg; Vitas Gerulaitis; Brian Gottfried; Eddie Dibbs; Raul Ramirez; Manuel Orantes; Sandy Mayer; Corrado Barazzutti
1978-07-24,7.3,5.5,12.4,3.0,4.0,1.0,25.86,22.13,134.3,6.0,Jimmy Connors; Guillermo Vilas; Bjorn Borg; Vitas Gerulaitis; Eddie Dibbs; Brian Gottfried; Manuel Orantes; Raul Ramirez; Corrado Barazzutti; Roscoe Tanner
1978-07-31,8.3,5.5,15.0,3.0,5.0,1.0,25.83,22.15,131.3,6.0,Jimmy Connors; Bjorn Borg; Guillermo Vilas; Vitas Gerulaitis; Eddie Dibbs; Brian Gottfried; Manuel Orantes; Raul Ramirez; Corrado Barazzutti; Sandy Mayer
1978-08-07,8.3,5.5,15.2,3.0,5.0,0.0,25.85,22.17,132.3,6.0,Jimmy Connors; Bjorn Borg; Guillermo Vilas; Vitas Gerulaitis; Eddie Dibbs; Brian Gottfried; Raul Ramirez; Manuel Orantes; Corrado Barazzutti; Sandy Mayer
1978-08-14,6.9,5.5,12.7,2.0,4.0,1.0,25.92,22.19,137.1,6.0,Jimmy Connors; Bjorn Borg; Guillermo Vilas; Vitas Gerulaitis; Eddie Dibbs; Brian Gottfried; Raul Ramirez; Corrado Barazzutti; Manuel Orantes; Roscoe Tanner
1978-08-21,8.2,5.5,15.5,2.0,6.0,1.0,25.89,22.21,134.2,6.0,Jimmy Connors; Bjorn Borg; Guillermo Vilas; Vitas Gerulaitis; Eddie Dibbs; Brian Gottfried; Corrado Barazzutti; Raul Ramirez; Manuel Orantes; Sandy Mayer
1978-08-28,7.3,5.5,14.5,2.0,5.0,1.0,25.86,22.23,137.1,6.0,Jimmy Connors; Bjorn Borg; Guillermo Vilas; Vitas Gerulaitis; Eddie Dibbs; Brian Gottfried; Corrado Barazzutti; Raul Ramirez; Manuel Orantes; Harold Solomon
1978-09-11,6.3,5.5,14.6,2.0,5.0,1.0,25.99,22.26,140.8,6.0,Jimmy Connors; Bjorn Borg; Guillermo Vilas; Vitas Gerulaitis; Eddie Dibbs; Brian Gottfried; Raul Ramirez; Corrado Barazzutti; Manuel Orantes; Roscoe Tanner
1978-09-25,6.3,5.5,14.4,2.0,5.0,0.0,26.03,22.3,142.8,6.0,Jimmy Connors; Bjorn Borg; Guillermo Vilas; Vitas Gerulaitis; Eddie Dibbs; Brian Gottfried; Corrado Barazzutti; Raul Ramirez; Roscoe Tanner; Manuel Orantes
1978-10-02,7.1,5.5,14.7,2.0,5.0,1.0,25.32,19.62,137.1,6.0,Jimmy Connors; Bjorn Borg; Guillermo Vilas; Vitas Gerulaitis; Eddie Dibbs; John McEnroe; Brian Gottfried; Corrado Barazzutti; Raul Ramirez; Manuel Orantes
1978-10-09,7.1,5.5,15.4,2.0,5.0,0.0,25.34,19.64,138.1,6.0,Jimmy Connors; Bjorn Borg; Guillermo Vilas; Vitas Gerulaitis; Eddie Dibbs; John McEnroe; Brian Gottfried; Corrado Barazzutti; Raul Ramirez; Manuel Orantes
1978-10-16,7.1,5.5,13.5,2.0,4.0,0.0,25.36,19.66,139.1,6.0,Jimmy Connors; Bjorn Borg; Guillermo Vilas; Vitas Gerulaitis; Eddie Dibbs; John McEnroe; Brian Gottfried; Raul Ramirez; Corrado Barazzutti; Manuel Orantes
1978-10-23,8.1,6.0,12.2,3.0,3.0,1.0,25.01,19.68,122.1,5.0,Jimmy Connors; Bjorn Borg; Guillermo Vilas; Vitas Gerulaitis; Eddie Dibbs; John McEnroe; Brian Gottfried; Corrado Barazzutti; Raul Ramirez; Harold Solomon
1978-10-30,8.2,6.0,12.4,3.0,4.0,0.0,25.03,19.7,123.1,5.0,Jimmy Connors; Bjorn Borg; Guillermo Vilas; Vitas Gerulaitis; Eddie Dibbs; John McEnroe; Brian Gottfried; Corrado Barazzutti; Raul Ramirez; Harold Solomon
1978-11-06,9.5,6.0,14.7,3.0,5.0,1.0,25.1,19.72,121.8,5.0,Jimmy Connors; Bjorn Borg; Guillermo Vilas; Vitas Gerulaitis; Eddie Dibbs; John McEnroe; Brian Gottfried; Raul Ramirez; Corrado Barazzutti; Sandy Mayer
1978-11-13,8.3,6.0,11.1,3.0,4.0,1.0,25.16,19.74,126.8,5.0,Jimmy Connors; Bjorn Borg; Guillermo Vilas; Vitas Gerulaitis; Eddie Dibbs; John McEnroe; Brian Gottfried; Raul Ramirez; Roscoe Tanner; Corrado Barazzutti
1978-11-20,7.9,6.0,11.7,3.0,3.0,1.0,25.09,19.76,125.9,5.0,Jimmy Connors; Bjorn Borg; Guillermo Vilas; Vitas Gerulaitis; John McEnroe; Eddie Dibbs; Brian Gottfried; Raul Ramirez; Corrado Barazzutti; Harold Solomon
1978-12-04,7.4,6.0,12.2,3.0,3.0,0.0,25.13,19.8,127.9,5.0,Jimmy Connors; Bjorn Borg; Guillermo Vilas; Vitas Gerulaitis; John McEnroe; Eddie Dibbs; Brian Gottfried; Raul Ramirez; Harold Solomon; Corrado Barazzutti
1978-12-28,7.7,6.0,12.3,3.0,3.0,0.0,25.19,19.86,131.4,5.0,Jimmy Connors; Bjorn Borg; Guillermo Vilas; Vitas Gerulaitis; John McEnroe; Eddie Dibbs; Brian Gottfried; Raul Ramirez; Harold Solomon; Corrado Barazzutti
1979-01-03,7.5,5.5,12.3,3.0,3.0,0.0,25.21,19.88,132.2,5.0,Jimmy Connors; Bjorn Borg; Guillermo Vilas; John McEnroe; Vitas Gerulaitis; Eddie Dibbs; Brian Gottfried; Raul Ramirez; Harold Solomon; Corrado Barazzutti
1979-01-08,7.5,5.5,12.4,3.0,3.0,0.0,25.22,19.89,132.9,5.0,Jimmy Connors; Bjorn Borg; Guillermo Vilas; John McEnroe; Vitas Gerulaitis; Eddie Dibbs; Brian Gottfried; Raul Ramirez; Harold Solomon; Corrado Barazzutti
1979-01-22,7.2,5.5,12.3,3.0,3.0,0.0,25.26,19.93,134.9,5.0,Jimmy Connors; Bjorn Borg; Guillermo Vilas; John McEnroe; Eddie Dibbs; Vitas Gerulaitis; Harold Solomon; Brian Gottfried; Raul Ramirez; Corrado Barazzutti
1979-02-05,6.33,5.0,10.3,3.0,3.0,1.0,26.26,19.97,149.3,4.0,Jimmy Connors; Bjorn Borg; Guillermo Vilas; John McEnroe; Vitas Gerulaitis; Eddie Dibbs; Harold Solomon; Brian Gottfried; Raul Ramirez; Arthur Ashe
1979-02-19,15.8,5.5,7.8,4.0,2.0,1.0,26.47,20.01,143.0,3.0,Jimmy Connors; Bjorn Borg; Guillermo Vilas; Vitas Gerulaitis; John McEnroe; Eddie Dibbs; Harold Solomon; Brian Gottfried; Arthur Ashe; Roscoe Tanner
1979-02-26,11.8,5.5,8.1,3.0,2.0,0.0,26.49,20.03,144.0,3.0,Jimmy Connors; Bjorn Borg; Guillermo Vilas; Vitas Gerulaitis; John McEnroe; Harold Solomon; Eddie Dibbs; Brian Gottfried; Arthur Ashe; Roscoe Tanner
1979-03-05,12.0,5.5,9.8,4.0,2.0,0.0,26.51,20.05,145.0,3.0,Jimmy Connors; Bjorn Borg; Guillermo Vilas; Vitas Gerulaitis; John McEnroe; Harold Solomon; Eddie Dibbs; Brian Gottfried; Arthur Ashe; Roscoe Tanner
1979-03-19,11.9,5.5,17.0,3.0,3.0,0.0,26.55,20.08,147.0,3.0,Jimmy Connors; Bjorn Borg; Guillermo Vilas; Vitas Gerulaitis; John McEnroe; Harold Solomon; Eddie Dibbs; Arthur Ashe; Roscoe Tanner; Brian Gottfried
1979-04-02,11.9,5.5,16.2,3.0,3.0,0.0,26.58,20.12,149.0,3.0,Jimmy Connors; Bjorn Borg; John McEnroe; Guillermo Vilas; Vitas Gerulaitis; Harold Solomon; Roscoe Tanner; Arthur Ashe; Eddie Dibbs; Brian Gottfried
1979-04-09,9.4,5.5,16.1,3.0,2.0,0.0,26.6,20.14,150.0,3.0,Bjorn Borg; Jimmy Connors; John McEnroe; Guillermo Vilas; Vitas Gerulaitis; Harold Solomon; Roscoe Tanner; Arthur Ashe; Eddie Dibbs; Brian Gottfried
1979-04-16,9.5,5.5,16.5,4.0,3.0,0.0,26.62,20.16,151.0,3.0,Bjorn Borg; Jimmy Connors; John McEnroe; Guillermo Vilas; Vitas Gerulaitis; Harold Solomon; Roscoe Tanner; Arthur Ashe; Eddie Dibbs; Brian Gottfried
1979-04-23,8.5,6.0,15.8,3.0,3.0,0.0,26.64,20.18,152.0,3.0,Bjorn Borg; Jimmy Connors; John McEnroe; Guillermo Vilas; Vitas Gerulaitis; Roscoe Tanner; Harold Solomon; Arthur Ashe; Eddie Dibbs; Brian Gottfried
1979-04-30,8.4,5.5,16.0,4.0,2.0,0.0,26.66,20.2,153.0,3.0,Bjorn Borg; Jimmy Connors; John McEnroe; Guillermo Vilas; Vitas Gerulaitis; Roscoe Tanner; Arthur Ashe; Eddie Dibbs; Harold Solomon; Brian Gottfried
1979-05-14,8.4,5.5,16.6,4.0,2.0,0.0,26.7,20.24,155.0,3.0,Bjorn Borg; Jimmy Connors; John McEnroe; Guillermo Vilas; Vitas Gerulaitis; Roscoe Tanner; Arthur Ashe; Eddie Dibbs; Harold Solomon; Brian Gottfried
1979-05-21,10.3,8.5,5.78,5.0,2.0,1.0,26.61,20.26,143.9,4.0,Jimmy Connors; Bjorn Borg; John McEnroe; Guillermo Vilas; Vitas Gerulaitis; Roscoe Tanner; Harold Solomon; Eddie Dibbs; Jose Higueras; Arthur Ashe
1979-05-28,9.9,8.5,5.67,5.0,2.0,0.0,26.63,20.28,144.9,4.0,Jimmy Connors; Bjorn Borg; John McEnroe; Vitas Gerulaitis; Guillermo Vilas; Roscoe Tanner; Eddie Dibbs; Harold Solomon; Arthur Ashe; Jose Higueras
1979-06-11,9.6,8.5,5.56,5.0,2.0,0.0,26.67,20.31,146.9,4.0,Jimmy Connors; Bjorn Borg; Vitas Gerulaitis; John McEnroe; Guillermo Vilas; Roscoe Tanner; Eddie Dibbs; Harold Solomon; Jose Higueras; Arthur Ashe
1979-06-18,9.7,8.5,5.67,5.0,2.0,0.0,26.69,20.33,147.9,4.0,Jimmy Connors; Bjorn Borg; John McEnroe; Vitas Gerulaitis; Guillermo Vilas; Roscoe Tanner; Eddie Dibbs; Arthur Ashe; Harold Solomon; Jose Higueras
1979-06-25,9.5,8.5,5.67,5.0,2.0,0.0,26.7,20.35,148.9,4.0,Jimmy Connors; Bjorn Borg; John McEnroe; Vitas Gerulaitis; Guillermo Vilas; Roscoe Tanner; Eddie Dibbs; Arthur Ashe; Harold Solomon; Jose Higueras
1979-07-09,9.5,8.5,6.0,5.0,3.0,0.0,26.74,20.39,150.9,4.0,Bjorn Borg; Jimmy Connors; John McEnroe; Vitas Gerulaitis; Roscoe Tanner; Guillermo Vilas; Eddie Dibbs; Arthur Ashe; Harold Solomon; Jose Higueras
1979-07-16,9.7,8.5,6.11,5.0,3.0,0.0,26.76,20.41,151.9,4.0,Bjorn Borg; Jimmy Connors; John McEnroe; Vitas Gerulaitis; Roscoe Tanner; Guillermo Vilas; Arthur Ashe; Harold Solomon; Eddie Dibbs; Jose Higueras
1979-07-23,8.8,7.5,5.78,4.0,3.0,0.0,26.78,20.43,152.9,4.0,Bjorn Borg; Jimmy Connors; John McEnroe; Vitas Gerulaitis; Roscoe Tanner; Guillermo Vilas; Arthur Ashe; Harold Solomon; Eddie Dibbs; Jose Higueras
1979-07-30,9.3,8.0,6.11,5.0,3.0,0.0,26.8,20.45,153.9,4.0,Bjorn Borg; Jimmy Connors; John McEnroe; Roscoe Tanner; Vitas Gerulaitis; Guillermo Vilas; Arthur Ashe; Eddie Dibbs; Jose Higueras; Harold Solomon
1979-08-06,9.4,8.0,7.11,5.0,3.0,0.0,26.82,20.47,154.9,4.0,Bjorn Borg; Jimmy Connors; John McEnroe; Roscoe Tanner; Vitas Gerulaitis; Guillermo Vilas; Arthur Ashe; Harold Solomon; Jose Higueras; Eddie Dibbs
1979-08-13,8.7,7.5,6.78,4.0,3.0,0.0,26.84,20.49,155.9,4.0,Bjorn Borg; Jimmy Connors; John McEnroe; Guillermo Vilas; Roscoe Tanner; Vitas Gerulaitis; Arthur Ashe; Harold Solomon; Jose Higueras; Eddie Dibbs
1979-08-20,14.7,11.5,9.0,6.0,4.0,1.0,26.39,20.51,140.0,5.0,Bjorn Borg; Jimmy Connors; John McEnroe; Vitas Gerulaitis; Roscoe Tanner; Guillermo Vilas; Arthur Ashe; Jose Higueras; Harold Solomon; Victor Pecci
1979-08-27,13.5,10.5,10.11,5.0,4.0,0.0,26.41,20.53,141.0,5.0,Bjorn Borg; Jimmy Connors; John McEnroe; Roscoe Tanner; Vitas Gerulaitis; Guillermo Vilas; Jose Higueras; Arthur Ashe; Harold Solomon; Victor Pecci
1979-09-10,13.7,11.0,10.56,5.0,4.0,0.0,26.45,20.56,143.0,5.0,Bjorn Borg; Jimmy Connors; John McEnroe; Roscoe Tanner; Vitas Gerulaitis; Guillermo Vilas; Jose Higueras; Arthur Ashe; Harold Solomon; Victor Pecci
1979-09-17,13.7,11.0,10.78,5.0,4.0,0.0,26.47,20.58,144.0,5.0,Bjorn Borg; Jimmy Connors; John McEnroe; Roscoe Tanner; Vitas Gerulaitis; Guillermo Vilas; Jose Higueras; Arthur Ashe; Harold Solomon; Victor Pecci
1979-09-24,13.5,10.5,10.78,5.0,4.0,0.0,26.49,20.6,145.0,5.0,Bjorn Borg; Jimmy Connors; John McEnroe; Roscoe Tanner; Vitas Gerulaitis; Guillermo Vilas; Jose Higueras; Arthur Ashe; Harold Solomon; Victor Pecci
1979-10-01,13.1,8.5,10.89,5.0,4.0,0.0,26.51,20.62,146.0,5.0,Bjorn Borg; Jimmy Connors; John McEnroe; Vitas Gerulaitis; Roscoe Tanner; Guillermo Vilas; Jose Higueras; Arthur Ashe; Harold Solomon; Victor Pecci
1979-10-08,13.0,8.5,10.56,5.0,4.0,0.0,26.53,20.64,147.0,5.0,Bjorn Borg; Jimmy Connors; John McEnroe; Roscoe Tanner; Vitas Gerulaitis; Guillermo Vilas; Jose Higueras; Arthur Ashe; Harold Solomon; Victor Pecci
1979-10-15,7.6,5.5,8.44,4.0,4.0,1.0,27.01,20.66,164.1,4.0,Bjorn Borg; Jimmy Connors; John McEnroe; Roscoe Tanner; Vitas Gerulaitis; Guillermo Vilas; Jose Higueras; Arthur Ashe; Harold Solomon; Eddie Dibbs
1979-10-22,7.4,5.5,8.56,3.0,4.0,0.0,27.03,20.68,165.1,4.0,Bjorn Borg; Jimmy Connors; John McEnroe; Roscoe Tanner; Vitas Gerulaitis; Guillermo Vilas; Arthur Ashe; Jose Higueras; Harold Solomon; Eddie Dibbs
1979-10-29,13.5,8.0,10.11,4.0,4.0,1.0,26.59,20.7,149.8,5.0,Bjorn Borg; John McEnroe; Jimmy Connors; Roscoe Tanner; Vitas Gerulaitis; Guillermo Vilas; Arthur Ashe; Jose Higueras; Harold Solomon; Victor Pecci
1979-11-05,13.8,8.5,10.67,5.0,4.0,0.0,26.61,20.72,150.8,5.0,Bjorn Borg; Jimmy Connors; John McEnroe; Vitas Gerulaitis; Roscoe Tanner; Guillermo Vilas; Arthur Ashe; Jose Higueras; Harold Solomon; Victor Pecci
1979-11-12,14.3,7.5,10.67,4.0,4.0,0.0,26.62,20.74,151.8,5.0,Bjorn Borg; Jimmy Connors; John McEnroe; Vitas Gerulaitis; Roscoe Tanner; Guillermo Vilas; Arthur Ashe; Harold Solomon; Jose Higueras; Victor Pecci
1979-11-19,7.3,5.5,8.44,3.0,4.0,1.0,27.11,20.76,168.8,4.0,Bjorn Borg; Jimmy Connors; John McEnroe; Vitas Gerulaitis; Roscoe Tanner; Guillermo Vilas; Harold Solomon; Arthur Ashe; Jose Higueras; Eddie Dibbs
1979-11-26,7.3,5.5,9.0,3.0,4.0,0.0,27.13,20.77,169.8,4.0,Bjorn Borg; Jimmy Connors; John McEnroe; Vitas Gerulaitis; Roscoe Tanner; Guillermo Vilas; Harold Solomon; Arthur Ashe; Jose Higueras; Eddie Dibbs
1979-12-03,7.2,5.5,9.0,3.0,4.0,0.0,27.15,20.79,170.8,4.0,Bjorn Borg; Jimmy Connors; John McEnroe; Vitas Gerulaitis; Roscoe Tanner; Guillermo Vilas; Arthur Ashe; Harold Solomon; Jose Higueras; Eddie Dibbs
1979-12-10,7.2,5.5,9.0,3.0,4.0,0.0,27.16,20.81,171.8,4.0,Bjorn Borg; Jimmy Connors; John McEnroe; Vitas Gerulaitis; Roscoe Tanner; Guillermo Vilas; Arthur Ashe; Harold Solomon; Jose Higueras; Eddie Dibbs
1979-12-26,7.2,5.5,8.89,3.0,4.0,0.0,27.21,20.86,174.1,4.0,Bjorn Borg; Jimmy Connors; John McEnroe; Vitas Gerulaitis; Roscoe Tanner; Guillermo Vilas; Arthur Ashe; Harold Solomon; Jose Higueras; Eddie Dibbs
1980-01-07,6.8,5.5,9.56,3.0,4.0,0.0,27.24,20.89,175.8,4.0,Bjorn Borg; Jimmy Connors; John McEnroe; Vitas Gerulaitis; Roscoe Tanner; Guillermo Vilas; Arthur Ashe; Harold Solomon; Jose Higueras; Eddie Dibbs
1980-01-21,6.8,5.5,9.56,3.0,4.0,0.0,27.28,20.93,177.8,4.0,Bjorn Borg; Jimmy Connors; John McEnroe; Vitas Gerulaitis; Roscoe Tanner; Guillermo Vilas; Arthur Ashe; Harold Solomon; Jose Higueras; Eddie Dibbs
1980-01-28,10.1,5.5,12.2,3.0,4.0,1.0,26.07,20.95,158.1,5.0,Bjorn Borg; Jimmy Connors; John McEnroe; Roscoe Tanner; Vitas Gerulaitis; Guillermo Vilas; Jose Higueras; Harold Solomon; Eddie Dibbs; Victor Pecci
1980-02-04,11.7,5.5,8.5,3.0,2.0,1.0,26.04,20.97,157.9,4.0,Bjorn Borg; John McEnroe; Jimmy Connors; Roscoe Tanner; Vitas Gerulaitis; Guillermo Vilas; Jose Higueras; Harold Solomon; Gene Mayer; Eddie Dibbs
1980-02-18,10.9,5.5,8.5,2.0,3.0,0.0,26.08,21.0,159.9,4.0,Bjorn Borg; John McEnroe; Jimmy Connors; Vitas Gerulaitis; Guillermo Vilas; Roscoe Tanner; Jose Higueras; Gene Mayer; Harold Solomon; Eddie Dibbs
1980-02-25,10.7,5.5,8.6,2.0,2.0,0.0,26.1,21.02,160.9,4.0,Bjorn Borg; John McEnroe; Jimmy Connors; Vitas Gerulaitis; Guillermo Vilas; Roscoe Tanner; Jose Higueras; Gene Mayer; Harold Solomon; Eddie Dibbs
1980-03-03,10.3,5.5,8.6,2.0,2.0,0.0,26.12,21.04,161.9,4.0,John McEnroe; Bjorn Borg; Jimmy Connors; Vitas Gerulaitis; Guillermo Vilas; Roscoe Tanner; Jose Higueras; Gene Mayer; Harold Solomon; Eddie Dibbs
1980-03-10,10.3,5.5,8.7,2.0,2.0,0.0,26.14,21.06,162.9,4.0,John McEnroe; Bjorn Borg; Jimmy Connors; Guillermo Vilas; Vitas Gerulaitis; Roscoe Tanner; Jose Higueras; Gene Mayer; Harold Solomon; Eddie Dibbs
1980-03-17,13.8,5.5,9.9,3.0,2.0,1.0,25.69,21.08,146.3,5.0,John McEnroe; Bjorn Borg; Jimmy Connors; Guillermo Vilas; Vitas Gerulaitis; Roscoe Tanner; Jose Higueras; Gene Mayer; Harold Solomon; Victor Pecci
1980-03-24,13.9,6.0,10.5,3.0,3.0,1.0,25.87,21.1,154.1,5.0,Bjorn Borg; John McEnroe; Jimmy Connors; Vitas Gerulaitis; Guillermo Vilas; Gene Mayer; Jose Higueras; Roscoe Tanner; Eddie Dibbs; Victor Pecci
1980-03-31,13.8,5.5,9.8,3.0,2.0,1.0,25.73,21.12,148.2,5.0,Bjorn Borg; John McEnroe; Jimmy Connors; Guillermo Vilas; Vitas Gerulaitis; Gene Mayer; Jose Higueras; Roscoe Tanner; Harold Solomon; Victor Pecci
1980-04-07,9.8,5.5,8.6,2.0,2.0,1.0,26.22,21.14,166.6,4.0,Bjorn Borg; John McEnroe; Jimmy Connors; Guillermo Vilas; Vitas Gerulaitis; Gene Mayer; Jose Higueras; Roscoe Tanner; Eddie Dibbs; Harold Solomon
1980-04-14,12.8,6.0,9.9,3.0,3.0,1.0,25.93,21.16,156.9,5.0,Bjorn Borg; John McEnroe; Jimmy Connors; Guillermo Vilas; Vitas Gerulaitis; Gene Mayer; Jose Higueras; Eddie Dibbs; Roscoe Tanner; Victor Pecci
1980-04-21,10.2,5.5,10.1,3.0,3.0,0.0,25.95,21.18,157.9,5.0,Bjorn Borg; John McEnroe; Jimmy Connors; Guillermo Vilas; Vitas Gerulaitis; Gene Mayer; Eddie Dibbs; Roscoe Tanner; Victor Pecci; Jose Higueras
1980-04-28,9.2,5.5,8.1,2.0,2.0,1.0,26.01,21.2,166.2,4.0,Bjorn Borg; John McEnroe; Jimmy Connors; Guillermo Vilas; Vitas Gerulaitis; Gene Mayer; Harold Solomon; Eddie Dibbs; Roscoe Tanner; Victor Pecci
1980-05-05,9.2,5.5,8.1,2.0,2.0,0.0,26.03,21.22,167.2,4.0,Bjorn Borg; John McEnroe; Jimmy Connors; Guillermo Vilas; Vitas Gerulaitis; Gene Mayer; Harold Solomon; Eddie Dibbs; Roscoe Tanner; Victor Pecci
1980-05-19,9.3,5.5,8.2,2.0,2.0,0.0,26.07,21.25,169.2,4.0,Bjorn Borg; John McEnroe; Jimmy Connors; Guillermo Vilas; Vitas Gerulaitis; Gene Mayer; Harold Solomon; Eddie Dibbs; Roscoe Tanner; Victor Pecci
1980-05-26,8.7,5.5,8.1,2.0,2.0,0.0,26.09,21.27,170.2,4.0,Bjorn Borg; John McEnroe; Jimmy Connors; Guillermo Vilas; Vitas Gerulaitis; Harold Solomon; Gene Mayer; Roscoe Tanner; Eddie Dibbs; Victor Pecci
1980-06-09,7.6,5.5,13.5,2.0,3.0,1.0,26.2,21.31,169.9,3.0,Bjorn Borg; John McEnroe; Jimmy Connors; Guillermo Vilas; Vitas Gerulaitis; Harold Solomon; Gene Mayer; Roscoe Tanner; Eddie Dibbs; Peter Fleming
1980-06-16,7.7,5.5,13.3,2.0,4.0,0.0,26.22,21.33,170.9,3.0,Bjorn Borg; John McEnroe; Jimmy Connors; Guillermo Vilas; Vitas Gerulaitis; Harold Solomon; Gene Mayer; Roscoe Tanner; Peter Fleming; Eddie Dibbs
1980-06-23,7.7,5.5,13.2,2.0,4.0,0.0,26.24,21.35,171.9,3.0,Bjorn Borg; John McEnroe; Jimmy Connors; Guillermo Vilas; Vitas Gerulaitis; Harold Solomon; Gene Mayer; Roscoe Tanner; Peter Fleming; Eddie Dibbs
1980-07-07,10.7,6.5,16.8,3.0,3.0,1.0,25.44,20.33,159.8,3.0,Bjorn Borg; John McEnroe; Jimmy Connors; Guillermo Vilas; Vitas Gerulaitis; Harold Solomon; Gene Mayer; Peter Fleming; Ivan Lendl; Eddie Dibbs
1980-07-14,10.8,7.0,16.7,3.0,3.0,0.0,25.45,20.35,160.8,3.0,Bjorn Borg; John McEnroe; Jimmy Connors; Guillermo Vilas; Vitas Gerulaitis; Harold Solomon; Gene Mayer; Peter Fleming; Ivan Lendl; Eddie Dibbs
1980-07-21,10.8,7.0,18.0,3.0,3.0,0.0,25.47,20.37,161.8,3.0,Bjorn Borg; John McEnroe; Jimmy Connors; Guillermo Vilas; Vitas Gerulaitis; Harold Solomon; Gene Mayer; Eddie Dibbs; Peter Fleming; Ivan Lendl
1980-07-28,10.6,7.0,8.89,3.0,3.0,0.0,25.49,20.39,162.8,3.0,Bjorn Borg; John McEnroe; Jimmy Connors; Guillermo Vilas; Vitas Gerulaitis; Gene Mayer; Harold Solomon; Peter Fleming; Eddie Dibbs; Ivan Lendl
1980-08-04,10.8,7.0,10.0,3.0,4.0,0.0,25.51,20.41,163.8,3.0,Bjorn Borg; John McEnroe; Jimmy Connors; Guillermo Vilas; Vitas Gerulaitis; Gene Mayer; Harold Solomon; Peter Fleming; Eddie Dibbs; Ivan Lendl
1980-08-11,10.5,7.0,19.0,3.0,4.0,0.0,25.53,20.43,164.8,3.0,John McEnroe; Bjorn Borg; Jimmy Connors; Guillermo Vilas; Vitas Gerulaitis; Gene Mayer; Harold Solomon; Eddie Dibbs; Peter Fleming; Ivan Lendl
1980-08-18,10.0,7.5,18.9,4.0,4.0,0.0,25.55,20.45,165.8,3.0,Bjorn Borg; John McEnroe; Jimmy Connors; Guillermo Vilas; Vitas Gerulaitis; Gene Mayer; Harold Solomon; Eddie Dibbs; Peter Fleming; Ivan Lendl
1980-08-25,9.1,7.5,10.4,4.0,3.0,1.0,25.21,20.47,165.7,3.0,Bjorn Borg; John McEnroe; Jimmy Connors; Guillermo Vilas; Vitas Gerulaitis; Harold Solomon; Gene Mayer; Eddie Dibbs; Ivan Lendl; Jose-Luis Clerc
1980-09-08,9.3,7.5,10.4,4.0,3.0,0.0,25.25,20.51,167.7,3.0,Bjorn Borg; John McEnroe; Jimmy Connors; Guillermo Vilas; Harold Solomon; Gene Mayer; Vitas Gerulaitis; Ivan Lendl; Eddie Dibbs; Jose-Luis Clerc
1980-09-15,9.2,7.5,10.2,4.0,3.0,0.0,25.27,20.53,168.7,3.0,Bjorn Borg; John McEnroe; Jimmy Connors; Guillermo Vilas; Harold Solomon; Gene Mayer; Vitas Gerulaitis; Ivan Lendl; Eddie Dibbs; Jose-Luis Clerc
1980-09-22,9.4,7.5,10.1,4.0,3.0,0.0,25.29,20.54,169.7,3.0,Bjorn Borg; John McEnroe; Jimmy Connors; Guillermo Vilas; Harold Solomon; Gene Mayer; Vitas Gerulaitis; Ivan Lendl; Eddie Dibbs; Jose-Luis Clerc
1980-09-29,9.7,7.5,11.3,4.0,4.0,1.0,25.96,20.56,182.3,3.0,Bjorn Borg; John McEnroe; Jimmy Connors; Guillermo Vilas; Gene Mayer; Harold Solomon; Ivan Lendl; Vitas Gerulaitis; Eddie Dibbs; Brian Gottfried
1980-10-06,9.2,7.5,10.3,4.0,3.0,1.0,25.33,20.58,171.6,3.0,Bjorn Borg; John McEnroe; Jimmy Connors; Gene Mayer; Guillermo Vilas; Harold Solomon; Ivan Lendl; Vitas Gerulaitis; Eddie Dibbs; Jose-Luis Clerc
1980-10-13,10.6,7.5,7.7,4.0,3.0,1.0,25.25,20.6,163.2,3.0,Bjorn Borg; John McEnroe; Jimmy Connors; Guillermo Vilas; Gene Mayer; Harold Solomon; Ivan Lendl; Vitas Gerulaitis; Jose-Luis Clerc; Brian Gottfried
1980-10-20,11.3,7.5,7.3,4.0,2.0,1.0,24.56,20.62,151.9,3.0,Bjorn Borg; John McEnroe; Jimmy Connors; Guillermo Vilas; Gene Mayer; Harold Solomon; Ivan Lendl; Vitas Gerulaitis; Jose-Luis Clerc; Eliot Teltscher
1980-10-27,10.0,7.5,8.2,4.0,3.0,1.0,25.29,20.64,165.1,3.0,Bjorn Borg; John McEnroe; Jimmy Connors; Guillermo Vilas; Gene Mayer; Ivan Lendl; Harold Solomon; Vitas Gerulaitis; Jose-Luis Clerc; Brian Gottfried
1980-11-03,9.9,7.5,8.3,4.0,3.0,0.0,25.31,20.66,166.1,3.0,Bjorn Borg; John McEnroe; Jimmy Connors; Guillermo Vilas; Gene Mayer; Ivan Lendl; Harold Solomon; Jose-Luis Clerc; Vitas Gerulaitis; Brian Gottfried
1980-11-10,10.8,7.0,7.4,4.0,2.0,1.0,24.62,20.68,154.7,3.0,Bjorn Borg; Jimmy Connors; John McEnroe; Guillermo Vilas; Gene Mayer; Ivan Lendl; Harold Solomon; Jose-Luis Clerc; Vitas Gerulaitis; Eliot Teltscher
1980-11-17,10.5,6.5,7.5,4.0,2.0,0.0,24.64,20.7,155.7,3.0,Bjorn Borg; John McEnroe; Jimmy Connors; Guillermo Vilas; Gene Mayer; Ivan Lendl; Harold Solomon; Jose-Luis Clerc; Vitas Gerulaitis; Eliot Teltscher
1980-11-24,10.1,6.5,7.3,4.0,2.0,0.0,24.66,20.72,156.7,3.0,Bjorn Borg; John McEnroe; Jimmy Connors; Guillermo Vilas; Gene Mayer; Ivan Lendl; Harold Solomon; Jose-Luis Clerc; Vitas Gerulaitis; Eliot Teltscher
1980-12-01,9.9,7.0,7.0,4.0,2.0,0.0,24.68,20.74,157.7,3.0,Bjorn Borg; John McEnroe; Jimmy Connors; Guillermo Vilas; Gene Mayer; Ivan Lendl; Harold Solomon; Jose-Luis Clerc; Vitas Gerulaitis; Eliot Teltscher
1980-12-22,9.9,7.0,6.8,4.0,2.0,0.0,24.73,20.79,160.7,3.0,Bjorn Borg; John McEnroe; Jimmy Connors; Guillermo Vilas; Gene Mayer; Ivan Lendl; Harold Solomon; Jose-Luis Clerc; Vitas Gerulaitis; Eliot Teltscher
1981-01-04,9.9,7.0,6.8,4.0,2.0,0.0,24.77,20.83,162.6,3.0,Bjorn Borg; John McEnroe; Jimmy Connors; Gene Mayer; Guillermo Vilas; Ivan Lendl; Harold Solomon; Jose-Luis Clerc; Vitas Gerulaitis; Eliot Teltscher
1981-01-12,9.9,7.0,6.7,4.0,1.0,0.0,24.79,20.85,163.7,3.0,Bjorn Borg; John McEnroe; Jimmy Connors; Gene Mayer; Guillermo Vilas; Ivan Lendl; Harold Solomon; Jose-Luis Clerc; Vitas Gerulaitis; Eliot Teltscher
1981-01-26,13.2,7.0,7.5,4.0,2.0,1.0,25.25,20.89,164.5,3.0,Bjorn Borg; John McEnroe; Jimmy Connors; Gene Mayer; Guillermo Vilas; Ivan Lendl; Harold Solomon; Jose-Luis Clerc; Vitas Gerulaitis; Brian Teacher
1981-02-02,8.0,5.5,7.6,2.0,2.0,1.0,25.59,20.91,179.5,3.0,Bjorn Borg; John McEnroe; Jimmy Connors; Gene Mayer; Guillermo Vilas; Ivan Lendl; Harold Solomon; Vitas Gerulaitis; Jose-Luis Clerc; Roscoe Tanner
1981-02-09,13.6,7.0,7.1,3.0,2.0,1.0,25.29,20.93,166.4,3.0,Bjorn Borg; John McEnroe; Jimmy Connors; Gene Mayer; Guillermo Vilas; Ivan Lendl; Harold Solomon; Vitas Gerulaitis; Jose-Luis Clerc; Brian Teacher
1981-02-23,7.7,5.5,8.3,2.0,2.0,1.0,25.65,20.97,182.3,3.0,Bjorn Borg; John McEnroe; Jimmy Connors; Gene Mayer; Guillermo Vilas; Ivan Lendl; Harold Solomon; Vitas Gerulaitis; Jose-Luis Clerc; Roscoe Tanner
1981-03-02,7.5,5.5,9.4,2.0,3.0,0.0,25.67,20.99,183.3,3.0,Bjorn Borg; John McEnroe; Jimmy Connors; Gene Mayer; Ivan Lendl; Guillermo Vilas; Roscoe Tanner; Vitas Gerulaitis; Harold Solomon; Jose-Luis Clerc
1981-03-09,7.4,5.5,9.4,2.0,3.0,0.0,25.69,21.0,184.3,3.0,Bjorn Borg; John McEnroe; Jimmy Connors; Gene Mayer; Ivan Lendl; Guillermo Vilas; Roscoe Tanner; Vitas Gerulaitis; Harold Solomon; Jose-Luis Clerc
1981-03-16,6.9,5.5,9.4,2.0,3.0,0.0,25.7,21.02,185.3,3.0,Bjorn Borg; John McEnroe; Jimmy Connors; Gene Mayer; Ivan Lendl; Guillermo Vilas; Roscoe Tanner; Vitas Gerulaitis; Harold Solomon; Jose-Luis Clerc
1981-03-23,7.5,5.5,9.9,3.0,3.0,0.0,25.72,21.04,186.3,3.0,Bjorn Borg; John McEnroe; Jimmy Connors; Gene Mayer; Ivan Lendl; Guillermo Vilas; Roscoe Tanner; Vitas Gerulaitis; Harold Solomon; Jose-Luis Clerc
1981-03-30,7.1,5.5,9.9,2.0,3.0,0.0,25.74,21.06,187.3,3.0,Bjorn Borg; John McEnroe; Jimmy Connors; Gene Mayer; Ivan Lendl; Guillermo Vilas; Vitas Gerulaitis; Jose-Luis Clerc; Roscoe Tanner; Harold Solomon
1981-04-06,7.1,5.5,9.9,2.0,3.0,0.0,25.76,21.08,188.3,3.0,Bjorn Borg; John McEnroe; Jimmy Connors; Gene Mayer; Guillermo Vilas; Ivan Lendl; Vitas Gerulaitis; Jose-Luis Clerc; Roscoe Tanner; Harold Solomon
1981-04-13,6.9,5.5,9.9,3.0,3.0,0.0,25.78,21.1,189.3,3.0,Bjorn Borg; John McEnroe; Jimmy Connors; Gene Mayer; Guillermo Vilas; Ivan Lendl; Harold Solomon; Vitas Gerulaitis; Jose-Luis Clerc; Roscoe Tanner
1981-04-20,6.8,5.5,10.0,3.0,3.0,0.0,25.8,21.12,190.3,3.0,Bjorn Borg; Jimmy Connors; John McEnroe; Guillermo Vilas; Gene Mayer; Ivan Lendl; Harold Solomon; Vitas Gerulaitis; Jose-Luis Clerc; Roscoe Tanner
1981-04-27,6.7,5.5,12.3,2.0,3.0,0.0,25.82,21.14,191.3,3.0,Bjorn Borg; John McEnroe; Jimmy Connors; Gene Mayer; Guillermo Vilas; Ivan Lendl; Harold Solomon; Roscoe Tanner; Jose-Luis Clerc; Vitas Gerulaitis
1981-05-11,6.8,5.5,11.9,2.0,3.0,0.0,25.86,21.18,193.3,3.0,Bjorn Borg; John McEnroe; Jimmy Connors; Gene Mayer; Guillermo Vilas; Ivan Lendl; Harold Solomon; Roscoe Tanner; Jose-Luis Clerc; Vitas Gerulaitis
1981-05-18,6.7,5.5,15.2,2.0,3.0,0.0,25.88,21.2,194.3,3.0,Bjorn Borg; Jimmy Connors; John McEnroe; Gene Mayer; Ivan Lendl; Guillermo Vilas; Roscoe Tanner; Jose-Luis Clerc; Harold Solomon; Vitas Gerulaitis
1981-05-25,6.7,5.5,16.2,2.0,3.0,0.0,25.9,21.22,195.3,3.0,Bjorn Borg; Jimmy Connors; John McEnroe; Gene Mayer; Ivan Lendl; Guillermo Vilas; Jose-Luis Clerc; Roscoe Tanner; Harold Solomon; Vitas Gerulaitis
1981-06-08,8.6,6.5,16.1,3.0,4.0,1.0,25.89,21.25,176.7,3.0,Bjorn Borg; John McEnroe; Jimmy Connors; Ivan Lendl; Gene Mayer; Jose-Luis Clerc; Guillermo Vilas; Roscoe Tanner; Harold Solomon; Brian Teacher
1981-06-15,10.8,7.5,10.1,4.0,4.0,1.0,25.98,21.27,172.1,3.0,Bjorn Borg; John McEnroe; Jimmy Connors; Ivan Lendl; Gene Mayer; Jose-Luis Clerc; Guillermo Vilas; Roscoe Tanner; Brian Gottfried; Brian Teacher
1981-06-22,10.8,7.5,10.3,4.0,3.0,0.0,26.0,21.29,173.1,3.0,Bjorn Borg; John McEnroe; Jimmy Connors; Ivan Lendl; Gene Mayer; Jose-Luis Clerc; Guillermo Vilas; Roscoe Tanner; Brian Teacher; Brian Gottfried
1981-07-06,11.3,6.5,16.2,3.0,4.0,2.0,25.92,21.33,179.7,4.0,John McEnroe; Bjorn Borg; Jimmy Connors; Ivan Lendl; Gene Mayer; Jose-Luis Clerc; Guillermo Vilas; Roscoe Tanner; Peter McNamara; Harold Solomon
1981-07-13,11.4,6.5,16.3,3.0,4.0,0.0,25.94,21.35,180.7,4.0,John McEnroe; Bjorn Borg; Jimmy Connors; Ivan Lendl; Gene Mayer; Jose-Luis Clerc; Guillermo Vilas; Peter McNamara; Roscoe Tanner; Harold Solomon
1981-07-20,11.5,6.5,16.3,3.0,4.0,0.0,25.96,21.37,181.7,4.0,Bjorn Borg; John McEnroe; Jimmy Connors; Ivan Lendl; Jose-Luis Clerc; Gene Mayer; Guillermo Vilas; Peter McNamara; Roscoe Tanner; Harold Solomon
1981-07-27,11.0,6.5,16.2,3.0,4.0,0.0,25.97,21.39,182.7,4.0,Bjorn Borg; John McEnroe; Jimmy Connors; Ivan Lendl; Jose-Luis Clerc; Gene Mayer; Guillermo Vilas; Peter McNamara; Roscoe Tanner; Harold Solomon
1981-08-03,12.7,8.0,8.4,4.0,2.0,1.0,25.35,21.41,166.4,4.0,John McEnroe; Bjorn Borg; Jimmy Connors; Jose-Luis Clerc; Ivan Lendl; Guillermo Vilas; Gene Mayer; Roscoe Tanner; Peter McNamara; Eliot Teltscher
1981-08-10,13.3,8.0,9.6,4.0,4.0,1.0,25.79,21.43,166.8,4.0,John McEnroe; Bjorn Borg; Jimmy Connors; Ivan Lendl; Jose-Luis Clerc; Guillermo Vilas; Gene Mayer; Roscoe Tanner; Brian Teacher; Peter McNamara
1981-08-17,9.7,8.0,9.4,4.0,4.0,1.0,25.44,21.45,168.5,3.0,John McEnroe; Bjorn Borg; Jimmy Connors; Ivan Lendl; Jose-Luis Clerc; Guillermo Vilas; Gene Mayer; Roscoe Tanner; Eliot Teltscher; Brian Teacher
1981-08-24,9.5,8.0,9.3,3.0,3.0,0.0,25.46,21.46,169.5,3.0,John McEnroe; Bjorn Borg; Ivan Lendl; Jimmy Connors; Jose-Luis Clerc; Guillermo Vilas; Gene Mayer; Eliot Teltscher; Roscoe Tanner; Brian Teacher
1981-09-14,9.1,7.0,17.1,3.0,4.0,0.0,25.51,21.52,172.5,3.0,John McEnroe; Bjorn Borg; Jimmy Connors; Ivan Lendl; Jose-Luis Clerc; Guillermo Vilas; Gene Mayer; Roscoe Tanner; Eliot Teltscher; Brian Teacher
1981-09-21,9.1,7.0,17.3,3.0,4.0,0.0,25.53,21.54,173.5,3.0,John McEnroe; Bjorn Borg; Jimmy Connors; Ivan Lendl; Jose-Luis Clerc; Guillermo Vilas; Gene Mayer; Roscoe Tanner; Eliot Teltscher; Brian Teacher
1981-10-05,8.4,6.0,9.67,3.0,4.0,0.0,25.57,21.58,175.5,3.0,John McEnroe; Bjorn Borg; Jimmy Connors; Ivan Lendl; Jose-Luis Clerc; Guillermo Vilas; Brian Teacher; Gene Mayer; Roscoe Tanner; Eliot Teltscher
1981-10-12,8.2,6.0,9.67,3.0,4.0,0.0,25.59,21.6,176.5,3.0,John McEnroe; Bjorn Borg; Jimmy Connors; Ivan Lendl; Jose-Luis Clerc; Guillermo Vilas; Brian Teacher; Gene Mayer; Roscoe Tanner; Eliot Teltscher
1981-10-19,7.9,6.0,10.67,2.0,4.0,0.0,25.61,21.62,177.5,3.0,John McEnroe; Bjorn Borg; Jimmy Connors; Ivan Lendl; Jose-Luis Clerc; Guillermo Vilas; Brian Teacher; Roscoe Tanner; Eliot Teltscher; Gene Mayer
1981-10-26,7.8,5.5,10.56,3.0,4.0,0.0,25.63,21.64,178.5,3.0,John McEnroe; Bjorn Borg; Jimmy Connors; Ivan Lendl; Jose-Luis Clerc; Guillermo Vilas; Brian Teacher; Roscoe Tanner; Eliot Teltscher; Gene Mayer
1981-11-02,10.5,5.5,9.67,3.0,3.0,1.0,26.02,21.66,177.7,4.0,John McEnroe; Bjorn Borg; Ivan Lendl; Jimmy Connors; Jose-Luis Clerc; Guillermo Vilas; Brian Teacher; Roscoe Tanner; Gene Mayer; Peter McNamara
1981-11-09,9.8,5.5,7.44,2.0,3.0,1.0,25.29,21.68,163.2,4.0,John McEnroe; Jimmy Connors; Bjorn Borg; Ivan Lendl; Jose-Luis Clerc; Guillermo Vilas; Gene Mayer; Brian Teacher; Peter McNamara; Eliot Teltscher
1981-11-16,9.8,5.5,7.67,2.0,3.0,0.0,25.31,21.69,164.2,4.0,John McEnroe; Jimmy Connors; Bjorn Borg; Ivan Lendl; Jose-Luis Clerc; Guillermo Vilas; Gene Mayer; Brian Teacher; Eliot Teltscher; Peter McNamara
1981-11-23,9.8,5.5,7.78,2.0,4.0,0.0,25.33,21.71,165.2,4.0,John McEnroe; Jimmy Connors; Ivan Lendl; Bjorn Borg; Jose-Luis Clerc; Guillermo Vilas; Gene Mayer; Brian Teacher; Eliot Teltscher; Peter McNamara
1981-11-30,9.7,5.5,7.78,2.0,4.0,0.0,25.35,21.73,166.2,4.0,John McEnroe; Jimmy Connors; Ivan Lendl; Bjorn Borg; Jose-Luis Clerc; Guillermo Vilas; Gene Mayer; Brian Teacher; Eliot Teltscher; Peter McNamara
1981-12-21,9.5,5.5,7.44,2.0,4.0,0.0,25.41,21.79,169.2,4.0,John McEnroe; Jimmy Connors; Ivan Lendl; Bjorn Borg; Jose-Luis Clerc; Guillermo Vilas; Gene Mayer; Eliot Teltscher; Brian Teacher; Peter McNamara
1982-01-04,7.7,5.5,31.5,1.0,2.0,1.0,25.49,21.83,189.3,4.0,John McEnroe; Ivan Lendl; Jimmy Connors; Bjorn Borg; Jose-Luis Clerc; Guillermo Vilas; Gene Mayer; Eliot Teltscher; Vitas Gerulaitis; Peter McNamara
1982-01-11,7.7,5.5,31.5,1.0,2.0,0.0,25.51,21.85,190.3,4.0,John McEnroe; Ivan Lendl; Jimmy Connors; Bjorn Borg; Jose-Luis Clerc; Guillermo Vilas; Gene Mayer; Eliot Teltscher; Vitas Gerulaitis; Peter McNamara
1982-01-18,7.7,5.5,5.89,1.0,2.0,0.0,25.53,21.87,191.3,4.0,John McEnroe; Ivan Lendl; Jimmy Connors; Bjorn Borg; Jose-Luis Clerc; Guillermo Vilas; Gene Mayer; Eliot Teltscher; Vitas Gerulaitis; Peter McNamara
1982-02-01,8.0,5.5,5.89,2.0,2.0,0.0,25.57,21.91,193.3,4.0,John McEnroe; Jimmy Connors; Ivan Lendl; Bjorn Borg; Jose-Luis Clerc; Guillermo Vilas; Eliot Teltscher; Gene Mayer; Vitas Gerulaitis; Peter McNamara
1982-02-08,9.9,5.5,6.89,2.0,3.0,1.0,25.91,21.92,195.0,3.0,John McEnroe; Jimmy Connors; Ivan Lendl; Bjorn Borg; Jose-Luis Clerc; Guillermo Vilas; Eliot Teltscher; Gene Mayer; Vitas Gerulaitis; Sandy Mayer
1982-02-15,8.0,5.5,6.0,2.0,2.0,1.0,25.6,21.94,195.2,4.0,John McEnroe; Jimmy Connors; Ivan Lendl; Bjorn Borg; Jose-Luis Clerc; Guillermo Vilas; Gene Mayer; Eliot Teltscher; Vitas Gerulaitis; Peter McNamara
1982-02-22,6.6,5.5,6.22,2.0,3.0,1.0,25.35,21.96,194.1,3.0,John McEnroe; Jimmy Connors; Ivan Lendl; Bjorn Borg; Jose-Luis Clerc; Guillermo Vilas; Gene Mayer; Eliot Teltscher; Vitas Gerulaitis; Johan Kriek
1982-03-01,11.4,7.0,7.33,3.0,4.0,1.0,25.77,21.98,187.1,3.0,John McEnroe; Jimmy Connors; Ivan Lendl; Bjorn Borg; Jose-Luis Clerc; Guillermo Vilas; Eliot Teltscher; Johan Kriek; Sandy Mayer; Vitas Gerulaitis
1982-03-15,10.2,7.0,7.56,3.0,4.0,0.0,25.81,22.02,189.1,3.0,John McEnroe; Jimmy Connors; Ivan Lendl; Bjorn Borg; Jose-Luis Clerc; Guillermo Vilas; Vitas Gerulaitis; Eliot Teltscher; Johan Kriek; Sandy Mayer
1982-03-22,10.4,7.0,7.89,3.0,4.0,0.0,25.83,22.04,190.1,3.0,John McEnroe; Jimmy Connors; Ivan Lendl; Bjorn Borg; Guillermo Vilas; Jose-Luis Clerc; Vitas Gerulaitis; Eliot Teltscher; Johan Kriek; Sandy Mayer
1982-03-29,9.4,6.5,8.67,3.0,4.0,0.0,25.85,22.06,191.1,3.0,John McEnroe; Jimmy Connors; Ivan Lendl; Guillermo Vilas; Jose-Luis Clerc; Bjorn Borg; Vitas Gerulaitis; Eliot Teltscher; Johan Kriek; Sandy Mayer
1982-04-05,8.1,6.5,7.0,3.0,3.0,1.0,25.54,22.08,190.9,4.0,John McEnroe; Ivan Lendl; Jimmy Connors; Guillermo Vilas; Jose-Luis Clerc; Bjorn Borg; Vitas Gerulaitis; Eliot Teltscher; Peter McNamara; Johan Kriek
1982-04-12,9.7,7.0,9.0,3.0,4.0,1.0,25.88,22.1,193.0,3.0,John McEnroe; Ivan Lendl; Jimmy Connors; Guillermo Vilas; Jose-Luis Clerc; Bjorn Borg; Vitas Gerulaitis; Johan Kriek; Eliot Teltscher; Sandy Mayer
1982-04-19,8.0,7.0,7.0,3.0,3.0,1.0,25.58,22.12,192.8,4.0,John McEnroe; Ivan Lendl; Jimmy Connors; Guillermo Vilas; Jose-Luis Clerc; Bjorn Borg; Vitas Gerulaitis; Eliot Teltscher; Johan Kriek; Peter McNamara
1982-04-26,9.8,7.5,9.11,3.0,4.0,1.0,25.92,22.14,194.9,3.0,John McEnroe; Jimmy Connors; Ivan Lendl; Guillermo Vilas; Jose-Luis Clerc; Bjorn Borg; Sandy Mayer; Johan Kriek; Vitas Gerulaitis; Eliot Teltscher
1982-05-03,9.8,7.5,9.22,3.0,4.0,0.0,25.94,22.15,195.9,3.0,John McEnroe; Jimmy Connors; Ivan Lendl; Guillermo Vilas; Jose-Luis Clerc; Bjorn Borg; Sandy Mayer; Johan Kriek; Vitas Gerulaitis; Eliot Teltscher
1982-05-17,9.9,7.0,9.33,3.0,4.0,0.0,25.98,22.19,197.9,3.0,John McEnroe; Jimmy Connors; Ivan Lendl; Guillermo Vilas; Jose-Luis Clerc; Bjorn Borg; Sandy Mayer; Vitas Gerulaitis; Johan Kriek; Eliot Teltscher
1982-05-24,9.9,6.5,9.56,3.0,4.0,0.0,26.0,22.21,198.9,3.0,John McEnroe; Jimmy Connors; Ivan Lendl; Guillermo Vilas; Bjorn Borg; Jose-Luis Clerc; Eliot Teltscher; Sandy Mayer; Vitas Gerulaitis; Johan Kriek
1982-06-07,10.6,6.5,9.89,4.0,4.0,0.0,26.04,22.25,200.9,3.0,John McEnroe; Guillermo Vilas; Jimmy Connors; Ivan Lendl; Jose-Luis Clerc; Eliot Teltscher; Vitas Gerulaitis; Sandy Mayer; Bjorn Borg; Johan Kriek
1982-06-14,10.4,6.5,9.78,4.0,4.0,0.0,26.06,22.27,201.9,3.0,John McEnroe; Guillermo Vilas; Jimmy Connors; Ivan Lendl; Jose-Luis Clerc; Eliot Teltscher; Vitas Gerulaitis; Bjorn Borg; Sandy Mayer; Johan Kriek
1982-06-21,9.3,5.5,9.11,3.0,3.0,1.0,26.27,22.29,212.0,3.0,John McEnroe; Guillermo Vilas; Jimmy Connors; Ivan Lendl; Jose-Luis Clerc; Eliot Teltscher; Vitas Gerulaitis; Bjorn Borg; Sandy Mayer; Gene Mayer
1982-07-05,10.1,6.5,9.4,4.0,4.0,1.0,26.13,22.33,173.5,2.0,John McEnroe; Guillermo Vilas; Jimmy Connors; Ivan Lendl; Jose-Luis Clerc; Vitas Gerulaitis; Eliot Teltscher; Gene Mayer; Johan Kriek; Sandy Mayer
1982-07-12,9.89,6.0,8.3,4.0,3.0,1.0,25.51,17.89,172.7,3.0,John McEnroe; Jimmy Connors; Guillermo Vilas; Ivan Lendl; Jose-Luis Clerc; Vitas Gerulaitis; Eliot Teltscher; Gene Mayer; Sandy Mayer; Mats Wilander
1982-07-19,9.67,6.0,8.4,4.0,3.0,0.0,25.53,17.91,173.7,3.0,John McEnroe; Guillermo Vilas; Jimmy Connors; Ivan Lendl; Jose-Luis Clerc; Vitas Gerulaitis; Eliot Teltscher; Gene Mayer; Sandy Mayer; Mats Wilander
1982-07-26,9.67,6.0,8.4,4.0,3.0,0.0,25.55,17.92,174.7,3.0,John McEnroe; Guillermo Vilas; Jimmy Connors; Ivan Lendl; Jose-Luis Clerc; Vitas Gerulaitis; Eliot Teltscher; Gene Mayer; Mats Wilander; Sandy Mayer
1982-08-02,7.11,6.0,7.5,2.0,3.0,1.0,25.24,17.94,173.2,4.0,John McEnroe; Jimmy Connors; Guillermo Vilas; Ivan Lendl; Vitas Gerulaitis; Jose-Luis Clerc; Gene Mayer; Eliot Teltscher; Mats Wilander; Peter McNamara
1982-08-09,9.22,6.0,6.9,4.0,2.0,1.0,25.5,17.96,176.7,4.0,John McEnroe; Jimmy Connors; Guillermo Vilas; Ivan Lendl; Vitas Gerulaitis; Gene Mayer; Jose-Luis Clerc; Jose Higueras; Eliot Teltscher; Mats Wilander
1982-08-16,11.5,6.5,8.7,4.0,3.0,2.0,26.85,22.44,177.4,3.0,John McEnroe; Jimmy Connors; Guillermo Vilas; Ivan Lendl; Vitas Gerulaitis; Gene Mayer; Jose-Luis Clerc; Jose Higueras; Sandy Mayer; Johan Kriek
1982-08-23,9.4,6.5,7.6,3.0,3.0,2.0,25.96,22.26,178.0,4.0,John McEnroe; Jimmy Connors; Ivan Lendl; Guillermo Vilas; Vitas Gerulaitis; Gene Mayer; Jose-Luis Clerc; Jose Higueras; Eliot Teltscher; Yannick Noah
1982-09-13,9.3,6.5,7.7,4.0,3.0,1.0,26.39,22.32,176.7,5.0,Jimmy Connors; Ivan Lendl; John McEnroe; Guillermo Vilas; Vitas Gerulaitis; Gene Mayer; Jose-Luis Clerc; Jose Higueras; Peter McNamara; Yannick Noah
1982-09-20,9.2,6.5,7.8,4.0,3.0,0.0,26.41,22.34,177.7,5.0,Jimmy Connors; Ivan Lendl; John McEnroe; Guillermo Vilas; Vitas Gerulaitis; Gene Mayer; Jose Higueras; Jose-Luis Clerc; Peter McNamara; Yannick Noah
1982-09-27,9.2,6.5,7.7,4.0,3.0,0.0,26.43,22.36,178.7,5.0,Jimmy Connors; John McEnroe; Ivan Lendl; Guillermo Vilas; Vitas Gerulaitis; Gene Mayer; Jose Higueras; Peter McNamara; Jose-Luis Clerc; Yannick Noah
1982-10-04,9.4,7.0,7.8,4.0,3.0,0.0,26.45,22.38,179.7,5.0,Jimmy Connors; John McEnroe; Ivan Lendl; Guillermo Vilas; Vitas Gerulaitis; Gene Mayer; Jose Higueras; Peter McNamara; Jose-Luis Clerc; Yannick Noah
1982-10-11,9.44,6.0,7.0,4.0,2.0,1.0,25.55,18.14,178.4,5.0,Jimmy Connors; John McEnroe; Ivan Lendl; Guillermo Vilas; Vitas Gerulaitis; Gene Mayer; Mats Wilander; Jose-Luis Clerc; Jose Higueras; Yannick Noah
1982-10-18,9.67,6.0,6.9,4.0,2.0,0.0,25.57,18.15,179.4,5.0,Jimmy Connors; John McEnroe; Ivan Lendl; Guillermo Vilas; Gene Mayer; Vitas Gerulaitis; Mats Wilander; Jose-Luis Clerc; Jose Higueras; Yannick Noah
1982-10-25,10.0,6.0,7.0,4.0,2.0,0.0,25.59,18.17,180.4,5.0,Jimmy Connors; John McEnroe; Ivan Lendl; Guillermo Vilas; Gene Mayer; Vitas Gerulaitis; Mats Wilander; Jose-Luis Clerc; Jose Higueras; Yannick Noah
1982-11-01,9.56,6.0,8.6,3.0,3.0,1.0,26.1,18.19,183.2,5.0,John McEnroe; Jimmy Connors; Ivan Lendl; Guillermo Vilas; Vitas Gerulaitis; Gene Mayer; Jose-Luis Clerc; Mats Wilander; Peter McNamara; Jose Higueras
1982-11-08,9.44,6.0,8.4,3.0,3.0,0.0,26.11,18.21,184.2,5.0,Jimmy Connors; John McEnroe; Ivan Lendl; Guillermo Vilas; Vitas Gerulaitis; Gene Mayer; Jose-Luis Clerc; Mats Wilander; Jose Higueras; Peter McNamara
1982-11-15,9.56,6.0,8.4,3.0,3.0,0.0,26.13,18.23,185.2,5.0,John McEnroe; Jimmy Connors; Ivan Lendl; Guillermo Vilas; Vitas Gerulaitis; Gene Mayer; Jose-Luis Clerc; Mats Wilander; Jose Higueras; Peter McNamara
1982-11-22,15.5,6.5,6.8,4.0,2.0,1.0,25.67,18.25,184.1,5.0,John McEnroe; Jimmy Connors; Ivan Lendl; Guillermo Vilas; Vitas Gerulaitis; Jose-Luis Clerc; Gene Mayer; Mats Wilander; Yannick Noah; Jose Higueras
1982-11-29,15.7,6.5,6.7,4.0,2.0,0.0,25.69,18.27,185.1,5.0,John McEnroe; Jimmy Connors; Ivan Lendl; Guillermo Vilas; Vitas Gerulaitis; Jose-Luis Clerc; Gene Mayer; Mats Wilander; Yannick Noah; Jose Higueras
1982-12-13,16.3,6.5,8.0,4.0,3.0,1.0,25.94,18.31,187.7,4.0,John McEnroe; Jimmy Connors; Ivan Lendl; Guillermo Vilas; Vitas Gerulaitis; Jose-Luis Clerc; Gene Mayer; Johan Kriek; Mats Wilander; Jose Higueras
1982-12-20,14.0,6.5,7.9,4.0,3.0,1.0,25.23,18.33,183.2,4.0,John McEnroe; Jimmy Connors; Ivan Lendl; Guillermo Vilas; Vitas Gerulaitis; Jose-Luis Clerc; Gene Mayer; Mats Wilander; Johan Kriek; Yannick Noah
1982-12-27,14.0,6.5,7.9,4.0,3.0,0.0,25.25,18.35,184.2,4.0,John McEnroe; Jimmy Connors; Ivan Lendl; Guillermo Vilas; Vitas Gerulaitis; Jose-Luis Clerc; Gene Mayer; Mats Wilander; Johan Kriek; Yannick Noah
1983-01-03,12.4,6.5,8.6,2.0,3.0,1.0,25.55,18.37,186.1,5.0,John McEnroe; Jimmy Connors; Ivan Lendl; Guillermo Vilas; Vitas Gerulaitis; Jose-Luis Clerc; Mats Wilander; Gene Mayer; Yannick Noah; Peter McNamara
1983-01-17,12.5,6.5,9.2,2.0,4.0,0.0,25.58,18.4,188.1,5.0,John McEnroe; Jimmy Connors; Ivan Lendl; Guillermo Vilas; Vitas Gerulaitis; Jose-Luis Clerc; Mats Wilander; Gene Mayer; Yannick Noah; Peter McNamara
1983-01-31,12.5,7.0,9.6,2.0,4.0,0.0,25.62,18.44,190.1,5.0,Jimmy Connors; Ivan Lendl; John McEnroe; Guillermo Vilas; Vitas Gerulaitis; Jose-Luis Clerc; Mats Wilander; Gene Mayer; Yannick Noah; Peter McNamara
1983-02-07,13.0,7.0,9.6,3.0,4.0,0.0,25.64,18.46,191.1,5.0,John McEnroe; Jimmy Connors; Ivan Lendl; Guillermo Vilas; Jose-Luis Clerc; Vitas Gerulaitis; Mats Wilander; Gene Mayer; Yannick Noah; Peter McNamara
1983-02-14,13.0,6.5,10.4,2.0,4.0,0.0,25.66,18.48,192.1,5.0,Jimmy Connors; Ivan Lendl; John McEnroe; Guillermo Vilas; Vitas Gerulaitis; Jose-Luis Clerc; Yannick Noah; Mats Wilander; Gene Mayer; Peter McNamara
1983-02-21,15.9,6.5,14.5,3.0,4.0,1.0,26.4,18.5,197.7,5.0,Jimmy Connors; Ivan Lendl; John McEnroe; Guillermo Vilas; Vitas Gerulaitis; Jose-Luis Clerc; Gene Mayer; Peter McNamara; Mats Wilander; Jose Higueras
1983-02-28,15.1,8.0,14.5,4.0,4.0,0.0,26.42,18.52,198.7,5.0,Ivan Lendl; Jimmy Connors; John McEnroe; Guillermo Vilas; Jose-Luis Clerc; Vitas Gerulaitis; Gene Mayer; Jose Higueras; Mats Wilander; Peter McNamara
1983-03-07,15.1,8.0,13.9,4.0,4.0,0.0,26.44,18.54,199.7,5.0,Ivan Lendl; Jimmy Connors; John McEnroe; Guillermo Vilas; Jose-Luis Clerc; Vitas Gerulaitis; Gene Mayer; Jose Higueras; Mats Wilander; Peter McNamara
1983-03-14,11.9,6.5,8.44,4.0,4.0,0.0,26.46,18.56,200.7,5.0,Ivan Lendl; Jimmy Connors; John McEnroe; Guillermo Vilas; Jose-Luis Clerc; Gene Mayer; Peter McNamara; Vitas Gerulaitis; Jose Higueras; Mats Wilander
1983-03-21,12.8,6.5,9.22,4.0,4.0,0.0,26.48,18.58,201.7,5.0,Ivan Lendl; Jimmy Connors; John McEnroe; Guillermo Vilas; Gene Mayer; Jose-Luis Clerc; Vitas Gerulaitis; Jose Higueras; Peter McNamara; Mats Wilander
1983-03-28,11.7,6.0,9.22,4.0,4.0,0.0,26.5,18.6,202.7,5.0,Ivan Lendl; Jimmy Connors; John McEnroe; Guillermo Vilas; Gene Mayer; Jose-Luis Clerc; Jose Higueras; Mats Wilander; Vitas Gerulaitis; Peter McNamara
1983-04-04,12.3,6.0,9.22,3.0,4.0,0.0,26.52,18.61,203.7,5.0,Ivan Lendl; Jimmy Connors; John McEnroe; Guillermo Vilas; Gene Mayer; Mats Wilander; Jose-Luis Clerc; Vitas Gerulaitis; Jose Higueras; Peter McNamara
1983-04-11,12.6,6.0,9.22,4.0,4.0,0.0,26.54,18.63,204.7,5.0,Ivan Lendl; Jimmy Connors; John McEnroe; Guillermo Vilas; Mats Wilander; Gene Mayer; Jose-Luis Clerc; Jose Higueras; Vitas Gerulaitis; Peter McNamara
1983-04-18,12.9,6.0,9.89,3.0,4.0,0.0,26.56,18.65,205.7,5.0,Ivan Lendl; John McEnroe; Jimmy Connors; Guillermo Vilas; Gene Mayer; Mats Wilander; Jose-Luis Clerc; Jose Higueras; Vitas Gerulaitis; Peter McNamara
1983-04-25,12.8,7.0,10.0,4.0,5.0,0.0,26.57,18.67,206.7,5.0,Ivan Lendl; John McEnroe; Jimmy Connors; Guillermo Vilas; Mats Wilander; Gene Mayer; Jose Higueras; Jose-Luis Clerc; Vitas Gerulaitis; Peter McNamara
1983-05-02,12.9,7.0,9.5,4.0,4.0,1.0,26.11,18.69,205.1,5.0,Ivan Lendl; John McEnroe; Jimmy Connors; Guillermo Vilas; Mats Wilander; Gene Mayer; Jose Higueras; Jose-Luis Clerc; Vitas Gerulaitis; Yannick Noah
1983-05-16,9.8,6.5,9.2,4.0,4.0,0.0,26.15,18.73,207.1,5.0,Jimmy Connors; John McEnroe; Ivan Lendl; Guillermo Vilas; Mats Wilander; Gene Mayer; Yannick Noah; Jose-Luis Clerc; Jose Higueras; Vitas Gerulaitis
1983-05-23,8.4,7.5,9.4,4.0,4.0,0.0,26.16,18.75,208.1,5.0,Jimmy Connors; John McEnroe; Ivan Lendl; Guillermo Vilas; Mats Wilander; Yannick Noah; Jose Higueras; Gene Mayer; Jose-Luis Clerc; Vitas Gerulaitis
1983-06-06,7.6,6.0,9.4,4.0,4.0,0.0,26.2,18.79,210.1,5.0,John McEnroe; Jimmy Connors; Ivan Lendl; Yannick Noah; Guillermo Vilas; Mats Wilander; Jose Higueras; Gene Mayer; Vitas Gerulaitis; Jose-Luis Clerc
1983-06-13,7.6,6.0,10.6,4.0,4.0,0.0,26.22,18.81,211.1,5.0,Jimmy Connors; John McEnroe; Ivan Lendl; Yannick Noah; Guillermo Vilas; Jose Higueras; Mats Wilander; Gene Mayer; Jose-Luis Clerc; Vitas Gerulaitis
1983-06-20,7.5,6.0,10.5,3.0,4.0,0.0,26.24,18.83,212.1,5.0,Jimmy Connors; John McEnroe; Ivan Lendl; Yannick Noah; Guillermo Vilas; Jose Higueras; Mats Wilander; Gene Mayer; Jose-Luis Clerc; Vitas Gerulaitis
1983-07-04,9.9,6.5,9.9,4.0,4.0,1.0,25.92,18.86,185.4,5.0,John McEnroe; Ivan Lendl; Jimmy Connors; Yannick Noah; Guillermo Vilas; Jose Higueras; Mats Wilander; Gene Mayer; Kevin Curren; Jose-Luis Clerc
1983-07-11,9.8,6.5,10.3,3.0,4.0,0.0,25.94,18.88,186.4,5.0,John McEnroe; Ivan Lendl; Jimmy Connors; Yannick Noah; Guillermo Vilas; Mats Wilander; Jose Higueras; Gene Mayer; Kevin Curren; Jose-Luis Clerc
1983-07-18,9.4,6.5,11.3,3.0,5.0,0.0,25.96,18.9,187.4,5.0,John McEnroe; Ivan Lendl; Jimmy Connors; Yannick Noah; Mats Wilander; Jose Higueras; Guillermo Vilas; Gene Mayer; Jose-Luis Clerc; Kevin Curren
1983-07-25,9.1,6.5,12.3,3.0,5.0,0.0,25.98,18.92,188.4,5.0,John McEnroe; Ivan Lendl; Jimmy Connors; Yannick Noah; Mats Wilander; Jose Higueras; Guillermo Vilas; Jose-Luis Clerc; Gene Mayer; Kevin Curren
1983-08-01,9.2,6.5,12.6,3.0,5.0,0.0,26.0,18.94,189.4,5.0,John McEnroe; Ivan Lendl; Jimmy Connors; Yannick Noah; Mats Wilander; Guillermo Vilas; Jose-Luis Clerc; Jose Higueras; Gene Mayer; Kevin Curren
1983-08-08,8.6,6.5,11.6,2.0,4.0,1.0,25.37,18.96,189.9,5.0,John McEnroe; Ivan Lendl; Jimmy Connors; Yannick Noah; Mats Wilander; Guillermo Vilas; Jose-Luis Clerc; Gene Mayer; Jose Higueras; Jimmy Arias
1983-08-15,8.9,6.5,13.3,3.0,5.0,1.0,26.03,18.98,191.3,5.0,John McEnroe; Ivan Lendl; Jimmy Connors; Yannick Noah; Guillermo Vilas; Mats Wilander; Jose-Luis Clerc; Kevin Curren; Gene Mayer; Jose Higueras
1983-08-22,11.0,7.5,12.1,3.0,4.0,1.0,25.22,19.0,175.5,5.0,John McEnroe; Ivan Lendl; Jimmy Connors; Yannick Noah; Mats Wilander; Guillermo Vilas; Kevin Curren; Jose-Luis Clerc; Jimmy Arias; Jose Higueras
1983-09-12,10.8,7.5,12.1,3.0,5.0,0.0,25.28,19.06,178.5,5.0,John McEnroe; Ivan Lendl; Jimmy Connors; Yannick Noah; Mats Wilander; Jimmy Arias; Kevin Curren; Jose-Luis Clerc; Guillermo Vilas; Jose Higueras
1983-09-19,10.7,7.5,12.9,3.0,4.0,0.0,25.3,19.07,179.5,5.0,John McEnroe; Ivan Lendl; Jimmy Connors; Yannick Noah; Mats Wilander; Jimmy Arias; Kevin Curren; Jose-Luis Clerc; Guillermo Vilas; Jose Higueras
1983-09-26,10.2,8.0,12.9,3.0,4.0,0.0,25.31,19.09,180.5,5.0,John McEnroe; Ivan Lendl; Jimmy Connors; Yannick Noah; Mats Wilander; Jimmy Arias; Kevin Curren; Jose-Luis Clerc; Jose Higueras; Guillermo Vilas
1983-10-03,10.2,8.0,12.8,3.0,4.0,0.0,25.33,19.11,181.5,5.0,John McEnroe; Ivan Lendl; Jimmy Connors; Yannick Noah; Mats Wilander; Jimmy Arias; Kevin Curren; Jose-Luis Clerc; Jose Higueras; Guillermo Vilas
1983-10-10,10.1,7.5,13.4,2.0,4.0,0.0,25.35,19.13,182.5,5.0,John McEnroe; Ivan Lendl; Jimmy Connors; Yannick Noah; Mats Wilander; Jimmy Arias; Kevin Curren; Jose-Luis Clerc; Jose Higueras; Guillermo Vilas
1983-10-17,9.8,7.5,13.5,2.0,5.0,0.0,25.37,19.15,183.5,5.0,John McEnroe; Ivan Lendl; Jimmy Connors; Mats Wilander; Yannick Noah; Jimmy Arias; Jose-Luis Clerc; Kevin Curren; Jose Higueras; Guillermo Vilas
1983-10-24,9.6,7.5,13.5,2.0,5.0,0.0,25.39,19.17,184.5,5.0,John McEnroe; Ivan Lendl; Jimmy Connors; Mats Wilander; Yannick Noah; Jimmy Arias; Jose-Luis Clerc; Kevin Curren; Jose Higueras; Guillermo Vilas
1983-10-31,8.8,7.5,13.9,3.0,5.0,0.0,25.41,19.19,185.5,5.0,Ivan Lendl; John McEnroe; Jimmy Connors; Yannick Noah; Mats Wilander; Jimmy Arias; Jose-Luis Clerc; Kevin Curren; Jose Higueras; Guillermo Vilas
1983-11-07,8.6,7.5,13.9,3.0,5.0,0.0,25.43,19.21,186.5,5.0,Ivan Lendl; John McEnroe; Jimmy Connors; Yannick Noah; Mats Wilander; Jimmy Arias; Jose Higueras; Jose-Luis Clerc; Kevin Curren; Guillermo Vilas
1983-11-14,8.7,7.5,13.7,3.0,5.0,0.0,25.45,19.23,187.5,5.0,Ivan Lendl; John McEnroe; Jimmy Connors; Yannick Noah; Mats Wilander; Jimmy Arias; Jose Higueras; Jose-Luis Clerc; Kevin Curren; Guillermo Vilas
1983-11-21,8.5,7.0,13.6,2.0,5.0,0.0,25.47,19.25,188.5,5.0,Ivan Lendl; John McEnroe; Jimmy Connors; Yannick Noah; Mats Wilander; Jimmy Arias; Jose Higueras; Kevin Curren; Guillermo Vilas; Jose-Luis Clerc
1983-11-28,8.5,7.5,12.2,2.0,5.0,1.0,25.12,19.27,157.9,5.0,Ivan Lendl; John McEnroe; Jimmy Connors; Yannick Noah; Mats Wilander; Jimmy Arias; Jose Higueras; Jose-Luis Clerc; Kevin Curren; Gene Mayer
1983-12-12,8.8,8.0,12.0,3.0,5.0,0.0,25.16,19.3,159.9,5.0,John McEnroe; Ivan Lendl; Jimmy Connors; Mats Wilander; Yannick Noah; Jimmy Arias; Jose Higueras; Jose-Luis Clerc; Kevin Curren; Gene Mayer
1983-12-19,8.7,7.5,12.0,3.0,5.0,0.0,25.18,19.32,160.9,5.0,John McEnroe; Ivan Lendl; Jimmy Connors; Mats Wilander; Yannick Noah; Jimmy Arias; Jose Higueras; Jose-Luis Clerc; Kevin Curren; Gene Mayer
1984-01-02,8.4,7.5,12.0,3.0,5.0,0.0,25.22,19.36,162.9,5.0,John McEnroe; Ivan Lendl; Jimmy Connors; Mats Wilander; Yannick Noah; Jimmy Arias; Jose Higueras; Jose-Luis Clerc; Kevin Curren; Gene Mayer
1984-01-09,14.7,8.0,15.8,4.0,5.0,1.0,25.18,19.38,146.4,5.0,Ivan Lendl; John McEnroe; Jimmy Connors; Mats Wilander; Yannick Noah; Jimmy Arias; Jose Higueras; Jose-Luis Clerc; Bill Scanlon; Kevin Curren
1984-01-16,14.6,8.0,15.9,4.0,5.0,0.0,25.2,19.4,147.4,5.0,Ivan Lendl; John McEnroe; Jimmy Connors; Mats Wilander; Yannick Noah; Jimmy Arias; Jose Higueras; Jose-Luis Clerc; Bill Scanlon; Kevin Curren
1984-01-30,14.9,8.0,15.1,4.0,6.0,1.0,25.83,19.44,180.1,5.0,Ivan Lendl; John McEnroe; Jimmy Connors; Mats Wilander; Yannick Noah; Jimmy Arias; Jose Higueras; Kevin Curren; Guillermo Vilas; Bill Scanlon
1984-02-06,11.3,8.0,14.7,4.0,5.0,0.0,25.85,19.46,181.1,5.0,Ivan Lendl; John McEnroe; Jimmy Connors; Mats Wilander; Yannick Noah; Jimmy Arias; Jose Higueras; Kevin Curren; Guillermo Vilas; Bill Scanlon
1984-02-13,9.9,7.5,10.4,4.0,5.0,1.0,25.64,19.48,188.3,5.0,Ivan Lendl; John McEnroe; Jimmy Connors; Mats Wilander; Yannick Noah; Jimmy Arias; Jose Higueras; Kevin Curren; Eliot Teltscher; Guillermo Vilas
1984-02-20,10.3,9.5,12.5,4.0,6.0,0.0,25.66,19.5,189.3,5.0,Ivan Lendl; John McEnroe; Mats Wilander; Jimmy Connors; Yannick Noah; Jimmy Arias; Jose Higueras; Kevin Curren; Eliot Teltscher; Guillermo Vilas
1984-03-05,9.8,8.5,11.9,4.0,4.0,1.0,25.6,19.53,184.3,6.0,Ivan Lendl; John McEnroe; Mats Wilander; Jimmy Connors; Yannick Noah; Jimmy Arias; Jose Higueras; Kevin Curren; Guillermo Vilas; Andres Gomez
1984-03-12,9.6,9.5,11.9,4.0,4.0,0.0,25.62,19.55,185.3,6.0,John McEnroe; Ivan Lendl; Jimmy Connors; Mats Wilander; Yannick Noah; Jimmy Arias; Jose Higueras; Kevin Curren; Guillermo Vilas; Andres Gomez
1984-03-19,9.5,9.0,11.8,4.0,4.0,0.0,25.64,19.57,186.3,6.0,John McEnroe; Ivan Lendl; Jimmy Connors; Mats Wilander; Yannick Noah; Jimmy Arias; Jose Higueras; Kevin Curren; Andres Gomez; Guillermo Vilas
1984-03-26,8.9,7.5,11.8,4.0,4.0,1.0,25.06,19.59,155.8,6.0,John McEnroe; Ivan Lendl; Jimmy Connors; Mats Wilander; Yannick Noah; Jimmy Arias; Jose Higueras; Andres Gomez; Kevin Curren; Jose-Luis Clerc
1984-04-02,9.2,8.0,12.3,4.0,4.0,0.0,25.08,19.61,156.8,6.0,John McEnroe; Ivan Lendl; Jimmy Connors; Mats Wilander; Yannick Noah; Jimmy Arias; Jose Higueras; Andres Gomez; Kevin Curren; Jose-Luis Clerc
1984-04-09,8.8,7.5,12.1,4.0,4.0,0.0,25.1,19.63,157.8,6.0,John McEnroe; Ivan Lendl; Jimmy Connors; Mats Wilander; Jimmy Arias; Yannick Noah; Jose Higueras; Andres Gomez; Kevin Curren; Jose-Luis Clerc
1984-04-16,8.8,7.5,12.4,4.0,5.0,1.0,25.01,19.65,161.8,6.0,John McEnroe; Ivan Lendl; Jimmy Connors; Mats Wilander; Jimmy Arias; Yannick Noah; Jose Higueras; Andres Gomez; Eliot Teltscher; Jose-Luis Clerc
1984-04-23,9.5,9.0,11.1,5.0,4.0,1.0,25.08,19.67,148.6,5.0,John McEnroe; Ivan Lendl; Jimmy Connors; Mats Wilander; Jimmy Arias; Yannick Noah; Jose Higueras; Andres Gomez; Eliot Teltscher; Kevin Curren
1984-04-30,9.2,8.5,11.3,4.0,4.0,0.0,25.1,19.69,149.6,5.0,John McEnroe; Ivan Lendl; Jimmy Connors; Mats Wilander; Jimmy Arias; Yannick Noah; Jose Higueras; Andres Gomez; Eliot Teltscher; Kevin Curren
1984-05-14,9.3,8.0,10.8,4.0,4.0,0.0,25.14,19.73,151.6,5.0,John McEnroe; Ivan Lendl; Jimmy Connors; Mats Wilander; Jimmy Arias; Yannick Noah; Andres Gomez; Jose Higueras; Kevin Curren; Eliot Teltscher
1984-05-21,10.8,7.5,8.7,4.0,3.0,1.0,24.61,19.75,157.5,5.0,John McEnroe; Ivan Lendl; Jimmy Connors; Mats Wilander; Jimmy Arias; Yannick Noah; Andres Gomez; Kevin Curren; Jose-Luis Clerc; Eliot Teltscher
1984-06-11,11.2,8.0,9.7,4.0,4.0,1.0,24.17,19.8,152.7,5.0,Ivan Lendl; John McEnroe; Jimmy Connors; Mats Wilander; Jimmy Arias; Andres Gomez; Yannick Noah; Jose-Luis Clerc; Kevin Curren; Henrik Sundstrom
1984-06-18,11.4,8.0,10.6,4.0,5.0,1.0,24.09,19.82,156.7,5.0,John McEnroe; Ivan Lendl; Jimmy Connors; Mats Wilander; Jimmy Arias; Andres Gomez; Yannick Noah; Jose-Luis Clerc; Henrik Sundstrom; Eliot Teltscher
1984-06-25,11.4,8.0,10.6,4.0,5.0,0.0,24.11,19.84,157.7,5.0,John McEnroe; Ivan Lendl; Jimmy Connors; Mats Wilander; Jimmy Arias; Andres Gomez; Yannick Noah; Jose-Luis Clerc; Henrik Sundstrom; Eliot Teltscher
1984-07-09,9.78,6.0,9.3,4.0,3.0,1.0,24.41,19.88,159.3,5.0,Ivan Lendl; John McEnroe; Jimmy Connors; Mats Wilander; Jimmy Arias; Andres Gomez; Yannick Noah; Jose-Luis Clerc; Eliot Teltscher; Anders Jarryd
1984-07-16,17.3,8.0,9.4,5.0,3.0,2.0,23.97,19.9,135.7,4.0,Ivan Lendl; John McEnroe; Jimmy Connors; Mats Wilander; Jimmy Arias; Andres Gomez; Yannick Noah; Johan Kriek; Henrik Sundstrom; Anders Jarryd
1984-07-23,17.2,8.0,10.4,5.0,3.0,0.0,23.99,19.92,136.7,4.0,Ivan Lendl; John McEnroe; Jimmy Connors; Mats Wilander; Jimmy Arias; Andres Gomez; Yannick Noah; Henrik Sundstrom; Johan Kriek; Anders Jarryd
1984-07-30,16.6,8.0,9.5,5.0,3.0,0.0,24.0,19.94,137.7,4.0,Ivan Lendl; John McEnroe; Jimmy Connors; Mats Wilander; Jimmy Arias; Andres Gomez; Yannick Noah; Johan Kriek; Henrik Sundstrom; Anders Jarryd
1984-08-06,15.67,5.0,13.0,4.0,3.0,1.0,24.22,19.96,138.0,5.0,Ivan Lendl; John McEnroe; Jimmy Connors; Mats Wilander; Andres Gomez; Jimmy Arias; Yannick Noah; Johan Kriek; Anders Jarryd; Juan Aguilera
1984-08-13,7.38,5.0,18.3,5.0,4.0,1.0,23.63,17.03,138.5,5.0,John McEnroe; Ivan Lendl; Jimmy Connors; Mats Wilander; Andres Gomez; Jimmy Arias; Yannick Noah; Johan Kriek; Aaron Krickstein; Juan Aguilera
1984-08-20,8.44,5.0,10.4,4.0,4.0,1.0,23.46,17.05,140.0,4.0,John McEnroe; Ivan Lendl; Jimmy Connors; Mats Wilander; Andres Gomez; Jimmy Arias; Yannick Noah; Johan Kriek; Aaron Krickstein; Henrik Sundstrom
1984-08-27,10.8,7.0,9.3,4.0,3.0,1.0,24.08,20.01,141.3,4.0,John McEnroe; Ivan Lendl; Jimmy Connors; Mats Wilander; Andres Gomez; Jimmy Arias; Yannick Noah; Johan Kriek; Henrik Sundstrom; Anders Jarryd
1984-09-10,14.5,10.0,11.7,5.0,5.0,1.0,23.62,19.29,134.0,4.0,John McEnroe; Ivan Lendl; Jimmy Connors; Mats Wilander; Andres Gomez; Jimmy Arias; Pat Cash; Johan Kriek; Henrik Sundstrom; Anders Jarryd
1984-09-17,10.22,5.0,16.6,4.0,4.0,2.0,23.74,20.07,141.3,5.0,John McEnroe; Ivan Lendl; Jimmy Connors; Mats Wilander; Andres Gomez; Jimmy Arias; Juan Aguilera; Anders Jarryd; Henrik Sundstrom; Yannick Noah
1984-09-24,12.73,6.0,11.18,5.0,5.0,2.0,23.72,19.33,132.0,5.0,John McEnroe; Jimmy Connors; Ivan Lendl; Mats Wilander; Andres Gomez; Anders Jarryd; Jimmy Arias; Henrik Sundstrom; Yannick Noah; Pat Cash; Johan Kriek
1984-10-01,12.73,6.0,11.18,5.0,5.0,0.0,23.74,19.35,133.0,5.0,John McEnroe; Jimmy Connors; Ivan Lendl; Mats Wilander; Andres Gomez; Anders Jarryd; Jimmy Arias; Henrik Sundstrom; Yannick Noah; Pat Cash; Johan Kriek
1984-10-08,10.3,5.5,9.5,4.0,4.0,1.0,24.1,20.13,152.0,4.0,John McEnroe; Jimmy Connors; Ivan Lendl; Mats Wilander; Andres Gomez; Henrik Sundstrom; Anders Jarryd; Eliot Teltscher; Jimmy Arias; Yannick Noah
1984-10-15,16.2,9.5,10.5,5.0,4.0,1.0,23.85,20.15,143.3,3.0,John McEnroe; Ivan Lendl; Jimmy Connors; Mats Wilander; Andres Gomez; Anders Jarryd; Henrik Sundstrom; Eliot Teltscher; Joakim Nystrom; Jimmy Arias
1984-10-22,18.5,9.5,13.3,5.0,4.0,1.0,23.24,19.41,136.2,4.0,John McEnroe; Ivan Lendl; Jimmy Connors; Mats Wilander; Andres Gomez; Anders Jarryd; Henrik Sundstrom; Joakim Nystrom; Jimmy Arias; Pat Cash
1984-10-29,17.9,9.5,13.6,5.0,5.0,0.0,23.26,19.43,137.2,4.0,John McEnroe; Jimmy Connors; Ivan Lendl; Mats Wilander; Andres Gomez; Anders Jarryd; Henrik Sundstrom; Joakim Nystrom; Jimmy Arias; Pat Cash
1984-11-06,18.0,9.5,13.6,5.0,5.0,0.0,23.29,19.45,138.3,4.0,John McEnroe; Jimmy Connors; Ivan Lendl; Mats Wilander; Andres Gomez; Anders Jarryd; Henrik Sundstrom; Joakim Nystrom; Jimmy Arias; Pat Cash
1984-11-12,14.8,9.5,10.6,5.0,4.0,1.0,24.02,20.22,141.9,3.0,John McEnroe; Ivan Lendl; Jimmy Connors; Mats Wilander; Andres Gomez; Anders Jarryd; Henrik Sundstrom; Joakim Nystrom; Johan Kriek; Jimmy Arias
1984-11-19,14.6,9.5,10.4,5.0,4.0,0.0,24.04,20.24,142.9,3.0,John McEnroe; Ivan Lendl; Jimmy Connors; Mats Wilander; Andres Gomez; Anders Jarryd; Henrik Sundstrom; Joakim Nystrom; Johan Kriek; Jimmy Arias
1984-11-26,14.4,9.5,9.9,5.0,4.0,2.0,24.39,20.26,151.8,4.0,John McEnroe; Ivan Lendl; Jimmy Connors; Mats Wilander; Andres Gomez; Anders Jarryd; Henrik Sundstrom; Joakim Nystrom; Eliot Teltscher; Yannick Noah
1984-12-10,12.8,9.0,9.7,5.0,4.0,0.0,24.42,20.3,153.8,4.0,John McEnroe; Jimmy Connors; Ivan Lendl; Mats Wilander; Andres Gomez; Henrik Sundstrom; Anders Jarryd; Joakim Nystrom; Eliot Teltscher; Yannick Noah
1984-12-17,11.8,9.0,15.4,5.0,4.0,1.0,24.22,19.56,154.5,5.0,John McEnroe; Jimmy Connors; Ivan Lendl; Mats Wilander; Andres Gomez; Anders Jarryd; Henrik Sundstrom; Eliot Teltscher; Yannick Noah; Pat Cash
1984-12-24,11.8,9.0,15.4,5.0,4.0,0.0,24.24,19.58,155.5,5.0,John McEnroe; Jimmy Connors; Ivan Lendl; Mats Wilander; Andres Gomez; Anders Jarryd; Henrik Sundstrom; Eliot Teltscher; Yannick Noah; Pat Cash
1985-01-02,12.2,9.0,15.3,5.0,4.0,0.0,24.26,19.6,156.7,5.0,John McEnroe; Jimmy Connors; Ivan Lendl; Mats Wilander; Andres Gomez; Anders Jarryd; Henrik Sundstrom; Pat Cash; Eliot Teltscher; Yannick Noah
1985-01-07,12.6,9.0,15.3,5.0,4.0,0.0,24.27,19.62,157.5,5.0,John McEnroe; Jimmy Connors; Ivan Lendl; Mats Wilander; Andres Gomez; Anders Jarryd; Henrik Sundstrom; Pat Cash; Eliot Teltscher; Yannick Noah
1985-01-14,12.6,9.0,15.3,5.0,4.0,0.0,24.29,19.64,158.5,5.0,John McEnroe; Jimmy Connors; Ivan Lendl; Mats Wilander; Andres Gomez; Anders Jarryd; Henrik Sundstrom; Pat Cash; Eliot Teltscher; Yannick Noah
1985-01-21,12.6,9.0,15.4,5.0,4.0,0.0,24.31,19.66,159.5,5.0,John McEnroe; Jimmy Connors; Ivan Lendl; Mats Wilander; Andres Gomez; Anders Jarryd; Henrik Sundstrom; Pat Cash; Eliot Teltscher; Yannick Noah
1985-01-28,21.3,11.5,17.6,6.0,5.0,1.0,23.61,17.49,150.1,4.0,John McEnroe; Jimmy Connors; Ivan Lendl; Mats Wilander; Andres Gomez; Henrik Sundstrom; Anders Jarryd; Pat Cash; Aaron Krickstein; Eliot Teltscher
1985-02-04,20.6,8.0,16.5,5.0,4.0,1.0,23.51,17.51,152.3,5.0,John McEnroe; Jimmy Connors; Ivan Lendl; Mats Wilander; Andres Gomez; Henrik Sundstrom; Anders Jarryd; Yannick Noah; Pat Cash; Aaron Krickstein
1985-02-11,20.5,8.0,16.6,5.0,4.0,0.0,23.53,17.53,153.3,5.0,John McEnroe; Jimmy Connors; Ivan Lendl; Mats Wilander; Andres Gomez; Henrik Sundstrom; Anders Jarryd; Yannick Noah; Pat Cash; Aaron Krickstein
1985-02-18,26.0,14.5,16.5,6.0,4.0,1.0,22.98,17.55,143.5,4.0,John McEnroe; Ivan Lendl; Jimmy Connors; Mats Wilander; Andres Gomez; Henrik Sundstrom; Anders Jarryd; Pat Cash; Stefan Edberg; Aaron Krickstein
1985-02-25,26.0,14.5,15.8,6.0,4.0,0.0,23.0,17.57,144.5,4.0,John McEnroe; Ivan Lendl; Jimmy Connors; Mats Wilander; Andres Gomez; Anders Jarryd; Henrik Sundstrom; Pat Cash; Stefan Edberg; Aaron Krickstein
1985-03-04,19.9,9.0,14.2,4.0,4.0,1.0,23.96,19.12,149.6,4.0,John McEnroe; Ivan Lendl; Jimmy Connors; Mats Wilander; Andres Gomez; Anders Jarryd; Henrik Sundstrom; Kevin Curren; Pat Cash; Stefan Edberg
1985-03-11,18.7,9.0,14.2,4.0,4.0,0.0,23.98,19.14,150.6,4.0,John McEnroe; Ivan Lendl; Jimmy Connors; Mats Wilander; Andres Gomez; Anders Jarryd; Henrik Sundstrom; Kevin Curren; Pat Cash; Stefan Edberg
1985-03-18,19.4,8.5,22.3,4.0,5.0,1.0,23.85,17.63,151.9,4.0,John McEnroe; Jimmy Connors; Ivan Lendl; Mats Wilander; Andres Gomez; Anders Jarryd; Henrik Sundstrom; Pat Cash; Kevin Curren; Aaron Krickstein
1985-03-25,19.3,8.5,25.5,4.0,5.0,0.0,23.87,17.65,152.9,4.0,John McEnroe; Jimmy Connors; Ivan Lendl; Mats Wilander; Andres Gomez; Anders Jarryd; Pat Cash; Henrik Sundstrom; Kevin Curren; Aaron Krickstein
1985-04-01,18.3,8.5,25.5,4.0,5.0,0.0,23.89,17.66,153.9,4.0,John McEnroe; Jimmy Connors; Ivan Lendl; Mats Wilander; Andres Gomez; Anders Jarryd; Henrik Sundstrom; Kevin Curren; Pat Cash; Aaron Krickstein
1985-04-08,19.1,8.5,26.6,4.0,4.0,0.0,23.91,17.68,154.9,4.0,John McEnroe; Ivan Lendl; Jimmy Connors; Mats Wilander; Andres Gomez; Anders Jarryd; Henrik Sundstrom; Kevin Curren; Aaron Krickstein; Pat Cash
1985-04-15,17.9,9.5,26.6,5.0,4.0,0.0,23.92,17.7,155.9,4.0,John McEnroe; Ivan Lendl; Jimmy Connors; Mats Wilander; Andres Gomez; Anders Jarryd; Kevin Curren; Henrik Sundstrom; Aaron Krickstein; Pat Cash
1985-04-22,17.9,9.0,25.4,4.0,3.0,1.0,24.05,17.72,153.6,4.0,John McEnroe; Ivan Lendl; Jimmy Connors; Mats Wilander; Andres Gomez; Anders Jarryd; Kevin Curren; Aaron Krickstein; Pat Cash; Joakim Nystrom
1985-04-29,17.2,9.0,33.4,4.0,3.0,0.0,24.07,17.74,154.6,4.0,John McEnroe; Ivan Lendl; Jimmy Connors; Mats Wilander; Andres Gomez; Anders Jarryd; Aaron Krickstein; Kevin Curren; Pat Cash; Joakim Nystrom
1985-05-06,17.2,9.0,32.2,4.0,3.0,0.0,24.08,17.76,155.6,4.0,John McEnroe; Ivan Lendl; Jimmy Connors; Mats Wilander; Andres Gomez; Anders Jarryd; Aaron Krickstein; Kevin Curren; Pat Cash; Joakim Nystrom
1985-05-13,16.8,8.0,33.1,4.0,3.0,0.0,24.1,17.78,156.6,4.0,John McEnroe; Ivan Lendl; Jimmy Connors; Mats Wilander; Andres Gomez; Anders Jarryd; Aaron Krickstein; Kevin Curren; Joakim Nystrom; Pat Cash
1985-05-20,11.4,7.5,33.5,3.0,4.0,1.0,24.96,19.98,165.4,4.0,John McEnroe; Ivan Lendl; Jimmy Connors; Mats Wilander; Andres Gomez; Anders Jarryd; Kevin Curren; Pat Cash; Joakim Nystrom; Eliot Teltscher
1985-05-27,11.4,7.5,33.6,3.0,4.0,0.0,24.98,20.0,166.4,4.0,John McEnroe; Ivan Lendl; Jimmy Connors; Mats Wilander; Andres Gomez; Anders Jarryd; Kevin Curren; Pat Cash; Joakim Nystrom; Eliot Teltscher
1985-06-03,11.4,7.5,33.6,3.0,4.0,0.0,25.0,20.02,167.4,4.0,John McEnroe; Ivan Lendl; Jimmy Connors; Mats Wilander; Andres Gomez; Anders Jarryd; Kevin Curren; Pat Cash; Joakim Nystrom; Eliot Teltscher
1985-06-10,13.2,7.5,34.1,4.0,4.0,1.0,24.18,17.86,160.3,4.0,John McEnroe; Ivan Lendl; Jimmy Connors; Mats Wilander; Andres Gomez; Anders Jarryd; Pat Cash; Joakim Nystrom; Kevin Curren; Aaron Krickstein
1985-06-17,11.9,8.5,48.9,5.0,4.0,1.0,25.13,20.06,163.1,4.0,John McEnroe; Ivan Lendl; Jimmy Connors; Mats Wilander; Andres Gomez; Anders Jarryd; Pat Cash; Joakim Nystrom; Kevin Curren; Johan Kriek
1985-06-24,16.3,8.5,49.5,5.0,4.0,1.0,24.54,20.08,160.5,5.0,John McEnroe; Ivan Lendl; Jimmy Connors; Mats Wilander; Andres Gomez; Anders Jarryd; Pat Cash; Joakim Nystrom; Kevin Curren; Miloslav Mecir Sr.
1985-07-01,16.3,8.5,49.5,5.0,4.0,0.0,24.56,20.1,161.5,5.0,John McEnroe; Ivan Lendl; Jimmy Connors; Mats Wilander; Andres Gomez; Anders Jarryd; Pat Cash; Joakim Nystrom; Kevin Curren; Miloslav Mecir Sr.
1985-07-08,22.2,6.5,8.6,3.0,3.0,2.0,24.73,17.63,169.6,5.0,John McEnroe; Ivan Lendl; Mats Wilander; Jimmy Connors; Andres Gomez; Anders Jarryd; Kevin Curren; Boris Becker; Joakim Nystrom; Yannick Noah
1985-07-15,21.2,6.5,8.9,3.0,3.0,0.0,24.75,17.65,170.6,5.0,John McEnroe; Ivan Lendl; Mats Wilander; Jimmy Connors; Andres Gomez; Anders Jarryd; Kevin Curren; Boris Becker; Joakim Nystrom; Yannick Noah
1985-07-22,21.4,6.5,8.9,3.0,3.0,0.0,24.77,17.66,171.6,5.0,John McEnroe; Ivan Lendl; Mats Wilander; Jimmy Connors; Kevin Curren; Anders Jarryd; Andres Gomez; Yannick Noah; Joakim Nystrom; Boris Becker
1985-07-29,21.7,6.5,8.5,3.0,2.0,0.0,24.79,17.68,172.6,5.0,John McEnroe; Ivan Lendl; Mats Wilander; Jimmy Connors; Kevin Curren; Anders Jarryd; Yannick Noah; Andres Gomez; Boris Becker; Joakim Nystrom
1985-08-05,21.3,6.0,8.7,3.0,3.0,0.0,24.81,17.7,173.6,5.0,John McEnroe; Ivan Lendl; Mats Wilander; Jimmy Connors; Kevin Curren; Anders Jarryd; Yannick Noah; Andres Gomez; Boris Becker; Joakim Nystrom
1985-08-12,28.0,6.0,9.3,4.0,3.0,1.0,24.7,17.72,172.3,6.0,John McEnroe; Ivan Lendl; Mats Wilander; Jimmy Connors; Kevin Curren; Anders Jarryd; Yannick Noah; Andres Gomez; Boris Becker; Miloslav Mecir Sr.
1985-08-19,28.7,6.0,9.1,4.0,3.0,0.0,24.72,17.74,173.3,6.0,Ivan Lendl; John McEnroe; Mats Wilander; Jimmy Connors; Kevin Curren; Anders Jarryd; Yannick Noah; Andres Gomez; Boris Becker; Miloslav Mecir Sr.
1985-08-26,21.8,6.0,8.2,3.0,2.0,1.0,24.86,17.76,176.4,5.0,John McEnroe; Ivan Lendl; Mats Wilander; Jimmy Connors; Kevin Curren; Yannick Noah; Boris Becker; Anders Jarryd; Andres Gomez; Joakim Nystrom
1985-09-02,21.8,6.0,8.2,3.0,2.0,0.0,24.88,17.78,177.4,5.0,John McEnroe; Ivan Lendl; Mats Wilander; Jimmy Connors; Kevin Curren; Yannick Noah; Boris Becker; Anders Jarryd; Andres Gomez; Joakim Nystrom
1985-09-09,23.6,10.5,8.5,5.0,3.0,1.0,24.31,17.8,170.9,4.0,Ivan Lendl; John McEnroe; Mats Wilander; Jimmy Connors; Kevin Curren; Yannick Noah; Anders Jarryd; Boris Becker; Joakim Nystrom; Stefan Edberg
1985-09-16,23.5,9.0,8.9,4.0,3.0,0.0,24.33,17.82,171.9,4.0,Ivan Lendl; John McEnroe; Mats Wilander; Jimmy Connors; Kevin Curren; Yannick Noah; Anders Jarryd; Boris Becker; Stefan Edberg; Joakim Nystrom
1985-09-23,23.2,7.5,8.7,4.0,3.0,0.0,24.35,17.84,172.9,4.0,Ivan Lendl; John McEnroe; Mats Wilander; Jimmy Connors; Kevin Curren; Yannick Noah; Anders Jarryd; Boris Becker; Stefan Edberg; Joakim Nystrom
1985-09-30,23.0,7.5,7.8,4.0,2.0,0.0,24.37,17.86,173.9,4.0,Ivan Lendl; John McEnroe; Mats Wilander; Jimmy Connors; Anders Jarryd; Kevin Curren; Boris Becker; Yannick Noah; Stefan Edberg; Joakim Nystrom
1985-10-07,22.5,8.5,7.8,4.0,2.0,0.0,24.39,17.88,174.9,4.0,Ivan Lendl; John McEnroe; Mats Wilander; Jimmy Connors; Anders Jarryd; Kevin Curren; Boris Becker; Yannick Noah; Stefan Edberg; Joakim Nystrom
1985-10-14,21.0,5.5,8.1,4.0,3.0,1.0,24.71,17.89,180.6,5.0,Ivan Lendl; John McEnroe; Mats Wilander; Jimmy Connors; Boris Becker; Yannick Noah; Kevin Curren; Stefan Edberg; Anders Jarryd; Andres Gomez
1985-10-21,21.1,5.5,8.1,4.0,3.0,0.0,24.73,17.91,181.6,5.0,Ivan Lendl; John McEnroe; Mats Wilander; Jimmy Connors; Boris Becker; Stefan Edberg; Yannick Noah; Kevin Curren; Anders Jarryd; Andres Gomez
1985-10-28,20.8,8.5,9.1,5.0,3.0,1.0,24.93,17.93,178.1,4.0,Ivan Lendl; John McEnroe; Mats Wilander; Jimmy Connors; Boris Becker; Stefan Edberg; Yannick Noah; Anders Jarryd; Kevin Curren; Johan Kriek
1985-11-04,20.8,8.5,9.1,5.0,3.0,0.0,24.95,17.95,179.1,4.0,Ivan Lendl; John McEnroe; Mats Wilander; Jimmy Connors; Boris Becker; Stefan Edberg; Yannick Noah; Anders Jarryd; Kevin Curren; Johan Kriek
1985-11-11,19.0,7.5,9.6,4.0,4.0,0.0,24.97,17.97,180.1,4.0,Ivan Lendl; John McEnroe; Mats Wilander; Jimmy Connors; Boris Becker; Stefan Edberg; Yannick Noah; Kevin Curren; Anders Jarryd; Johan Kriek
1985-11-18,19.0,7.5,9.4,4.0,4.0,0.0,24.99,17.99,181.1,4.0,Ivan Lendl; John McEnroe; Mats Wilander; Jimmy Connors; Boris Becker; Stefan Edberg; Anders Jarryd; Yannick Noah; Kevin Curren; Johan Kriek
1985-11-25,19.2,8.0,9.4,4.0,4.0,0.0,25.01,18.01,182.1,4.0,Ivan Lendl; John McEnroe; Mats Wilander; Jimmy Connors; Boris Becker; Stefan Edberg; Yannick Noah; Anders Jarryd; Kevin Curren; Johan Kriek
1985-12-02,19.2,8.0,9.4,4.0,4.0,0.0,25.03,18.03,183.1,4.0,Ivan Lendl; John McEnroe; Mats Wilander; Jimmy Connors; Boris Becker; Stefan Edberg; Yannick Noah; Anders Jarryd; Kevin Curren; Johan Kriek
1985-12-09,16.1,8.5,8.4,4.0,3.0,1.0,24.44,18.05,180.3,5.0,Ivan Lendl; John McEnroe; Mats Wilander; Jimmy Connors; Stefan Edberg; Boris Becker; Yannick Noah; Anders Jarryd; Kevin Curren; Miloslav Mecir Sr.
1985-12-16,17.3,7.5,8.4,4.0,3.0,0.0,24.46,18.07,181.3,5.0,Ivan Lendl; John McEnroe; Mats Wilander; Jimmy Connors; Stefan Edberg; Boris Becker; Yannick Noah; Anders Jarryd; Kevin Curren; Miloslav Mecir Sr.
1985-12-23,17.6,7.5,8.4,4.0,3.0,0.0,24.48,18.09,182.3,5.0,Ivan Lendl; John McEnroe; Mats Wilander; Jimmy Connors; Stefan Edberg; Boris Becker; Yannick Noah; Anders Jarryd; Kevin Curren; Miloslav Mecir Sr.
1985-12-30,17.6,7.5,8.3,4.0,3.0,0.0,24.49,18.11,183.3,5.0,Ivan Lendl; John McEnroe; Mats Wilander; Jimmy Connors; Stefan Edberg; Boris Becker; Yannick Noah; Anders Jarryd; Miloslav Mecir Sr.; Kevin Curren
1986-01-06,18.6,8.0,8.3,4.0,3.0,0.0,24.51,18.12,184.3,5.0,Ivan Lendl; John McEnroe; Mats Wilander; Jimmy Connors; Stefan Edberg; Boris Becker; Yannick Noah; Anders Jarryd; Miloslav Mecir Sr.; Kevin Curren
1986-01-13,18.7,8.0,8.3,4.0,3.0,0.0,24.53,18.14,185.3,5.0,Ivan Lendl; John McEnroe; Mats Wilander; Jimmy Connors; Stefan Edberg; Boris Becker; Yannick Noah; Anders Jarryd; Miloslav Mecir Sr.; Kevin Curren
1986-01-20,18.7,8.0,8.3,4.0,3.0,0.0,24.55,18.16,186.3,5.0,Ivan Lendl; John McEnroe; Mats Wilander; Jimmy Connors; Stefan Edberg; Boris Becker; Yannick Noah; Anders Jarryd; Miloslav Mecir Sr.; Kevin Curren
1986-01-27,15.3,9.5,8.6,5.0,3.0,0.0,24.57,18.18,187.3,5.0,Ivan Lendl; John McEnroe; Mats Wilander; Jimmy Connors; Stefan Edberg; Boris Becker; Yannick Noah; Anders Jarryd; Miloslav Mecir Sr.; Kevin Curren
1986-02-03,15.0,7.5,9.8,4.0,4.0,1.0,24.97,18.2,187.1,4.0,Ivan Lendl; John McEnroe; Mats Wilander; Jimmy Connors; Boris Becker; Stefan Edberg; Yannick Noah; Anders Jarryd; Tim Mayotte; Kevin Curren
1986-02-10,15.0,7.5,9.0,4.0,4.0,0.0,24.99,18.22,188.1,4.0,Ivan Lendl; John McEnroe; Mats Wilander; Jimmy Connors; Boris Becker; Stefan Edberg; Yannick Noah; Anders Jarryd; Tim Mayotte; Kevin Curren
1986-02-17,12.7,8.0,9.4,4.0,4.0,0.0,25.01,18.24,189.1,4.0,Ivan Lendl; John McEnroe; Mats Wilander; Jimmy Connors; Boris Becker; Stefan Edberg; Yannick Noah; Anders Jarryd; Tim Mayotte; Kevin Curren
1986-02-24,13.8,7.5,8.2,4.0,3.0,2.0,24.43,18.26,183.1,4.0,Ivan Lendl; John McEnroe; Mats Wilander; Jimmy Connors; Boris Becker; Stefan Edberg; Yannick Noah; Anders Jarryd; Joakim Nystrom; Brad Gilbert
1986-03-03,14.3,8.0,8.2,4.0,3.0,0.0,24.45,18.28,184.1,4.0,Ivan Lendl; John McEnroe; Mats Wilander; Jimmy Connors; Stefan Edberg; Boris Becker; Yannick Noah; Joakim Nystrom; Anders Jarryd; Brad Gilbert
1986-03-10,14.3,8.0,8.7,4.0,3.0,0.0,24.47,18.3,185.1,4.0,Ivan Lendl; John McEnroe; Mats Wilander; Jimmy Connors; Stefan Edberg; Boris Becker; Yannick Noah; Joakim Nystrom; Anders Jarryd; Brad Gilbert
1986-03-17,15.0,8.5,7.5,5.0,2.0,1.0,24.21,18.32,187.0,5.0,Ivan Lendl; John McEnroe; Mats Wilander; Jimmy Connors; Boris Becker; Stefan Edberg; Yannick Noah; Joakim Nystrom; Anders Jarryd; Miloslav Mecir Sr.
1986-03-24,13.4,8.5,8.8,5.0,3.0,1.0,24.5,18.34,187.0,4.0,Ivan Lendl; John McEnroe; Mats Wilander; Jimmy Connors; Stefan Edberg; Boris Becker; Yannick Noah; Joakim Nystrom; Anders Jarryd; Brad Gilbert
1986-03-31,14.3,9.0,8.0,5.0,2.0,1.0,24.25,18.35,188.9,5.0,Ivan Lendl; John McEnroe; Mats Wilander; Jimmy Connors; Boris Becker; Stefan Edberg; Joakim Nystrom; Yannick Noah; Anders Jarryd; Miloslav Mecir Sr.
1986-04-07,12.6,7.0,9.9,4.0,3.0,1.0,24.89,18.37,198.4,4.0,Ivan Lendl; John McEnroe; Mats Wilander; Boris Becker; Jimmy Connors; Stefan Edberg; Joakim Nystrom; Yannick Noah; Anders Jarryd; Kevin Curren
1986-04-14,12.4,6.5,9.7,4.0,3.0,0.0,24.91,18.39,199.4,4.0,Ivan Lendl; John McEnroe; Mats Wilander; Boris Becker; Jimmy Connors; Stefan Edberg; Joakim Nystrom; Yannick Noah; Anders Jarryd; Kevin Curren
1986-04-21,12.9,6.5,10.4,3.0,3.0,0.0,24.93,18.41,200.4,4.0,Ivan Lendl; John McEnroe; Mats Wilander; Boris Becker; Jimmy Connors; Stefan Edberg; Joakim Nystrom; Yannick Noah; Anders Jarryd; Kevin Curren
1986-04-28,13.5,7.0,11.1,3.0,3.0,0.0,24.94,18.43,201.4,4.0,Ivan Lendl; Mats Wilander; John McEnroe; Boris Becker; Jimmy Connors; Stefan Edberg; Joakim Nystrom; Yannick Noah; Anders Jarryd; Kevin Curren
1986-05-05,12.2,7.0,11.2,3.0,3.0,0.0,24.96,18.45,202.4,4.0,Ivan Lendl; Mats Wilander; John McEnroe; Boris Becker; Jimmy Connors; Stefan Edberg; Yannick Noah; Joakim Nystrom; Anders Jarryd; Kevin Curren
1986-05-12,12.7,7.0,11.0,3.0,3.0,0.0,24.98,18.47,203.4,4.0,Ivan Lendl; Mats Wilander; John McEnroe; Yannick Noah; Boris Becker; Jimmy Connors; Stefan Edberg; Joakim Nystrom; Anders Jarryd; Kevin Curren
1986-05-19,12.8,7.5,8.4,4.0,2.0,1.0,24.47,18.49,193.9,4.0,Ivan Lendl; Mats Wilander; John McEnroe; Jimmy Connors; Boris Becker; Yannick Noah; Stefan Edberg; Joakim Nystrom; Anders Jarryd; Henri Leconte
1986-05-26,12.7,7.5,8.4,4.0,2.0,0.0,24.49,18.51,194.9,4.0,Ivan Lendl; Mats Wilander; John McEnroe; Jimmy Connors; Boris Becker; Yannick Noah; Stefan Edberg; Joakim Nystrom; Anders Jarryd; Henri Leconte
1986-06-02,12.7,7.5,8.4,4.0,2.0,0.0,24.51,18.53,195.9,4.0,Ivan Lendl; Mats Wilander; John McEnroe; Jimmy Connors; Boris Becker; Yannick Noah; Stefan Edberg; Joakim Nystrom; Anders Jarryd; Henri Leconte
1986-06-09,10.3,7.0,8.7,4.0,2.0,0.0,24.53,18.55,196.9,4.0,Ivan Lendl; Mats Wilander; Boris Becker; John McEnroe; Yannick Noah; Jimmy Connors; Stefan Edberg; Joakim Nystrom; Anders Jarryd; Henri Leconte
1986-06-16,9.8,7.0,8.1,4.0,3.0,0.0,24.54,18.57,197.9,4.0,Ivan Lendl; Mats Wilander; Jimmy Connors; John McEnroe; Yannick Noah; Boris Becker; Stefan Edberg; Joakim Nystrom; Henri Leconte; Anders Jarryd
1986-06-23,9.6,7.0,8.1,4.0,3.0,0.0,24.56,18.58,198.9,4.0,Ivan Lendl; Mats Wilander; Jimmy Connors; John McEnroe; Yannick Noah; Boris Becker; Stefan Edberg; Joakim Nystrom; Henri Leconte; Anders Jarryd
1986-06-30,9.6,7.0,8.1,4.0,3.0,0.0,24.58,18.6,199.9,4.0,Ivan Lendl; Mats Wilander; Jimmy Connors; John McEnroe; Yannick Noah; Boris Becker; Stefan Edberg; Joakim Nystrom; Henri Leconte; Anders Jarryd
1986-07-07,9.3,8.5,7.7,3.0,3.0,1.0,24.7,18.62,191.0,4.0,Ivan Lendl; Mats Wilander; Yannick Noah; Boris Becker; Jimmy Connors; Stefan Edberg; John McEnroe; Joakim Nystrom; Henri Leconte; Tim Mayotte
1986-07-14,9.3,8.5,7.8,3.0,3.0,0.0,24.72,18.64,192.0,4.0,Ivan Lendl; Mats Wilander; Yannick Noah; Boris Becker; Stefan Edberg; Jimmy Connors; John McEnroe; Joakim Nystrom; Henri Leconte; Tim Mayotte
1986-07-21,9.0,8.5,7.8,3.0,4.0,0.0,24.73,18.66,193.0,4.0,Ivan Lendl; Mats Wilander; Yannick Noah; Boris Becker; Stefan Edberg; Jimmy Connors; John McEnroe; Joakim Nystrom; Henri Leconte; Tim Mayotte
1986-07-28,8.2,7.5,7.2,2.0,3.0,1.0,24.8,18.68,201.5,5.0,Ivan Lendl; Mats Wilander; Boris Becker; Yannick Noah; Jimmy Connors; Stefan Edberg; John McEnroe; Joakim Nystrom; Henri Leconte; Andres Gomez
1986-08-04,16.0,8.0,10.6,3.0,3.0,1.0,24.48,18.7,194.3,4.0,Ivan Lendl; Mats Wilander; Boris Becker; Yannick Noah; Jimmy Connors; Stefan Edberg; John McEnroe; Joakim Nystrom; Henri Leconte; Thierry Tulasne
1986-08-11,8.4,7.5,7.0,3.0,3.0,1.0,24.84,18.72,203.4,5.0,Ivan Lendl; Mats Wilander; Boris Becker; Yannick Noah; Jimmy Connors; Stefan Edberg; Joakim Nystrom; John McEnroe; Henri Leconte; Andres Gomez
1986-08-18,8.4,7.5,6.8,3.0,3.0,0.0,24.85,18.74,204.4,5.0,Ivan Lendl; Mats Wilander; Boris Becker; Stefan Edberg; Yannick Noah; Jimmy Connors; Joakim Nystrom; Henri Leconte; John McEnroe; Andres Gomez
1986-08-25,8.0,6.5,6.9,2.0,3.0,0.0,24.87,18.76,205.4,5.0,Ivan Lendl; Mats Wilander; Boris Becker; Stefan Edberg; Jimmy Connors; Yannick Noah; Joakim Nystrom; Henri Leconte; John McEnroe; Andres Gomez
1986-09-01,8.0,6.5,6.9,2.0,3.0,0.0,24.89,18.78,206.4,5.0,Ivan Lendl; Mats Wilander; Boris Becker; Stefan Edberg; Jimmy Connors; Yannick Noah; Joakim Nystrom; Henri Leconte; John McEnroe; Andres Gomez
1986-09-08,8.7,8.5,6.5,3.0,3.0,1.0,24.39,18.8,167.4,6.0,Ivan Lendl; Boris Becker; Mats Wilander; Stefan Edberg; Yannick Noah; Jimmy Connors; Joakim Nystrom; Miloslav Mecir Sr.; Henri Leconte; Andres Gomez
1986-09-15,8.7,8.5,7.0,3.0,3.0,0.0,24.41,18.81,168.4,6.0,Ivan Lendl; Boris Becker; Mats Wilander; Stefan Edberg; Yannick Noah; Jimmy Connors; Henri Leconte; Joakim Nystrom; Miloslav Mecir Sr.; Andres Gomez
1986-09-22,35.5,8.5,9.1,3.0,3.0,1.0,24.09,18.83,160.6,5.0,Ivan Lendl; Mats Wilander; Stefan Edberg; Boris Becker; Henri Leconte; Yannick Noah; Jimmy Connors; Miloslav Mecir Sr.; Joakim Nystrom; Mikael Pernfors
1986-09-29,7.8,7.5,6.9,2.0,2.0,1.0,24.55,18.85,202.9,5.0,Ivan Lendl; Mats Wilander; Boris Becker; Stefan Edberg; Yannick Noah; Henri Leconte; Jimmy Connors; Joakim Nystrom; Miloslav Mecir Sr.; John McEnroe
1986-10-06,7.8,7.5,7.0,2.0,2.0,0.0,24.57,18.87,203.9,5.0,Ivan Lendl; Mats Wilander; Boris Becker; Stefan Edberg; Yannick Noah; Henri Leconte; Jimmy Connors; Joakim Nystrom; Miloslav Mecir Sr.; John McEnroe
1986-10-13,7.4,5.0,7.0,3.0,2.0,0.0,24.59,18.89,204.9,5.0,Ivan Lendl; Mats Wilander; Boris Becker; Stefan Edberg; Henri Leconte; Yannick Noah; Jimmy Connors; Joakim Nystrom; Miloslav Mecir Sr.; John McEnroe
1986-10-20,7.3,5.5,7.3,3.0,3.0,0.0,24.6,18.91,205.9,5.0,Ivan Lendl; Mats Wilander; Boris Becker; Stefan Edberg; Yannick Noah; Henri Leconte; Jimmy Connors; Joakim Nystrom; Miloslav Mecir Sr.; John McEnroe
1986-10-27,7.4,5.5,7.7,3.0,3.0,0.0,24.62,18.93,206.9,5.0,Ivan Lendl; Boris Becker; Stefan Edberg; Mats Wilander; Yannick Noah; Miloslav Mecir Sr.; Henri Leconte; Jimmy Connors; Joakim Nystrom; John McEnroe
1986-11-03,7.4,5.5,8.3,3.0,2.0,0.0,24.64,18.95,207.9,5.0,Ivan Lendl; Boris Becker; Stefan Edberg; Mats Wilander; Henri Leconte; Yannick Noah; Jimmy Connors; Joakim Nystrom; Miloslav Mecir Sr.; John McEnroe
1986-11-10,8.9,6.5,8.3,4.0,3.0,1.0,24.56,18.97,175.7,6.0,Ivan Lendl; Boris Becker; Mats Wilander; Stefan Edberg; Henri Leconte; Yannick Noah; Jimmy Connors; Joakim Nystrom; Miloslav Mecir Sr.; Andres Gomez
1986-11-17,9.0,7.0,7.7,4.0,2.0,0.0,24.58,18.99,176.7,6.0,Ivan Lendl; Boris Becker; Mats Wilander; Stefan Edberg; Yannick Noah; Henri Leconte; Jimmy Connors; Joakim Nystrom; Miloslav Mecir Sr.; Andres Gomez
1986-11-24,8.4,6.5,7.6,4.0,2.0,0.0,24.6,19.01,177.7,6.0,Ivan Lendl; Boris Becker; Mats Wilander; Stefan Edberg; Yannick Noah; Henri Leconte; Joakim Nystrom; Jimmy Connors; Miloslav Mecir Sr.; Andres Gomez
1986-12-01,8.4,6.5,7.7,4.0,3.0,0.0,24.62,19.03,178.7,6.0,Ivan Lendl; Boris Becker; Mats Wilander; Stefan Edberg; Yannick Noah; Henri Leconte; Joakim Nystrom; Jimmy Connors; Miloslav Mecir Sr.; Andres Gomez
1986-12-08,8.2,6.5,7.7,3.0,3.0,0.0,24.64,19.04,179.7,6.0,Ivan Lendl; Boris Becker; Mats Wilander; Yannick Noah; Stefan Edberg; Henri Leconte; Joakim Nystrom; Jimmy Connors; Miloslav Mecir Sr.; Andres Gomez
1986-12-15,7.8,6.5,7.7,3.0,3.0,0.0,24.66,19.06,180.7,6.0,Ivan Lendl; Boris Becker; Mats Wilander; Yannick Noah; Stefan Edberg; Henri Leconte; Joakim Nystrom; Jimmy Connors; Miloslav Mecir Sr.; Andres Gomez
1986-12-22,7.8,6.5,7.7,3.0,3.0,0.0,24.67,19.08,181.7,6.0,Ivan Lendl; Boris Becker; Mats Wilander; Yannick Noah; Stefan Edberg; Henri Leconte; Joakim Nystrom; Jimmy Connors; Miloslav Mecir Sr.; Andres Gomez
1986-12-29,7.7,6.5,7.7,3.0,3.0,0.0,24.69,19.1,182.7,6.0,Ivan Lendl; Boris Becker; Mats Wilander; Yannick Noah; Stefan Edberg; Henri Leconte; Joakim Nystrom; Jimmy Connors; Miloslav Mecir Sr.; Andres Gomez
1987-01-05,7.7,6.5,7.7,3.0,3.0,0.0,24.71,19.12,183.7,6.0,Ivan Lendl; Boris Becker; Mats Wilander; Yannick Noah; Stefan Edberg; Henri Leconte; Joakim Nystrom; Jimmy Connors; Miloslav Mecir Sr.; Andres Gomez
1987-01-12,7.7,6.5,7.8,3.0,3.0,0.0,24.73,19.14,184.7,6.0,Ivan Lendl; Boris Becker; Mats Wilander; Yannick Noah; Stefan Edberg; Henri Leconte; Joakim Nystrom; Jimmy Connors; Miloslav Mecir Sr.; Andres Gomez
1987-01-19,7.7,6.5,7.8,3.0,3.0,0.0,24.75,19.16,185.7,6.0,Ivan Lendl; Boris Becker; Mats Wilander; Yannick Noah; Stefan Edberg; Henri Leconte; Joakim Nystrom; Jimmy Connors; Miloslav Mecir Sr.; Andres Gomez
1987-01-26,7.7,6.5,7.7,3.0,3.0,0.0,24.77,19.18,186.7,6.0,Ivan Lendl; Boris Becker; Stefan Edberg; Mats Wilander; Yannick Noah; Henri Leconte; Joakim Nystrom; Jimmy Connors; Miloslav Mecir Sr.; Andres Gomez
1987-02-02,8.3,6.5,7.8,4.0,3.0,0.0,24.79,19.2,187.7,6.0,Ivan Lendl; Stefan Edberg; Boris Becker; Mats Wilander; Yannick Noah; Henri Leconte; Joakim Nystrom; Jimmy Connors; Miloslav Mecir Sr.; Andres Gomez
1987-02-09,8.3,6.5,7.8,4.0,3.0,0.0,24.81,19.22,188.7,6.0,Ivan Lendl; Stefan Edberg; Boris Becker; Yannick Noah; Mats Wilander; Henri Leconte; Joakim Nystrom; Jimmy Connors; Miloslav Mecir Sr.; Andres Gomez
1987-02-16,8.3,6.5,7.7,4.0,2.0,0.0,24.83,19.24,189.7,6.0,Ivan Lendl; Stefan Edberg; Boris Becker; Yannick Noah; Mats Wilander; Jimmy Connors; Henri Leconte; Joakim Nystrom; Miloslav Mecir Sr.; Andres Gomez
1987-02-23,7.7,6.5,7.8,3.0,2.0,0.0,24.85,19.26,190.7,6.0,Ivan Lendl; Boris Becker; Stefan Edberg; Yannick Noah; Mats Wilander; Henri Leconte; Joakim Nystrom; Jimmy Connors; Miloslav Mecir Sr.; Andres Gomez
1987-03-02,7.6,6.5,8.0,3.0,3.0,0.0,24.87,19.27,191.7,6.0,Ivan Lendl; Boris Becker; Stefan Edberg; Yannick Noah; Mats Wilander; Henri Leconte; Joakim Nystrom; Jimmy Connors; Miloslav Mecir Sr.; Andres Gomez
1987-03-09,7.6,6.5,8.0,3.0,3.0,0.0,24.89,19.29,192.7,6.0,Ivan Lendl; Boris Becker; Stefan Edberg; Yannick Noah; Mats Wilander; Miloslav Mecir Sr.; Jimmy Connors; Henri Leconte; Andres Gomez; Joakim Nystrom
1987-03-16,7.3,6.5,8.2,2.0,3.0,0.0,24.9,19.31,193.7,6.0,Ivan Lendl; Boris Becker; Stefan Edberg; Yannick Noah; Mats Wilander; Miloslav Mecir Sr.; Jimmy Connors; Henri Leconte; Andres Gomez; Joakim Nystrom
1987-03-23,6.9,5.5,8.0,3.0,3.0,1.0,25.32,19.33,227.9,6.0,Ivan Lendl; Boris Becker; Stefan Edberg; Yannick Noah; Miloslav Mecir Sr.; Mats Wilander; Jimmy Connors; Henri Leconte; John McEnroe; Andres Gomez
1987-03-30,7.1,5.5,8.7,2.0,3.0,0.0,25.34,19.35,228.9,6.0,Ivan Lendl; Boris Becker; Stefan Edberg; Yannick Noah; Mats Wilander; Miloslav Mecir Sr.; John McEnroe; Jimmy Connors; Henri Leconte; Andres Gomez
1987-04-06,6.9,5.5,8.5,3.0,2.0,1.0,25.32,19.37,219.6,5.0,Ivan Lendl; Boris Becker; Stefan Edberg; Yannick Noah; Miloslav Mecir Sr.; Mats Wilander; John McEnroe; Henri Leconte; Jimmy Connors; Tim Mayotte
1987-04-13,6.9,5.5,8.5,3.0,2.0,0.0,25.34,19.39,220.6,5.0,Ivan Lendl; Boris Becker; Stefan Edberg; Yannick Noah; Miloslav Mecir Sr.; Mats Wilander; John McEnroe; Henri Leconte; Jimmy Connors; Tim Mayotte
1987-04-20,6.9,5.5,7.5,3.0,2.0,0.0,25.36,19.41,221.6,5.0,Ivan Lendl; Boris Becker; Stefan Edberg; Yannick Noah; Mats Wilander; Miloslav Mecir Sr.; Henri Leconte; John McEnroe; Jimmy Connors; Tim Mayotte
1987-04-27,7.0,5.5,7.6,3.0,2.0,0.0,25.38,19.43,222.6,5.0,Ivan Lendl; Boris Becker; Stefan Edberg; Mats Wilander; Miloslav Mecir Sr.; Yannick Noah; Henri Leconte; John McEnroe; Jimmy Connors; Tim Mayotte
1987-05-04,7.7,5.5,7.6,3.0,2.0,0.0,25.4,19.45,223.6,5.0,Ivan Lendl; Boris Becker; Stefan Edberg; Mats Wilander; Miloslav Mecir Sr.; Yannick Noah; Henri Leconte; John McEnroe; Jimmy Connors; Tim Mayotte
1987-05-11,7.4,5.5,8.2,3.0,3.0,1.0,25.46,19.47,234.4,6.0,Ivan Lendl; Boris Becker; Stefan Edberg; Mats Wilander; Miloslav Mecir Sr.; Yannick Noah; Henri Leconte; John McEnroe; Jimmy Connors; Andres Gomez
1987-05-18,7.5,5.5,8.1,2.0,3.0,0.0,25.48,19.49,235.4,6.0,Ivan Lendl; Boris Becker; Stefan Edberg; Mats Wilander; Miloslav Mecir Sr.; Yannick Noah; John McEnroe; Jimmy Connors; Henri Leconte; Andres Gomez
1987-05-25,7.5,5.5,8.0,2.0,3.0,0.0,25.5,19.5,236.4,6.0,Ivan Lendl; Boris Becker; Stefan Edberg; Mats Wilander; Miloslav Mecir Sr.; Yannick Noah; John McEnroe; Jimmy Connors; Henri Leconte; Andres Gomez
1987-06-01,7.5,5.5,8.0,2.0,3.0,0.0,25.52,19.52,237.4,6.0,Ivan Lendl; Boris Becker; Stefan Edberg; Mats Wilander; Miloslav Mecir Sr.; Yannick Noah; John McEnroe; Jimmy Connors; Henri Leconte; Andres Gomez
1987-06-08,7.8,5.5,8.4,2.0,2.0,0.0,25.54,19.54,238.4,6.0,Ivan Lendl; Boris Becker; Mats Wilander; Stefan Edberg; Miloslav Mecir Sr.; Yannick Noah; Jimmy Connors; John McEnroe; Andres Gomez; Henri Leconte
1987-06-15,9.7,5.5,8.6,3.0,3.0,1.0,25.1,19.45,233.8,6.0,Ivan Lendl; Boris Becker; Mats Wilander; Stefan Edberg; Miloslav Mecir Sr.; Yannick Noah; Jimmy Connors; John McEnroe; Andres Gomez; Kent Carlsson
1987-06-22,9.3,5.5,8.6,3.0,3.0,0.0,25.12,19.47,234.8,6.0,Ivan Lendl; Boris Becker; Mats Wilander; Stefan Edberg; Miloslav Mecir Sr.; Yannick Noah; Jimmy Connors; John McEnroe; Andres Gomez; Kent Carlsson
1987-06-29,9.3,5.5,8.6,3.0,3.0,0.0,25.14,19.49,235.8,6.0,Ivan Lendl; Boris Becker; Mats Wilander; Stefan Edberg; Miloslav Mecir Sr.; Yannick Noah; Jimmy Connors; John McEnroe; Andres Gomez; Kent Carlsson
1987-07-06,15.9,5.5,8.0,3.0,3.0,1.0,25.42,19.62,240.0,7.0,Ivan Lendl; Mats Wilander; Stefan Edberg; Boris Becker; Miloslav Mecir Sr.; Jimmy Connors; Pat Cash; Andres Gomez; Yannick Noah; John McEnroe
1987-07-13,16.2,5.5,7.8,3.0,3.0,0.0,25.44,19.64,241.0,7.0,Ivan Lendl; Mats Wilander; Stefan Edberg; Boris Becker; Miloslav Mecir Sr.; Jimmy Connors; Pat Cash; Andres Gomez; Yannick Noah; John McEnroe
1987-07-20,18.2,6.5,8.2,4.0,3.0,1.0,24.7,19.54,220.9,6.0,Ivan Lendl; Mats Wilander; Stefan Edberg; Boris Becker; Miloslav Mecir Sr.; Jimmy Connors; Pat Cash; Kent Carlsson; John McEnroe; Andres Gomez
1987-07-27,17.1,5.5,7.4,3.0,2.0,1.0,24.69,19.56,231.3,6.0,Ivan Lendl; Mats Wilander; Stefan Edberg; Boris Becker; Miloslav Mecir Sr.; Jimmy Connors; Pat Cash; Kent Carlsson; John McEnroe; Yannick Noah
1987-08-03,17.5,5.5,7.4,3.0,2.0,0.0,24.71,19.58,232.3,6.0,Ivan Lendl; Mats Wilander; Stefan Edberg; Boris Becker; Miloslav Mecir Sr.; Jimmy Connors; Pat Cash; Kent Carlsson; John McEnroe; Yannick Noah
1987-08-10,16.9,5.5,7.0,3.0,2.0,0.0,24.73,19.6,233.3,6.0,Ivan Lendl; Mats Wilander; Stefan Edberg; Boris Becker; Miloslav Mecir Sr.; Jimmy Connors; Pat Cash; John McEnroe; Kent Carlsson; Yannick Noah
1987-08-17,17.1,5.5,7.0,3.0,2.0,0.0,24.75,19.62,234.3,6.0,Ivan Lendl; Mats Wilander; Stefan Edberg; Boris Becker; Miloslav Mecir Sr.; Jimmy Connors; John McEnroe; Pat Cash; Yannick Noah; Kent Carlsson
1987-08-24,16.6,5.5,7.1,3.0,2.0,0.0,24.77,19.64,235.3,6.0,Ivan Lendl; Stefan Edberg; Mats Wilander; Boris Becker; Miloslav Mecir Sr.; Jimmy Connors; Pat Cash; Yannick Noah; John McEnroe; Kent Carlsson
1987-08-31,16.6,5.5,7.1,3.0,2.0,0.0,24.79,19.66,236.3,6.0,Ivan Lendl; Stefan Edberg; Mats Wilander; Boris Becker; Miloslav Mecir Sr.; Jimmy Connors; Pat Cash; Yannick Noah; John McEnroe; Kent Carlsson
1987-09-07,16.9,5.5,7.1,3.0,2.0,0.0,24.81,19.68,237.3,6.0,Ivan Lendl; Stefan Edberg; Mats Wilander; Boris Becker; Miloslav Mecir Sr.; Jimmy Connors; Pat Cash; Yannick Noah; John McEnroe; Kent Carlsson
1987-09-14,16.8,5.5,7.7,3.0,2.0,0.0,24.83,19.7,238.3,6.0,Ivan Lendl; Mats Wilander; Stefan Edberg; Boris Becker; Jimmy Connors; Miloslav Mecir Sr.; John McEnroe; Pat Cash; Yannick Noah; Kent Carlsson
1987-09-21,14.8,6.5,7.7,3.0,2.0,0.0,24.85,19.72,239.3,6.0,Ivan Lendl; Mats Wilander; Stefan Edberg; Boris Becker; Jimmy Connors; Miloslav Mecir Sr.; John McEnroe; Pat Cash; Yannick Noah; Kent Carlsson
1987-09-28,13.4,6.0,8.9,2.0,3.0,1.0,25.65,19.85,251.0,7.0,Ivan Lendl; Stefan Edberg; Mats Wilander; Boris Becker; Jimmy Connors; Miloslav Mecir Sr.; Pat Cash; Yannick Noah; John McEnroe; Andres Gomez
1987-10-05,13.4,6.0,8.6,2.0,4.0,0.0,25.67,19.87,252.0,7.0,Ivan Lendl; Stefan Edberg; Mats Wilander; Boris Becker; Jimmy Connors; Miloslav Mecir Sr.; Pat Cash; Yannick Noah; John McEnroe; Andres Gomez
1987-10-12,13.3,6.5,8.7,2.0,4.0,0.0,25.69,19.89,253.0,7.0,Ivan Lendl; Stefan Edberg; Mats Wilander; Boris Becker; Jimmy Connors; Miloslav Mecir Sr.; Pat Cash; Yannick Noah; John McEnroe; Andres Gomez
1987-10-19,11.5,6.0,7.8,3.0,3.0,1.0,24.82,19.79,210.3,7.0,Ivan Lendl; Stefan Edberg; Mats Wilander; Boris Becker; Jimmy Connors; Miloslav Mecir Sr.; Pat Cash; Yannick Noah; Andres Gomez; Kent Carlsson
1987-10-26,11.0,5.5,7.5,3.0,3.0,0.0,24.84,19.81,211.3,7.0,Ivan Lendl; Stefan Edberg; Mats Wilander; Boris Becker; Miloslav Mecir Sr.; Jimmy Connors; Pat Cash; Yannick Noah; Andres Gomez; Kent Carlsson
1987-11-02,9.5,6.5,7.1,2.0,3.0,1.0,24.96,19.83,244.8,6.0,Ivan Lendl; Stefan Edberg; Mats Wilander; Boris Becker; Miloslav Mecir Sr.; Jimmy Connors; Pat Cash; Yannick Noah; Kent Carlsson; John McEnroe
1987-11-09,9.2,6.5,7.0,3.0,2.0,1.0,25.72,19.96,245.3,6.0,Ivan Lendl; Stefan Edberg; Mats Wilander; Boris Becker; Jimmy Connors; Miloslav Mecir Sr.; Pat Cash; Yannick Noah; John McEnroe; Tim Mayotte
1987-11-16,7.8,6.0,8.7,2.0,3.0,1.0,25.79,19.98,257.6,7.0,Ivan Lendl; Stefan Edberg; Mats Wilander; Boris Becker; Miloslav Mecir Sr.; Jimmy Connors; Pat Cash; Yannick Noah; John McEnroe; Andres Gomez
1987-11-23,8.2,6.5,9.4,2.0,4.0,1.0,25.66,20.0,214.5,7.0,Ivan Lendl; Stefan Edberg; Mats Wilander; Jimmy Connors; Boris Becker; Miloslav Mecir Sr.; Pat Cash; Yannick Noah; Tim Mayotte; Andres Gomez
1987-11-30,8.4,6.5,8.5,3.0,4.0,1.0,25.78,20.02,248.1,6.0,Ivan Lendl; Stefan Edberg; Mats Wilander; Jimmy Connors; Boris Becker; Miloslav Mecir Sr.; Pat Cash; Yannick Noah; Tim Mayotte; John McEnroe
1987-12-07,8.5,6.5,8.5,3.0,4.0,0.0,25.8,20.04,249.1,6.0,Ivan Lendl; Stefan Edberg; Mats Wilander; Jimmy Connors; Boris Becker; Miloslav Mecir Sr.; Pat Cash; Yannick Noah; Tim Mayotte; John McEnroe
1987-12-14,8.5,6.5,8.5,3.0,4.0,0.0,25.82,20.06,250.1,6.0,Ivan Lendl; Stefan Edberg; Mats Wilander; Jimmy Connors; Boris Becker; Miloslav Mecir Sr.; Pat Cash; Yannick Noah; Tim Mayotte; John McEnroe
1987-12-21,8.5,6.5,8.5,3.0,4.0,0.0,25.84,20.08,251.1,6.0,Ivan Lendl; Stefan Edberg; Mats Wilander; Jimmy Connors; Boris Becker; Miloslav Mecir Sr.; Pat Cash; Yannick Noah; Tim Mayotte; John McEnroe
1987-12-28,8.5,6.5,8.5,3.0,4.0,0.0,25.86,20.1,252.1,6.0,Ivan Lendl; Stefan Edberg; Mats Wilander; Jimmy Connors; Boris Becker; Miloslav Mecir Sr.; Pat Cash; Yannick Noah; Tim Mayotte; John McEnroe
1988-01-04,8.5,6.5,8.5,3.0,4.0,0.0,25.88,20.12,253.1,6.0,Ivan Lendl; Stefan Edberg; Mats Wilander; Jimmy Connors; Boris Becker; Miloslav Mecir Sr.; Pat Cash; Yannick Noah; Tim Mayotte; John McEnroe
1988-01-11,8.5,6.5,8.4,3.0,4.0,0.0,25.9,20.14,254.1,6.0,Ivan Lendl; Stefan Edberg; Mats Wilander; Jimmy Connors; Boris Becker; Miloslav Mecir Sr.; Pat Cash; Yannick Noah; Tim Mayotte; John McEnroe
1988-01-18,8.5,6.5,8.3,3.0,4.0,0.0,25.92,20.16,255.1,6.0,Ivan Lendl; Stefan Edberg; Mats Wilander; Jimmy Connors; Boris Becker; Miloslav Mecir Sr.; Pat Cash; Yannick Noah; Tim Mayotte; John McEnroe
1988-01-25,7.6,6.5,8.3,3.0,4.0,0.0,25.93,20.18,256.1,6.0,Ivan Lendl; Stefan Edberg; Mats Wilander; Boris Becker; Jimmy Connors; Miloslav Mecir Sr.; Pat Cash; Yannick Noah; Tim Mayotte; John McEnroe
1988-02-01,7.7,6.5,9.0,3.0,3.0,0.0,25.95,20.19,257.1,6.0,Ivan Lendl; Stefan Edberg; Mats Wilander; Boris Becker; Jimmy Connors; Miloslav Mecir Sr.; Pat Cash; Yannick Noah; Tim Mayotte; John McEnroe
1988-02-08,6.8,6.5,9.0,3.0,3.0,0.0,25.97,20.21,258.1,6.0,Ivan Lendl; Stefan Edberg; Mats Wilander; Boris Becker; Jimmy Connors; Miloslav Mecir Sr.; Pat Cash; Yannick Noah; Tim Mayotte; John McEnroe
1988-02-15,7.2,5.5,11.5,2.0,4.0,2.0,25.79,20.23,223.4,7.0,Ivan Lendl; Mats Wilander; Stefan Edberg; Boris Becker; Miloslav Mecir Sr.; Jimmy Connors; Pat Cash; Yannick Noah; Andres Gomez; Brad Gilbert
1988-02-22,7.4,6.5,12.0,2.0,5.0,0.0,25.81,20.25,224.4,7.0,Ivan Lendl; Mats Wilander; Stefan Edberg; Miloslav Mecir Sr.; Jimmy Connors; Boris Becker; Pat Cash; Yannick Noah; Brad Gilbert; Andres Gomez
1988-02-29,7.6,6.5,10.8,3.0,4.0,1.0,25.78,20.27,214.9,6.0,Ivan Lendl; Mats Wilander; Stefan Edberg; Miloslav Mecir Sr.; Jimmy Connors; Boris Becker; Pat Cash; Yannick Noah; Tim Mayotte; Brad Gilbert
1988-03-07,7.6,6.5,13.1,3.0,4.0,1.0,25.82,20.29,204.2,6.0,Ivan Lendl; Mats Wilander; Stefan Edberg; Boris Becker; Jimmy Connors; Pat Cash; Miloslav Mecir Sr.; Tim Mayotte; Andres Gomez; Brad Gilbert
1988-03-14,7.6,6.5,13.1,3.0,4.0,0.0,25.84,20.31,205.2,6.0,Ivan Lendl; Mats Wilander; Stefan Edberg; Boris Becker; Pat Cash; Jimmy Connors; Miloslav Mecir Sr.; Tim Mayotte; Andres Gomez; Brad Gilbert
1988-03-21,7.4,6.5,12.8,3.0,4.0,0.0,25.86,20.33,206.2,6.0,Ivan Lendl; Mats Wilander; Stefan Edberg; Boris Becker; Pat Cash; Jimmy Connors; Miloslav Mecir Sr.; Tim Mayotte; Andres Gomez; Brad Gilbert
1988-03-28,6.8,5.5,11.8,3.0,4.0,1.0,25.86,20.35,218.6,6.0,Ivan Lendl; Mats Wilander; Stefan Edberg; Boris Becker; Jimmy Connors; Pat Cash; Miloslav Mecir Sr.; Yannick Noah; Tim Mayotte; Brad Gilbert
1988-04-04,6.8,5.5,12.3,2.0,5.0,0.0,25.88,20.37,219.6,6.0,Ivan Lendl; Mats Wilander; Stefan Edberg; Boris Becker; Jimmy Connors; Pat Cash; Miloslav Mecir Sr.; Yannick Noah; Tim Mayotte; Brad Gilbert
1988-04-11,6.8,5.5,12.3,2.0,5.0,0.0,25.9,20.39,220.6,6.0,Ivan Lendl; Mats Wilander; Stefan Edberg; Boris Becker; Jimmy Connors; Pat Cash; Miloslav Mecir Sr.; Yannick Noah; Tim Mayotte; Brad Gilbert
1988-04-18,6.8,5.5,13.1,2.0,5.0,0.0,25.92,20.41,221.6,6.0,Ivan Lendl; Mats Wilander; Stefan Edberg; Jimmy Connors; Pat Cash; Boris Becker; Miloslav Mecir Sr.; Yannick Noah; Brad Gilbert; Tim Mayotte
1988-04-25,6.8,5.5,13.0,2.0,5.0,0.0,25.94,20.42,222.6,6.0,Ivan Lendl; Mats Wilander; Stefan Edberg; Jimmy Connors; Pat Cash; Boris Becker; Miloslav Mecir Sr.; Yannick Noah; Brad Gilbert; Tim Mayotte
1988-05-02,6.7,5.5,12.8,2.0,5.0,0.0,25.96,20.44,223.6,6.0,Ivan Lendl; Mats Wilander; Stefan Edberg; Jimmy Connors; Pat Cash; Boris Becker; Miloslav Mecir Sr.; Yannick Noah; Brad Gilbert; Tim Mayotte
1988-05-09,6.9,5.5,12.8,3.0,5.0,0.0,25.97,20.46,224.6,6.0,Ivan Lendl; Mats Wilander; Stefan Edberg; Pat Cash; Jimmy Connors; Boris Becker; Miloslav Mecir Sr.; Yannick Noah; Tim Mayotte; Brad Gilbert
1988-05-16,6.5,5.5,12.3,3.0,4.0,1.0,25.35,20.37,225.5,6.0,Ivan Lendl; Stefan Edberg; Mats Wilander; Pat Cash; Jimmy Connors; Boris Becker; Miloslav Mecir Sr.; Yannick Noah; Kent Carlsson; Tim Mayotte
1988-05-23,6.5,5.5,12.4,3.0,4.0,0.0,25.37,20.39,226.5,6.0,Ivan Lendl; Stefan Edberg; Mats Wilander; Pat Cash; Jimmy Connors; Boris Becker; Miloslav Mecir Sr.; Yannick Noah; Kent Carlsson; Tim Mayotte
1988-05-30,6.5,5.5,12.6,3.0,4.0,0.0,25.39,20.41,227.5,6.0,Ivan Lendl; Stefan Edberg; Mats Wilander; Pat Cash; Jimmy Connors; Boris Becker; Miloslav Mecir Sr.; Yannick Noah; Kent Carlsson; Tim Mayotte
1988-06-06,11.1,5.5,13.0,2.0,4.0,2.0,24.89,18.11,228.4,6.0,Ivan Lendl; Mats Wilander; Stefan Edberg; Pat Cash; Jimmy Connors; Andre Agassi; Boris Becker; Miloslav Mecir Sr.; Yannick Noah; Henri Leconte
1988-06-13,11.1,5.5,16.7,3.0,5.0,0.0,24.91,18.12,229.4,6.0,Ivan Lendl; Mats Wilander; Stefan Edberg; Pat Cash; Jimmy Connors; Andre Agassi; Miloslav Mecir Sr.; Boris Becker; Yannick Noah; Henri Leconte
1988-06-20,11.2,5.5,16.9,3.0,4.0,0.0,24.93,18.14,230.4,6.0,Ivan Lendl; Mats Wilander; Stefan Edberg; Pat Cash; Jimmy Connors; Andre Agassi; Miloslav Mecir Sr.; Boris Becker; Yannick Noah; Henri Leconte
1988-06-27,11.2,5.5,16.9,3.0,4.0,0.0,24.95,18.16,231.4,6.0,Ivan Lendl; Mats Wilander; Stefan Edberg; Pat Cash; Jimmy Connors; Andre Agassi; Miloslav Mecir Sr.; Boris Becker; Yannick Noah; Henri Leconte
1988-07-04,12.4,5.5,14.5,3.0,4.0,2.0,25.13,18.18,205.9,5.0,Ivan Lendl; Stefan Edberg; Mats Wilander; Boris Becker; Miloslav Mecir Sr.; Andre Agassi; Pat Cash; Jimmy Connors; Brad Gilbert; Tim Mayotte
1988-07-11,13.0,5.5,25.9,3.0,5.0,0.0,25.15,18.2,206.9,5.0,Ivan Lendl; Stefan Edberg; Mats Wilander; Boris Becker; Miloslav Mecir Sr.; Andre Agassi; Pat Cash; Jimmy Connors; Brad Gilbert; Tim Mayotte
1988-07-18,12.5,5.5,27.8,3.0,5.0,1.0,25.19,18.22,229.9,6.0,Ivan Lendl; Stefan Edberg; Mats Wilander; Boris Becker; Andre Agassi; Miloslav Mecir Sr.; Pat Cash; Jimmy Connors; Brad Gilbert; Yannick Noah
1988-07-25,13.6,5.5,28.3,2.0,5.0,0.0,25.21,18.24,230.9,6.0,Ivan Lendl; Stefan Edberg; Mats Wilander; Boris Becker; Andre Agassi; Jimmy Connors; Miloslav Mecir Sr.; Pat Cash; Yannick Noah; Brad Gilbert
1988-08-01,14.2,5.5,28.3,2.0,4.0,1.0,25.33,18.26,233.8,6.0,Ivan Lendl; Stefan Edberg; Mats Wilander; Andre Agassi; Boris Becker; Jimmy Connors; Miloslav Mecir Sr.; Yannick Noah; Pat Cash; Tim Mayotte
1988-08-08,12.2,5.5,31.7,2.0,5.0,1.0,25.06,18.28,236.7,6.0,Ivan Lendl; Stefan Edberg; Mats Wilander; Andre Agassi; Boris Becker; Jimmy Connors; Yannick Noah; Pat Cash; Miloslav Mecir Sr.; Henri Leconte
1988-08-15,12.2,5.5,40.5,2.0,4.0,1.0,25.37,18.3,235.7,6.0,Ivan Lendl; Mats Wilander; Stefan Edberg; Andre Agassi; Boris Becker; Jimmy Connors; Pat Cash; Yannick Noah; Miloslav Mecir Sr.; Tim Mayotte
1988-08-22,12.1,5.5,45.0,2.0,4.0,0.0,25.39,18.32,236.7,6.0,Ivan Lendl; Mats Wilander; Stefan Edberg; Andre Agassi; Boris Becker; Jimmy Connors; Pat Cash; Yannick Noah; Miloslav Mecir Sr.; Tim Mayotte
1988-08-29,12.0,5.5,45.1,2.0,4.0,0.0,25.41,18.34,237.7,6.0,Ivan Lendl; Mats Wilander; Stefan Edberg; Andre Agassi; Boris Becker; Jimmy Connors; Pat Cash; Yannick Noah; Miloslav Mecir Sr.; Tim Mayotte
1988-09-05,12.0,5.5,45.1,2.0,4.0,0.0,25.43,18.35,238.7,6.0,Ivan Lendl; Mats Wilander; Stefan Edberg; Andre Agassi; Boris Becker; Jimmy Connors; Pat Cash; Yannick Noah; Miloslav Mecir Sr.; Tim Mayotte
1988-09-12,12.1,5.5,44.7,2.0,5.0,0.0,25.45,18.37,239.7,6.0,Mats Wilander; Ivan Lendl; Stefan Edberg; Andre Agassi; Boris Becker; Pat Cash; Yannick Noah; Jimmy Connors; Tim Mayotte; Miloslav Mecir Sr.
1988-09-19,12.5,6.5,52.3,2.0,4.0,1.0,25.1,18.39,230.6,5.0,Mats Wilander; Ivan Lendl; Stefan Edberg; Andre Agassi; Boris Becker; Kent Carlsson; Pat Cash; Yannick Noah; Jimmy Connors; Tim Mayotte
1988-09-26,11.1,6.0,58.0,3.0,5.0,0.0,25.12,18.41,231.6,5.0,Mats Wilander; Ivan Lendl; Stefan Edberg; Andre Agassi; Boris Becker; Kent Carlsson; Pat Cash; Yannick Noah; Jimmy Connors; Tim Mayotte
1988-10-03,12.9,7.5,76.7,4.0,5.0,1.0,24.06,18.43,159.8,5.0,Mats Wilander; Ivan Lendl; Stefan Edberg; Andre Agassi; Boris Becker; Kent Carlsson; Pat Cash; Yannick Noah; Tim Mayotte; Henri Leconte
1988-10-10,12.6,6.0,76.5,4.0,5.0,1.0,24.85,18.45,212.5,5.0,Mats Wilander; Ivan Lendl; Stefan Edberg; Andre Agassi; Boris Becker; Kent Carlsson; Pat Cash; Tim Mayotte; Jimmy Connors; Henri Leconte
1988-10-17,11.2,6.0,76.6,3.0,5.0,0.0,24.87,18.47,213.5,5.0,Mats Wilander; Ivan Lendl; Stefan Edberg; Andre Agassi; Boris Becker; Kent Carlsson; Jimmy Connors; Tim Mayotte; Pat Cash; Henri Leconte
1988-10-24,11.5,6.5,77.1,3.0,6.0,0.0,24.89,18.49,214.5,5.0,Mats Wilander; Ivan Lendl; Stefan Edberg; Andre Agassi; Boris Becker; Kent Carlsson; Jimmy Connors; Tim Mayotte; Pat Cash; Henri Leconte
1988-10-31,12.3,6.5,76.8,3.0,6.0,0.0,24.91,18.51,215.5,5.0,Mats Wilander; Ivan Lendl; Stefan Edberg; Andre Agassi; Boris Becker; Kent Carlsson; Tim Mayotte; Jimmy Connors; Pat Cash; Henri Leconte
1988-11-07,9.2,5.5,75.3,2.0,6.0,1.0,24.84,18.53,221.9,5.0,Mats Wilander; Ivan Lendl; Andre Agassi; Boris Becker; Stefan Edberg; Kent Carlsson; Jimmy Connors; Tim Mayotte; Pat Cash; Miloslav Mecir Sr.
1988-11-14,9.8,6.5,74.7,3.0,5.0,1.0,25.26,18.55,238.0,5.0,Mats Wilander; Ivan Lendl; Andre Agassi; Boris Becker; Stefan Edberg; Kent Carlsson; Jimmy Connors; Tim Mayotte; Yannick Noah; Pat Cash
1988-11-21,11.1,7.0,40.2,4.0,5.0,2.0,25.46,18.57,247.4,4.0,Mats Wilander; Ivan Lendl; Andre Agassi; Boris Becker; Stefan Edberg; Kent Carlsson; Jimmy Connors; Jakob Hlasek; Tim Mayotte; John McEnroe
1988-11-28,10.4,7.0,51.7,4.0,6.0,1.0,25.04,18.58,208.5,5.0,Mats Wilander; Ivan Lendl; Andre Agassi; Boris Becker; Stefan Edberg; Kent Carlsson; Jimmy Connors; Jakob Hlasek; Henri Leconte; Tim Mayotte
1988-12-05,10.4,7.0,51.6,4.0,6.0,0.0,25.06,18.6,209.5,5.0,Mats Wilander; Ivan Lendl; Andre Agassi; Boris Becker; Stefan Edberg; Kent Carlsson; Jimmy Connors; Jakob Hlasek; Henri Leconte; Tim Mayotte
1988-12-12,10.4,7.0,50.7,4.0,6.0,0.0,25.08,18.62,210.5,5.0,Mats Wilander; Ivan Lendl; Andre Agassi; Boris Becker; Stefan Edberg; Kent Carlsson; Jimmy Connors; Jakob Hlasek; Henri Leconte; Tim Mayotte
1988-12-19,10.4,7.0,50.6,4.0,6.0,0.0,25.09,18.64,211.5,5.0,Mats Wilander; Ivan Lendl; Andre Agassi; Boris Becker; Stefan Edberg; Kent Carlsson; Jimmy Connors; Jakob Hlasek; Henri Leconte; Tim Mayotte
1988-12-26,10.5,7.0,50.6,4.0,6.0,0.0,25.11,18.66,212.5,5.0,Mats Wilander; Ivan Lendl; Andre Agassi; Boris Becker; Stefan Edberg; Kent Carlsson; Jimmy Connors; Jakob Hlasek; Henri Leconte; Tim Mayotte
1989-01-02,10.5,7.0,53.9,4.0,6.0,0.0,25.13,18.68,213.5,5.0,Mats Wilander; Ivan Lendl; Andre Agassi; Boris Becker; Stefan Edberg; Kent Carlsson; Jimmy Connors; Jakob Hlasek; Henri Leconte; Tim Mayotte
1989-01-09,10.8,7.0,53.8,4.0,6.0,0.0,25.15,18.7,214.5,5.0,Mats Wilander; Ivan Lendl; Andre Agassi; Boris Becker; Stefan Edberg; Kent Carlsson; Jimmy Connors; Jakob Hlasek; Henri Leconte; Tim Mayotte
1989-01-16,10.8,7.0,53.6,4.0,6.0,0.0,25.17,18.72,215.5,5.0,Mats Wilander; Ivan Lendl; Andre Agassi; Boris Becker; Stefan Edberg; Kent Carlsson; Jimmy Connors; Jakob Hlasek; Tim Mayotte; Henri Leconte
1989-01-23,10.7,7.0,53.6,4.0,6.0,0.0,25.19,18.74,216.5,5.0,Mats Wilander; Ivan Lendl; Andre Agassi; Boris Becker; Stefan Edberg; Kent Carlsson; Jimmy Connors; Jakob Hlasek; Tim Mayotte; Henri Leconte
1989-01-30,9.3,5.5,41.3,3.0,4.0,2.0,25.27,18.76,262.1,5.0,Ivan Lendl; Mats Wilander; Andre Agassi; Stefan Edberg; Boris Becker; Kent Carlsson; Jimmy Connors; Miloslav Mecir Sr.; John McEnroe; Jakob Hlasek
1989-02-06,9.3,5.5,41.3,3.0,4.0,0.0,25.29,18.78,263.1,5.0,Ivan Lendl; Mats Wilander; Andre Agassi; Stefan Edberg; Boris Becker; Kent Carlsson; Jimmy Connors; Miloslav Mecir Sr.; John McEnroe; Jakob Hlasek
1989-02-13,9.1,5.5,42.9,4.0,4.0,0.0,25.31,18.8,264.1,5.0,Ivan Lendl; Mats Wilander; Andre Agassi; Boris Becker; Stefan Edberg; Kent Carlsson; Jimmy Connors; Jakob Hlasek; John McEnroe; Miloslav Mecir Sr.
1989-02-20,11.7,9.0,52.7,5.0,5.0,1.0,25.41,18.81,260.2,5.0,Ivan Lendl; Mats Wilander; Boris Becker; Andre Agassi; Stefan Edberg; Kent Carlsson; Jimmy Connors; John McEnroe; Jakob Hlasek; Henri Leconte
1989-02-27,10.0,5.5,43.8,4.0,5.0,1.0,25.34,18.83,266.0,5.0,Ivan Lendl; Mats Wilander; Boris Becker; Andre Agassi; Stefan Edberg; John McEnroe; Kent Carlsson; Jimmy Connors; Jakob Hlasek; Miloslav Mecir Sr.
1989-03-06,10.2,6.5,41.1,4.0,4.0,1.0,25.74,18.85,261.0,4.0,Ivan Lendl; Mats Wilander; Boris Becker; Stefan Edberg; Andre Agassi; John McEnroe; Kent Carlsson; Jimmy Connors; Jakob Hlasek; Tim Mayotte
1989-03-13,10.2,7.0,41.5,4.0,4.0,0.0,25.76,18.87,262.0,4.0,Ivan Lendl; Mats Wilander; Boris Becker; Andre Agassi; Stefan Edberg; John McEnroe; Kent Carlsson; Jimmy Connors; Jakob Hlasek; Tim Mayotte
1989-03-20,10.1,6.5,43.1,4.0,5.0,1.0,25.4,18.89,268.8,5.0,Ivan Lendl; Mats Wilander; Stefan Edberg; Andre Agassi; Boris Becker; John McEnroe; Kent Carlsson; Jimmy Connors; Jakob Hlasek; Miloslav Mecir Sr.
1989-03-27,10.9,6.0,45.9,4.0,5.0,0.0,25.42,18.91,269.8,5.0,Ivan Lendl; Mats Wilander; Stefan Edberg; Andre Agassi; Boris Becker; John McEnroe; Kent Carlsson; Jimmy Connors; Jakob Hlasek; Miloslav Mecir Sr.
1989-04-03,16.0,9.0,43.0,5.0,5.0,1.0,25.1,18.93,258.1,5.0,Ivan Lendl; Mats Wilander; Stefan Edberg; Boris Becker; Andre Agassi; John McEnroe; Kent Carlsson; Jakob Hlasek; Jimmy Connors; Thomas Muster
1989-04-10,16.0,9.0,45.1,5.0,5.0,0.0,25.12,18.95,259.1,5.0,Ivan Lendl; Mats Wilander; Stefan Edberg; Boris Becker; Andre Agassi; John McEnroe; Kent Carlsson; Jakob Hlasek; Jimmy Connors; Thomas Muster
1989-04-17,14.6,9.5,73.4,5.0,5.0,0.0,25.14,18.97,260.1,5.0,Ivan Lendl; Mats Wilander; Boris Becker; Andre Agassi; Stefan Edberg; Kent Carlsson; Jakob Hlasek; Thomas Muster; John McEnroe; Jimmy Connors
1989-04-24,15.3,10.0,74.3,5.0,5.0,0.0,25.16,18.99,261.1,5.0,Ivan Lendl; Mats Wilander; Boris Becker; Stefan Edberg; Andre Agassi; Kent Carlsson; John McEnroe; Jakob Hlasek; Thomas Muster; Jimmy Connors
1989-05-01,15.6,10.5,75.0,5.0,5.0,1.0,24.01,19.01,193.0,6.0,Ivan Lendl; Mats Wilander; Boris Becker; Stefan Edberg; Andre Agassi; Thomas Muster; John McEnroe; Jakob Hlasek; Kent Carlsson; Miloslav Mecir Sr.
1989-05-08,14.6,9.0,74.3,5.0,5.0,0.0,24.03,19.03,194.0,6.0,Ivan Lendl; Boris Becker; Stefan Edberg; Mats Wilander; Andre Agassi; John McEnroe; Thomas Muster; Jakob Hlasek; Kent Carlsson; Miloslav Mecir Sr.
1989-05-15,14.5,8.5,16.5,4.0,5.0,1.0,24.79,19.04,196.4,6.0,Ivan Lendl; Boris Becker; Mats Wilander; Stefan Edberg; Andre Agassi; Thomas Muster; John McEnroe; Jakob Hlasek; Tim Mayotte; Miloslav Mecir Sr.
1989-05-22,14.4,8.5,16.2,4.0,5.0,0.0,24.81,19.06,197.4,6.0,Ivan Lendl; Boris Becker; Stefan Edberg; Mats Wilander; Andre Agassi; Thomas Muster; John McEnroe; Jakob Hlasek; Tim Mayotte; Miloslav Mecir Sr.
1989-05-29,14.4,8.5,16.6,4.0,5.0,0.0,24.83,19.08,198.4,6.0,Ivan Lendl; Boris Becker; Stefan Edberg; Mats Wilander; Andre Agassi; Thomas Muster; John McEnroe; Jakob Hlasek; Tim Mayotte; Miloslav Mecir Sr.
1989-06-05,13.9,7.5,16.6,4.0,5.0,0.0,24.85,19.1,199.4,6.0,Ivan Lendl; Boris Becker; Stefan Edberg; Mats Wilander; Andre Agassi; Thomas Muster; John McEnroe; Jakob Hlasek; Tim Mayotte; Miloslav Mecir Sr.
1989-06-12,21.8,10.5,13.4,5.0,4.0,1.0,24.09,17.3,187.1,5.0,Ivan Lendl; Boris Becker; Stefan Edberg; Andre Agassi; Mats Wilander; Michael Chang; Thomas Muster; John McEnroe; Jakob Hlasek; Tim Mayotte
1989-06-19,21.5,7.5,18.9,4.0,4.0,1.0,23.73,17.32,194.2,6.0,Ivan Lendl; Boris Becker; Stefan Edberg; Andre Agassi; Mats Wilander; Michael Chang; Thomas Muster; John McEnroe; Jakob Hlasek; Miloslav Mecir Sr.
1989-06-26,21.5,7.5,19.2,4.0,4.0,0.0,23.75,17.34,195.2,6.0,Ivan Lendl; Boris Becker; Stefan Edberg; Andre Agassi; Mats Wilander; Michael Chang; Thomas Muster; John McEnroe; Jakob Hlasek; Miloslav Mecir Sr.
1989-07-03,21.1,5.5,19.2,4.0,4.0,0.0,23.77,17.36,196.2,6.0,Ivan Lendl; Boris Becker; Stefan Edberg; Andre Agassi; Mats Wilander; Michael Chang; Thomas Muster; John McEnroe; Jakob Hlasek; Miloslav Mecir Sr.
1989-07-10,22.9,11.5,18.3,5.0,5.0,1.0,23.29,17.38,183.6,6.0,Ivan Lendl; Boris Becker; Stefan Edberg; Andre Agassi; John McEnroe; Mats Wilander; Michael Chang; Thomas Muster; Jakob Hlasek; Alberto Mancini
1989-07-17,22.7,11.0,19.8,5.0,5.0,0.0,23.31,17.4,184.6,6.0,Ivan Lendl; Boris Becker; Stefan Edberg; Mats Wilander; John McEnroe; Andre Agassi; Michael Chang; Thomas Muster; Jakob Hlasek; Alberto Mancini
1989-07-24,21.7,11.5,19.8,5.0,5.0,0.0,23.33,17.42,185.6,6.0,Ivan Lendl; Boris Becker; Stefan Edberg; Mats Wilander; John McEnroe; Andre Agassi; Michael Chang; Thomas Muster; Jakob Hlasek; Alberto Mancini
1989-07-31,15.6,7.5,14.3,4.0,5.0,1.0,24.22,17.44,193.5,5.0,Ivan Lendl; Boris Becker; Stefan Edberg; Mats Wilander; John McEnroe; Michael Chang; Andre Agassi; Thomas Muster; Jakob Hlasek; Tim Mayotte
1989-08-07,14.4,8.0,11.0,5.0,3.0,1.0,24.57,17.46,192.9,4.0,Ivan Lendl; Boris Becker; Stefan Edberg; Mats Wilander; Michael Chang; John McEnroe; Andre Agassi; Thomas Muster; Brad Gilbert; Tim Mayotte
1989-08-14,15.0,7.5,13.7,4.0,4.0,1.0,24.88,17.48,195.7,4.0,Ivan Lendl; Boris Becker; Stefan Edberg; Mats Wilander; John McEnroe; Michael Chang; Andre Agassi; Jakob Hlasek; Brad Gilbert; Tim Mayotte
1989-08-21,13.1,7.5,16.1,4.0,5.0,0.0,24.9,17.49,196.7,4.0,Ivan Lendl; Boris Becker; Stefan Edberg; John McEnroe; Mats Wilander; Andre Agassi; Michael Chang; Brad Gilbert; Jakob Hlasek; Tim Mayotte
1989-08-28,12.9,7.5,16.1,4.0,5.0,0.0,24.91,17.51,197.7,4.0,Ivan Lendl; Boris Becker; Stefan Edberg; John McEnroe; Mats Wilander; Andre Agassi; Michael Chang; Brad Gilbert; Jakob Hlasek; Tim Mayotte
1989-09-04,12.9,7.5,16.1,4.0,5.0,0.0,24.93,17.53,198.7,4.0,Ivan Lendl; Boris Becker; Stefan Edberg; John McEnroe; Mats Wilander; Andre Agassi; Michael Chang; Brad Gilbert; Jakob Hlasek; Tim Mayotte
1989-09-11,14.8,12.0,11.3,5.0,4.0,1.0,24.64,17.55,165.0,5.0,Ivan Lendl; Boris Becker; Stefan Edberg; John McEnroe; Andre Agassi; Michael Chang; Brad Gilbert; Tim Mayotte; Jakob Hlasek; Thomas Muster
1989-09-18,13.0,7.5,17.5,4.0,5.0,1.0,24.97,17.57,200.6,4.0,Ivan Lendl; Boris Becker; Stefan Edberg; John McEnroe; Andre Agassi; Michael Chang; Brad Gilbert; Tim Mayotte; Jakob Hlasek; Mats Wilander
1989-09-25,17.5,13.5,20.5,5.0,5.0,1.0,24.52,17.59,165.2,5.0,Ivan Lendl; Boris Becker; Stefan Edberg; John McEnroe; Michael Chang; Brad Gilbert; Andre Agassi; Tim Mayotte; Jakob Hlasek; Alberto Mancini
1989-10-02,15.6,11.0,21.3,5.0,4.0,0.0,24.54,17.61,166.2,5.0,Ivan Lendl; Boris Becker; Stefan Edberg; John McEnroe; Brad Gilbert; Michael Chang; Andre Agassi; Tim Mayotte; Jakob Hlasek; Alberto Mancini
1989-10-09,16.4,12.0,21.4,5.0,4.0,0.0,24.56,17.63,167.2,5.0,Ivan Lendl; Boris Becker; Stefan Edberg; John McEnroe; Andre Agassi; Brad Gilbert; Michael Chang; Alberto Mancini; Tim Mayotte; Jakob Hlasek
1989-10-16,15.3,12.5,20.4,5.0,4.0,1.0,24.3,17.65,165.3,4.0,Ivan Lendl; Boris Becker; Stefan Edberg; John McEnroe; Andre Agassi; Brad Gilbert; Michael Chang; Alberto Mancini; Tim Mayotte; Aaron Krickstein
1989-10-23,18.4,19.0,18.1,6.0,4.0,1.0,23.69,17.67,157.9,4.0,Ivan Lendl; Boris Becker; Stefan Edberg; John McEnroe; Brad Gilbert; Michael Chang; Andre Agassi; Aaron Krickstein; Alberto Mancini; Jay Berger
1989-10-30,16.9,13.5,18.3,6.0,5.0,0.0,23.71,17.69,158.9,4.0,Ivan Lendl; Boris Becker; Stefan Edberg; John McEnroe; Michael Chang; Andre Agassi; Brad Gilbert; Aaron Krickstein; Alberto Mancini; Jay Berger
1989-11-06,15.8,14.0,22.5,6.0,5.0,1.0,23.93,17.71,164.3,5.0,Ivan Lendl; Boris Becker; Stefan Edberg; John McEnroe; Andre Agassi; Michael Chang; Brad Gilbert; Aaron Krickstein; Alberto Mancini; Jakob Hlasek
1989-11-13,14.5,9.5,24.0,5.0,5.0,1.0,23.97,17.72,197.3,4.0,Ivan Lendl; Boris Becker; Stefan Edberg; John McEnroe; Michael Chang; Andre Agassi; Brad Gilbert; Aaron Krickstein; Alberto Mancini; Mats Wilander
1989-11-20,17.2,13.5,21.1,5.0,5.0,1.0,23.77,17.74,161.7,4.0,Ivan Lendl; Boris Becker; Stefan Edberg; John McEnroe; Michael Chang; Andre Agassi; Brad Gilbert; Aaron Krickstein; Alberto Mancini; Jay Berger
1989-11-27,17.1,13.0,21.3,6.0,5.0,0.0,23.79,17.76,162.7,4.0,Ivan Lendl; Boris Becker; Stefan Edberg; John McEnroe; Michael Chang; Brad Gilbert; Andre Agassi; Aaron Krickstein; Alberto Mancini; Jay Berger
1989-12-04,17.1,13.0,21.3,6.0,5.0,0.0,23.81,17.78,163.7,4.0,Ivan Lendl; Boris Becker; Stefan Edberg; John McEnroe; Michael Chang; Brad Gilbert; Andre Agassi; Aaron Krickstein; Alberto Mancini; Jay Berger
1989-12-11,17.1,13.0,21.2,6.0,5.0,0.0,23.83,17.8,164.7,4.0,Ivan Lendl; Boris Becker; Stefan Edberg; John McEnroe; Michael Chang; Brad Gilbert; Andre Agassi; Aaron Krickstein; Alberto Mancini; Jay Berger
1989-12-18,17.4,13.0,21.2,6.0,5.0,0.0,23.84,17.82,165.7,4.0,Ivan Lendl; Boris Becker; Stefan Edberg; John McEnroe; Michael Chang; Brad Gilbert; Andre Agassi; Aaron Krickstein; Alberto Mancini; Jay Berger
1989-12-25,17.4,13.0,21.3,6.0,5.0,0.0,23.86,17.84,166.7,4.0,Ivan Lendl; Boris Becker; Stefan Edberg; John McEnroe; Michael Chang; Brad Gilbert; Andre Agassi; Aaron Krickstein; Alberto Mancini; Jay Berger
1990-01-01,17.4,13.0,21.3,6.0,5.0,0.0,23.88,17.86,167.7,4.0,Ivan Lendl; Boris Becker; Stefan Edberg; Brad Gilbert; John McEnroe; Michael Chang; Aaron Krickstein; Andre Agassi; Jay Berger; Alberto Mancini
1990-01-08,17.4,12.5,21.2,6.0,5.0,0.0,23.9,17.88,168.7,4.0,Ivan Lendl; Boris Becker; Stefan Edberg; Brad Gilbert; John McEnroe; Michael Chang; Aaron Krickstein; Andre Agassi; Jay Berger; Alberto Mancini
1990-01-15,17.3,12.5,21.2,6.0,5.0,0.0,23.92,17.9,169.7,4.0,Ivan Lendl; Boris Becker; Stefan Edberg; Brad Gilbert; John McEnroe; Michael Chang; Aaron Krickstein; Andre Agassi; Jay Berger; Alberto Mancini
1990-01-22,17.3,12.5,21.6,6.0,5.0,0.0,23.94,17.92,170.7,4.0,Ivan Lendl; Boris Becker; Stefan Edberg; Brad Gilbert; John McEnroe; Michael Chang; Aaron Krickstein; Andre Agassi; Jay Berger; Alberto Mancini
1990-01-29,10.1,7.0,29.4,4.0,5.0,2.0,25.09,17.94,232.5,4.0,Ivan Lendl; Boris Becker; Stefan Edberg; Brad Gilbert; Michael Chang; John McEnroe; Aaron Krickstein; Andre Agassi; Yannick Noah; Mats Wilander
1990-02-05,10.1,7.0,29.4,4.0,5.0,0.0,25.1,17.95,233.5,4.0,Ivan Lendl; Boris Becker; Stefan Edberg; Brad Gilbert; Michael Chang; John McEnroe; Aaron Krickstein; Andre Agassi; Yannick Noah; Mats Wilander
1990-02-12,12.3,7.0,16.9,4.0,5.0,1.0,24.47,17.97,208.2,3.0,Ivan Lendl; Boris Becker; Stefan Edberg; John McEnroe; Brad Gilbert; Michael Chang; Andre Agassi; Aaron Krickstein; Mats Wilander; Jay Berger
1990-02-19,12.1,10.0,20.2,5.0,5.0,1.0,24.9,17.99,180.5,3.0,Ivan Lendl; Boris Becker; Stefan Edberg; John McEnroe; Brad Gilbert; Andre Agassi; Aaron Krickstein; Tim Mayotte; Michael Chang; Jay Berger
1990-02-26,11.9,9.0,20.1,5.0,5.0,0.0,24.92,18.01,181.5,3.0,Ivan Lendl; Boris Becker; Stefan Edberg; Brad Gilbert; John McEnroe; Aaron Krickstein; Michael Chang; Andre Agassi; Tim Mayotte; Jay Berger
1990-03-05,11.3,8.0,20.1,4.0,6.0,0.0,24.93,18.03,182.5,3.0,Ivan Lendl; Boris Becker; Stefan Edberg; Brad Gilbert; John McEnroe; Aaron Krickstein; Michael Chang; Andre Agassi; Tim Mayotte; Jay Berger
1990-03-12,12.4,8.0,20.6,4.0,5.0,0.0,24.95,18.05,183.5,3.0,Ivan Lendl; Boris Becker; Stefan Edberg; Brad Gilbert; Andre Agassi; John McEnroe; Aaron Krickstein; Michael Chang; Jay Berger; Tim Mayotte
1990-03-19,11.1,8.5,20.6,5.0,5.0,0.0,24.97,18.07,184.5,3.0,Ivan Lendl; Boris Becker; Stefan Edberg; Brad Gilbert; Andre Agassi; John McEnroe; Aaron Krickstein; Michael Chang; Jay Berger; Tim Mayotte
1990-03-26,11.1,8.5,21.3,5.0,5.0,0.0,24.99,18.09,185.5,3.0,Ivan Lendl; Stefan Edberg; Boris Becker; Andre Agassi; Brad Gilbert; John McEnroe; Aaron Krickstein; Jay Berger; Michael Chang; Tim Mayotte
1990-04-02,11.8,8.5,21.3,5.0,5.0,0.0,25.01,18.11,186.5,3.0,Ivan Lendl; Stefan Edberg; Boris Becker; Andre Agassi; Brad Gilbert; John McEnroe; Aaron Krickstein; Jay Berger; Michael Chang; Tim Mayotte
1990-04-09,12.4,10.5,14.0,5.0,6.0,1.0,24.55,18.13,178.4,4.0,Ivan Lendl; Stefan Edberg; Boris Becker; Andre Agassi; Brad Gilbert; John McEnroe; Aaron Krickstein; Jay Berger; Michael Chang; Emilio Sanchez
1990-04-16,13.9,13.5,15.9,5.0,5.0,1.0,25.09,18.15,192.5,4.0,Ivan Lendl; Stefan Edberg; Boris Becker; Andre Agassi; Brad Gilbert; Aaron Krickstein; Jay Berger; John McEnroe; Andres Gomez; Michael Chang
1990-04-23,13.9,12.0,15.7,5.0,5.0,0.0,25.11,18.17,193.5,4.0,Ivan Lendl; Stefan Edberg; Boris Becker; Andre Agassi; Brad Gilbert; Aaron Krickstein; Jay Berger; John McEnroe; Andres Gomez; Michael Chang
1990-04-30,13.0,10.5,16.3,5.0,6.0,1.0,25.8,20.0,190.0,5.0,Ivan Lendl; Stefan Edberg; Boris Becker; Andre Agassi; Brad Gilbert; Aaron Krickstein; Emilio Sanchez; Jay Berger; John McEnroe; Andres Gomez
1990-05-07,13.1,10.0,17.3,5.0,6.0,0.0,25.82,20.02,191.0,5.0,Ivan Lendl; Stefan Edberg; Boris Becker; Andre Agassi; Brad Gilbert; Aaron Krickstein; Andres Gomez; Emilio Sanchez; Jay Berger; John McEnroe
1990-05-14,12.2,10.0,18.8,5.0,6.0,0.0,25.84,20.04,192.0,5.0,Ivan Lendl; Stefan Edberg; Boris Becker; Andre Agassi; Brad Gilbert; Aaron Krickstein; Andres Gomez; Emilio Sanchez; John McEnroe; Jay Berger
1990-05-21,11.9,10.0,21.5,5.0,6.0,2.0,25.08,20.06,139.1,7.0,Ivan Lendl; Stefan Edberg; Boris Becker; Brad Gilbert; Andre Agassi; Andres Gomez; Aaron Krickstein; Emilio Sanchez; Thomas Muster; Andrei Chesnokov
1990-05-28,12.0,10.0,20.4,5.0,6.0,0.0,25.1,20.08,140.1,7.0,Ivan Lendl; Stefan Edberg; Boris Becker; Brad Gilbert; Andre Agassi; Aaron Krickstein; Andres Gomez; Emilio Sanchez; Thomas Muster; Andrei Chesnokov
1990-06-04,12.0,10.0,20.4,5.0,6.0,0.0,25.12,20.1,141.1,7.0,Ivan Lendl; Stefan Edberg; Boris Becker; Brad Gilbert; Andre Agassi; Aaron Krickstein; Andres Gomez; Emilio Sanchez; Thomas Muster; Andrei Chesnokov
1990-06-11,10.2,7.5,33.6,4.0,6.0,1.0,25.83,20.12,195.1,6.0,Ivan Lendl; Boris Becker; Stefan Edberg; Andres Gomez; Andre Agassi; Brad Gilbert; Thomas Muster; Aaron Krickstein; Emilio Sanchez; John McEnroe
1990-06-18,10.1,7.5,33.6,4.0,6.0,0.0,25.85,20.14,196.1,6.0,Ivan Lendl; Boris Becker; Stefan Edberg; Andres Gomez; Andre Agassi; Brad Gilbert; Thomas Muster; Aaron Krickstein; Emilio Sanchez; John McEnroe
1990-06-25,10.1,7.5,29.8,4.0,6.0,0.0,25.87,20.16,197.1,6.0,Ivan Lendl; Boris Becker; Stefan Edberg; Andres Gomez; Andre Agassi; Brad Gilbert; Thomas Muster; Aaron Krickstein; Emilio Sanchez; John McEnroe
1990-07-02,10.1,7.5,29.8,4.0,6.0,0.0,25.89,20.18,198.1,6.0,Ivan Lendl; Boris Becker; Stefan Edberg; Andres Gomez; Andre Agassi; Brad Gilbert; Thomas Muster; Aaron Krickstein; Emilio Sanchez; John McEnroe
1990-07-09,14.3,10.5,30.7,5.0,6.0,1.0,25.35,20.19,145.4,7.0,Ivan Lendl; Stefan Edberg; Boris Becker; Andres Gomez; Andre Agassi; Brad Gilbert; Thomas Muster; Aaron Krickstein; Emilio Sanchez; Martin Jaite
1990-07-16,13.7,11.0,29.7,5.0,5.0,0.0,25.37,20.21,146.4,7.0,Ivan Lendl; Stefan Edberg; Boris Becker; Andre Agassi; Andres Gomez; Brad Gilbert; Thomas Muster; Aaron Krickstein; Emilio Sanchez; Martin Jaite
1990-07-23,14.1,10.0,29.7,5.0,5.0,0.0,25.39,20.23,147.4,7.0,Ivan Lendl; Stefan Edberg; Boris Becker; Andre Agassi; Andres Gomez; Brad Gilbert; Emilio Sanchez; Thomas Muster; Aaron Krickstein; Martin Jaite
1990-07-30,12.5,9.5,36.8,5.0,6.0,1.0,25.19,20.25,150.7,6.0,Ivan Lendl; Stefan Edberg; Boris Becker; Andre Agassi; Andres Gomez; Brad Gilbert; Emilio Sanchez; Thomas Muster; Aaron Krickstein; Jay Berger
1990-08-06,10.2,7.5,26.3,3.0,6.0,1.0,24.69,18.45,153.6,6.0,Ivan Lendl; Stefan Edberg; Boris Becker; Andre Agassi; Andres Gomez; Thomas Muster; Brad Gilbert; Emilio Sanchez; Aaron Krickstein; Michael Chang
1990-08-13,10.0,8.0,29.5,4.0,6.0,0.0,24.71,18.47,154.6,6.0,Stefan Edberg; Ivan Lendl; Boris Becker; Andre Agassi; Andres Gomez; Brad Gilbert; Thomas Muster; Emilio Sanchez; Aaron Krickstein; Michael Chang
1990-08-20,10.9,9.5,30.7,5.0,6.0,1.0,25.33,20.31,151.1,7.0,Stefan Edberg; Boris Becker; Ivan Lendl; Andre Agassi; Andres Gomez; Thomas Muster; Emilio Sanchez; Brad Gilbert; Aaron Krickstein; Andrei Chesnokov
1990-08-27,10.9,9.5,30.5,5.0,6.0,0.0,25.35,20.33,152.1,7.0,Stefan Edberg; Boris Becker; Ivan Lendl; Andre Agassi; Andres Gomez; Thomas Muster; Emilio Sanchez; Brad Gilbert; Aaron Krickstein; Andrei Chesnokov
1990-09-03,10.9,9.5,30.5,5.0,6.0,0.0,25.37,20.35,153.1,7.0,Stefan Edberg; Boris Becker; Ivan Lendl; Andre Agassi; Andres Gomez; Thomas Muster; Emilio Sanchez; Brad Gilbert; Aaron Krickstein; Andrei Chesnokov
1990-09-10,15.1,8.5,29.8,4.0,5.0,1.0,24.84,19.08,153.5,6.0,Stefan Edberg; Boris Becker; Ivan Lendl; Andre Agassi; Andres Gomez; Pete Sampras; Thomas Muster; Emilio Sanchez; Brad Gilbert; Aaron Krickstein
1990-09-17,15.6,11.0,24.2,5.0,5.0,0.0,24.85,19.1,154.5,6.0,Stefan Edberg; Boris Becker; Ivan Lendl; Andre Agassi; Andres Gomez; Pete Sampras; Thomas Muster; Emilio Sanchez; Brad Gilbert; Aaron Krickstein
1990-09-24,19.3,12.0,20.8,5.0,5.0,1.0,24.46,19.03,148.9,7.0,Stefan Edberg; Boris Becker; Ivan Lendl; Andre Agassi; Andres Gomez; Pete Sampras; Thomas Muster; Emilio Sanchez; Brad Gilbert; Goran Ivanisevic
1990-10-01,14.7,6.0,22.5,4.0,5.0,1.0,25.74,19.14,203.5,6.0,Stefan Edberg; Boris Becker; Ivan Lendl; Andre Agassi; Andres Gomez; Pete Sampras; Thomas Muster; Emilio Sanchez; John McEnroe; Brad Gilbert
1990-10-08,14.8,5.5,21.6,4.0,5.0,0.0,25.76,19.16,204.5,6.0,Stefan Edberg; Boris Becker; Ivan Lendl; Andre Agassi; Pete Sampras; Andres Gomez; Thomas Muster; Emilio Sanchez; John McEnroe; Brad Gilbert
1990-10-15,14.4,5.5,20.6,4.0,5.0,0.0,25.78,19.18,205.5,6.0,Stefan Edberg; Boris Becker; Ivan Lendl; Andre Agassi; Pete Sampras; Andres Gomez; Thomas Muster; Emilio Sanchez; Brad Gilbert; John McEnroe
1990-10-22,14.5,6.0,20.8,4.0,5.0,0.0,25.8,19.2,206.5,6.0,Stefan Edberg; Boris Becker; Ivan Lendl; Andre Agassi; Pete Sampras; Andres Gomez; Thomas Muster; Emilio Sanchez; John McEnroe; Brad Gilbert
1990-10-29,19.7,13.5,19.2,5.0,5.0,1.0,24.56,19.13,153.5,7.0,Stefan Edberg; Boris Becker; Ivan Lendl; Andre Agassi; Pete Sampras; Andres Gomez; Thomas Muster; Emilio Sanchez; Brad Gilbert; Goran Ivanisevic
1990-11-05,19.4,14.0,19.0,5.0,5.0,0.0,24.58,19.15,154.5,7.0,Stefan Edberg; Boris Becker; Ivan Lendl; Andre Agassi; Pete Sampras; Andres Gomez; Thomas Muster; Emilio Sanchez; Goran Ivanisevic; Brad Gilbert
1990-11-12,20.4,13.5,17.4,5.0,5.0,0.0,24.6,19.16,155.5,7.0,Stefan Edberg; Boris Becker; Ivan Lendl; Andre Agassi; Pete Sampras; Andres Gomez; Thomas Muster; Emilio Sanchez; Goran Ivanisevic; Brad Gilbert
1990-11-19,20.8,12.0,17.7,5.0,5.0,0.0,24.62,19.18,156.5,7.0,Stefan Edberg; Boris Becker; Ivan Lendl; Andre Agassi; Pete Sampras; Andres Gomez; Thomas Muster; Emilio Sanchez; Goran Ivanisevic; Brad Gilbert
1990-11-26,19.7,12.0,17.7,5.0,5.0,0.0,24.63,19.2,157.5,7.0,Stefan Edberg; Boris Becker; Ivan Lendl; Andre Agassi; Pete Sampras; Andres Gomez; Thomas Muster; Emilio Sanchez; Goran Ivanisevic; Brad Gilbert
1990-12-03,19.7,12.0,17.9,5.0,5.0,0.0,24.65,19.22,158.5,7.0,Stefan Edberg; Boris Becker; Ivan Lendl; Andre Agassi; Pete Sampras; Andres Gomez; Thomas Muster; Emilio Sanchez; Goran Ivanisevic; Brad Gilbert
1990-12-10,19.7,12.0,17.9,5.0,5.0,0.0,24.67,19.24,159.5,7.0,Stefan Edberg; Boris Becker; Ivan Lendl; Andre Agassi; Pete Sampras; Andres Gomez; Thomas Muster; Emilio Sanchez; Goran Ivanisevic; Brad Gilbert
1990-12-17,19.7,12.0,17.9,5.0,5.0,0.0,24.69,19.26,160.5,7.0,Stefan Edberg; Boris Becker; Ivan Lendl; Andre Agassi; Pete Sampras; Andres Gomez; Thomas Muster; Emilio Sanchez; Goran Ivanisevic; Brad Gilbert
1990-12-24,19.7,12.0,17.9,5.0,5.0,0.0,24.71,19.28,161.5,7.0,Stefan Edberg; Boris Becker; Ivan Lendl; Andre Agassi; Pete Sampras; Andres Gomez; Thomas Muster; Emilio Sanchez; Goran Ivanisevic; Brad Gilbert
1990-12-31,17.3,11.0,17.9,5.0,5.0,0.0,24.73,19.3,162.5,7.0,Stefan Edberg; Boris Becker; Ivan Lendl; Andre Agassi; Pete Sampras; Andres Gomez; Thomas Muster; Emilio Sanchez; Goran Ivanisevic; Brad Gilbert
1991-01-07,17.1,10.5,17.7,5.0,5.0,0.0,24.75,19.32,163.5,7.0,Stefan Edberg; Boris Becker; Ivan Lendl; Andre Agassi; Pete Sampras; Andres Gomez; Thomas Muster; Goran Ivanisevic; Emilio Sanchez; Brad Gilbert
1991-01-14,16.3,12.5,17.1,5.0,5.0,0.0,24.77,19.34,164.5,7.0,Stefan Edberg; Boris Becker; Ivan Lendl; Andre Agassi; Pete Sampras; Andres Gomez; Thomas Muster; Goran Ivanisevic; Emilio Sanchez; Brad Gilbert
1991-01-21,16.3,12.5,17.1,5.0,5.0,0.0,24.79,19.36,165.5,7.0,Stefan Edberg; Boris Becker; Ivan Lendl; Andre Agassi; Pete Sampras; Andres Gomez; Thomas Muster; Goran Ivanisevic; Emilio Sanchez; Brad Gilbert
1991-01-28,16.2,12.5,17.2,5.0,5.0,0.0,24.81,19.38,166.5,7.0,Boris Becker; Stefan Edberg; Ivan Lendl; Andre Agassi; Pete Sampras; Andres Gomez; Goran Ivanisevic; Thomas Muster; Emilio Sanchez; Brad Gilbert
1991-02-04,16.2,12.5,17.2,5.0,5.0,0.0,24.83,19.39,167.5,7.0,Boris Becker; Stefan Edberg; Ivan Lendl; Andre Agassi; Pete Sampras; Andres Gomez; Goran Ivanisevic; Thomas Muster; Emilio Sanchez; Brad Gilbert
1991-02-11,15.0,12.0,17.9,5.0,4.0,0.0,24.85,19.41,168.5,7.0,Boris Becker; Stefan Edberg; Ivan Lendl; Andre Agassi; Pete Sampras; Andres Gomez; Brad Gilbert; Goran Ivanisevic; Thomas Muster; Emilio Sanchez
1991-02-18,17.4,11.5,18.6,5.0,4.0,1.0,25.53,19.52,167.8,7.0,Stefan Edberg; Boris Becker; Ivan Lendl; Andre Agassi; Pete Sampras; Andres Gomez; Guy Forget; Brad Gilbert; Thomas Muster; Emilio Sanchez
1991-02-25,18.5,12.5,11.5,5.0,3.0,1.0,24.4,19.45,152.8,7.0,Stefan Edberg; Boris Becker; Ivan Lendl; Andre Agassi; Guy Forget; Pete Sampras; Goran Ivanisevic; Brad Gilbert; Thomas Muster; Emilio Sanchez
1991-03-04,21.4,16.0,16.2,6.0,3.0,1.0,24.56,19.47,161.2,8.0,Stefan Edberg; Boris Becker; Ivan Lendl; Andre Agassi; Guy Forget; Pete Sampras; Goran Ivanisevic; Emilio Sanchez; Thomas Muster; Andres Gomez
1991-03-11,18.1,10.0,14.7,5.0,4.0,1.0,25.2,19.49,166.3,7.0,Stefan Edberg; Boris Becker; Ivan Lendl; Andre Agassi; Guy Forget; Pete Sampras; Goran Ivanisevic; Emilio Sanchez; Andres Gomez; Brad Gilbert
1991-03-18,18.1,10.0,14.7,5.0,4.0,0.0,25.22,19.51,167.3,7.0,Stefan Edberg; Boris Becker; Ivan Lendl; Andre Agassi; Guy Forget; Pete Sampras; Goran Ivanisevic; Emilio Sanchez; Andres Gomez; Brad Gilbert
1991-03-25,17.9,11.0,14.5,5.0,3.0,2.0,24.05,19.53,145.5,5.0,Stefan Edberg; Boris Becker; Ivan Lendl; Guy Forget; Andre Agassi; Pete Sampras; Goran Ivanisevic; Brad Gilbert; Jim Courier; Jonas Svensson
1991-04-01,17.9,11.0,14.5,5.0,3.0,0.0,24.07,19.55,146.5,5.0,Stefan Edberg; Boris Becker; Ivan Lendl; Guy Forget; Andre Agassi; Pete Sampras; Goran Ivanisevic; Brad Gilbert; Jim Courier; Jonas Svensson
1991-04-08,19.0,16.5,14.6,6.0,3.0,1.0,23.64,19.57,137.4,6.0,Stefan Edberg; Boris Becker; Ivan Lendl; Guy Forget; Andre Agassi; Pete Sampras; Goran Ivanisevic; Jim Courier; Andrei Chesnokov; Jonas Svensson
1991-04-15,18.4,12.5,11.7,5.0,2.0,1.0,23.05,19.14,142.5,5.0,Stefan Edberg; Boris Becker; Ivan Lendl; Guy Forget; Andre Agassi; Pete Sampras; Jim Courier; Goran Ivanisevic; Michael Chang; Jonas Svensson
1991-04-22,17.2,12.5,11.8,5.0,2.0,0.0,23.07,19.16,143.5,5.0,Stefan Edberg; Boris Becker; Ivan Lendl; Andre Agassi; Guy Forget; Pete Sampras; Jim Courier; Goran Ivanisevic; Michael Chang; Jonas Svensson
1991-04-29,16.7,13.0,8.5,6.0,2.0,1.0,22.67,19.18,144.0,6.0,Stefan Edberg; Boris Becker; Ivan Lendl; Andre Agassi; Guy Forget; Pete Sampras; Goran Ivanisevic; Sergi Bruguera; Jim Courier; Michael Chang
1991-05-06,17.6,13.5,6.9,6.0,2.0,0.0,22.69,19.2,145.0,6.0,Stefan Edberg; Boris Becker; Ivan Lendl; Andre Agassi; Guy Forget; Pete Sampras; Goran Ivanisevic; Sergi Bruguera; Jim Courier; Michael Chang
1991-05-13,16.7,14.0,7.0,6.0,2.0,0.0,22.7,19.22,146.0,6.0,Stefan Edberg; Boris Becker; Ivan Lendl; Andre Agassi; Guy Forget; Pete Sampras; Goran Ivanisevic; Sergi Bruguera; Jim Courier; Michael Chang
1991-05-20,17.4,15.5,7.7,6.0,3.0,0.0,22.72,19.24,147.0,6.0,Stefan Edberg; Boris Becker; Ivan Lendl; Andre Agassi; Sergi Bruguera; Pete Sampras; Guy Forget; Goran Ivanisevic; Jim Courier; Michael Chang
1991-05-27,18.2,15.5,7.7,6.0,3.0,0.0,22.74,19.26,148.0,6.0,Stefan Edberg; Boris Becker; Ivan Lendl; Andre Agassi; Sergi Bruguera; Pete Sampras; Guy Forget; Goran Ivanisevic; Jim Courier; Michael Chang
1991-06-03,18.2,15.5,7.7,6.0,3.0,0.0,22.76,19.28,149.0,6.0,Stefan Edberg; Boris Becker; Ivan Lendl; Andre Agassi; Sergi Bruguera; Pete Sampras; Guy Forget; Goran Ivanisevic; Jim Courier; Michael Chang
1991-06-10,20.2,17.5,7.6,6.0,3.0,1.0,23.07,19.3,146.8,5.0,Stefan Edberg; Boris Becker; Ivan Lendl; Jim Courier; Andre Agassi; Sergi Bruguera; Guy Forget; Pete Sampras; Michael Stich; Michael Chang
1991-06-17,21.2,18.0,7.6,6.0,3.0,0.0,23.09,19.32,147.8,5.0,Stefan Edberg; Boris Becker; Ivan Lendl; Jim Courier; Andre Agassi; Sergi Bruguera; Guy Forget; Pete Sampras; Michael Stich; Michael Chang
1991-06-24,22.7,17.0,7.6,6.0,3.0,1.0,23.15,19.78,146.2,6.0,Stefan Edberg; Boris Becker; Ivan Lendl; Jim Courier; Andre Agassi; Sergi Bruguera; Michael Stich; Guy Forget; Pete Sampras; Goran Ivanisevic
1991-07-01,22.7,17.0,7.6,6.0,3.0,0.0,23.17,19.8,147.2,6.0,Stefan Edberg; Boris Becker; Ivan Lendl; Jim Courier; Andre Agassi; Sergi Bruguera; Michael Stich; Guy Forget; Pete Sampras; Goran Ivanisevic
1991-07-08,20.3,16.0,7.8,6.0,2.0,1.0,23.15,19.37,150.6,5.0,Boris Becker; Stefan Edberg; Ivan Lendl; Michael Stich; Jim Courier; Andre Agassi; Guy Forget; Sergi Bruguera; Pete Sampras; Michael Chang
1991-07-15,17.8,11.5,9.3,5.0,3.0,1.0,23.84,19.92,150.5,5.0,Boris Becker; Stefan Edberg; Ivan Lendl; Michael Stich; Jim Courier; Andre Agassi; Guy Forget; Sergi Bruguera; Pete Sampras; Emilio Sanchez
1991-07-22,17.8,11.5,9.3,5.0,3.0,0.0,23.86,19.94,151.5,5.0,Boris Becker; Stefan Edberg; Ivan Lendl; Michael Stich; Jim Courier; Andre Agassi; Guy Forget; Sergi Bruguera; Pete Sampras; Emilio Sanchez
1991-07-29,19.0,16.5,10.8,6.0,3.0,1.0,23.72,19.96,147.5,5.0,Boris Becker; Stefan Edberg; Michael Stich; Ivan Lendl; Jim Courier; Andre Agassi; Guy Forget; Sergi Bruguera; Pete Sampras; Magnus Gustafsson
1991-08-05,19.1,16.5,11.4,6.0,3.0,0.0,23.74,19.98,148.5,5.0,Boris Becker; Stefan Edberg; Michael Stich; Ivan Lendl; Jim Courier; Andre Agassi; Guy Forget; Pete Sampras; Sergi Bruguera; Magnus Gustafsson
1991-08-12,18.6,14.5,12.8,6.0,4.0,0.0,23.76,20.0,149.5,5.0,Boris Becker; Stefan Edberg; Michael Stich; Ivan Lendl; Jim Courier; Andre Agassi; Guy Forget; Pete Sampras; Sergi Bruguera; Magnus Gustafsson
1991-08-19,18.7,13.0,12.8,6.0,3.0,0.0,23.78,20.02,150.5,5.0,Boris Becker; Stefan Edberg; Michael Stich; Jim Courier; Ivan Lendl; Pete Sampras; Guy Forget; Andre Agassi; Sergi Bruguera; Magnus Gustafsson
1991-08-26,18.7,14.0,13.1,6.0,4.0,0.0,23.8,20.04,151.5,5.0,Boris Becker; Stefan Edberg; Ivan Lendl; Michael Stich; Jim Courier; Pete Sampras; Andre Agassi; Guy Forget; Sergi Bruguera; Magnus Gustafsson
1991-09-02,18.7,14.0,13.1,6.0,4.0,0.0,23.81,20.06,152.5,5.0,Boris Becker; Stefan Edberg; Ivan Lendl; Michael Stich; Jim Courier; Pete Sampras; Andre Agassi; Guy Forget; Sergi Bruguera; Magnus Gustafsson
1991-09-09,19.0,11.5,9.5,5.0,4.0,1.0,24.01,20.08,152.9,6.0,Stefan Edberg; Boris Becker; Jim Courier; Ivan Lendl; Michael Stich; Guy Forget; Pete Sampras; Andre Agassi; Sergi Bruguera; Karel Novacek
1991-09-16,17.8,10.5,9.7,5.0,4.0,0.0,24.03,20.1,153.9,6.0,Stefan Edberg; Boris Becker; Jim Courier; Ivan Lendl; Michael Stich; Guy Forget; Pete Sampras; Andre Agassi; Karel Novacek; Sergi Bruguera
1991-09-23,18.0,11.0,9.7,5.0,4.0,0.0,24.05,20.11,154.9,6.0,Stefan Edberg; Boris Becker; Jim Courier; Ivan Lendl; Michael Stich; Guy Forget; Pete Sampras; Andre Agassi; Karel Novacek; Sergi Bruguera
1991-09-30,17.3,10.5,9.5,5.0,4.0,0.0,24.07,20.13,155.9,6.0,Stefan Edberg; Boris Becker; Jim Courier; Ivan Lendl; Michael Stich; Guy Forget; Pete Sampras; Andre Agassi; Karel Novacek; Sergi Bruguera
1991-10-07,18.4,10.5,9.1,5.0,4.0,0.0,24.09,20.15,156.9,6.0,Stefan Edberg; Boris Becker; Jim Courier; Ivan Lendl; Michael Stich; Guy Forget; Pete Sampras; Andre Agassi; Sergi Bruguera; Karel Novacek
1991-10-14,18.8,10.0,9.4,5.0,4.0,0.0,24.11,20.17,157.9,6.0,Stefan Edberg; Boris Becker; Jim Courier; Michael Stich; Ivan Lendl; Guy Forget; Pete Sampras; Andre Agassi; Sergi Bruguera; Karel Novacek
1991-10-21,18.6,9.5,9.6,5.0,4.0,0.0,24.13,20.19,158.9,6.0,Stefan Edberg; Boris Becker; Jim Courier; Michael Stich; Ivan Lendl; Guy Forget; Pete Sampras; Andre Agassi; Sergi Bruguera; Karel Novacek
1991-10-28,19.1,9.5,9.6,5.0,4.0,0.0,24.14,20.21,159.9,6.0,Stefan Edberg; Boris Becker; Jim Courier; Michael Stich; Ivan Lendl; Guy Forget; Pete Sampras; Andre Agassi; Sergi Bruguera; Karel Novacek
1991-11-04,17.3,9.5,8.9,5.0,3.0,1.0,24.46,20.23,158.2,5.0,Stefan Edberg; Jim Courier; Boris Becker; Michael Stich; Ivan Lendl; Guy Forget; Pete Sampras; Andre Agassi; Petr Korda; Karel Novacek
1991-11-11,17.5,11.0,8.4,5.0,3.0,0.0,24.48,20.25,159.2,5.0,Stefan Edberg; Jim Courier; Boris Becker; Michael Stich; Ivan Lendl; Guy Forget; Pete Sampras; Andre Agassi; Karel Novacek; Petr Korda
1991-11-18,17.4,11.0,8.6,5.0,3.0,0.0,24.5,20.27,160.2,5.0,Stefan Edberg; Jim Courier; Boris Becker; Michael Stich; Ivan Lendl; Pete Sampras; Guy Forget; Karel Novacek; Petr Korda; Andre Agassi
1991-11-25,17.0,10.5,8.5,5.0,3.0,0.0,24.52,20.29,161.2,5.0,Stefan Edberg; Jim Courier; Boris Becker; Michael Stich; Ivan Lendl; Pete Sampras; Guy Forget; Karel Novacek; Petr Korda; Andre Agassi
1991-12-02,17.0,10.5,8.4,5.0,3.0,0.0,24.54,20.31,162.2,5.0,Stefan Edberg; Jim Courier; Boris Becker; Michael Stich; Ivan Lendl; Pete Sampras; Guy Forget; Karel Novacek; Petr Korda; Andre Agassi
1991-12-09,17.0,10.5,8.4,5.0,3.0,0.0,24.56,20.33,163.2,5.0,Stefan Edberg; Jim Courier; Boris Becker; Michael Stich; Ivan Lendl; Pete Sampras; Guy Forget; Karel Novacek; Petr Korda; Andre Agassi
1991-12-16,17.0,10.5,8.4,5.0,3.0,0.0,24.58,20.34,164.2,5.0,Stefan Edberg; Jim Courier; Boris Becker; Michael Stich; Ivan Lendl; Pete Sampras; Guy Forget; Karel Novacek; Petr Korda; Andre Agassi
1991-12-23,17.0,10.5,8.4,5.0,3.0,0.0,24.6,20.36,165.2,5.0,Stefan Edberg; Jim Courier; Boris Becker; Michael Stich; Ivan Lendl; Pete Sampras; Guy Forget; Karel Novacek; Petr Korda; Andre Agassi
1991-12-30,17.0,10.5,8.4,5.0,3.0,0.0,24.62,20.38,166.2,5.0,Stefan Edberg; Jim Courier; Boris Becker; Michael Stich; Ivan Lendl; Pete Sampras; Guy Forget; Karel Novacek; Petr Korda; Andre Agassi
1992-01-06,16.6,10.5,8.4,5.0,3.0,0.0,24.63,20.4,167.2,5.0,Stefan Edberg; Jim Courier; Boris Becker; Michael Stich; Ivan Lendl; Pete Sampras; Guy Forget; Karel Novacek; Petr Korda; Andre Agassi
1992-01-13,17.1,12.5,10.1,5.0,4.0,1.0,25.15,20.42,154.4,6.0,Stefan Edberg; Jim Courier; Boris Becker; Ivan Lendl; Michael Stich; Pete Sampras; Guy Forget; Petr Korda; Emilio Sanchez; Karel Novacek
1992-01-20,16.0,11.0,10.3,5.0,4.0,0.0,25.16,20.44,155.4,6.0,Stefan Edberg; Jim Courier; Boris Becker; Ivan Lendl; Michael Stich; Pete Sampras; Guy Forget; Petr Korda; Emilio Sanchez; Karel Novacek
1992-01-27,15.2,10.0,10.3,5.0,4.0,0.0,25.18,20.46,156.4,6.0,Stefan Edberg; Jim Courier; Michael Stich; Pete Sampras; Boris Becker; Ivan Lendl; Guy Forget; Emilio Sanchez; Petr Korda; Karel Novacek
1992-02-03,15.2,10.0,9.9,5.0,3.0,0.0,25.2,20.48,157.4,6.0,Stefan Edberg; Jim Courier; Michael Stich; Pete Sampras; Boris Becker; Ivan Lendl; Guy Forget; Emilio Sanchez; Petr Korda; Karel Novacek
1992-02-10,13.1,9.0,8.2,4.0,2.0,1.0,24.58,20.41,159.6,7.0,Jim Courier; Stefan Edberg; Michael Stich; Pete Sampras; Boris Becker; Ivan Lendl; Guy Forget; Emilio Sanchez; Petr Korda; Goran Ivanisevic
1992-02-17,11.6,8.5,9.6,4.0,4.0,1.0,24.88,20.43,161.3,7.0,Jim Courier; Stefan Edberg; Michael Stich; Boris Becker; Pete Sampras; Guy Forget; Ivan Lendl; Emilio Sanchez; Goran Ivanisevic; Karel Novacek
1992-02-24,15.1,6.5,8.7,3.0,2.0,1.0,24.61,20.45,161.5,7.0,Jim Courier; Stefan Edberg; Pete Sampras; Boris Becker; Michael Stich; Guy Forget; Goran Ivanisevic; Ivan Lendl; Petr Korda; Emilio Sanchez
1992-03-02,16.2,6.5,8.8,3.0,2.0,0.0,24.63,20.47,162.5,7.0,Jim Courier; Stefan Edberg; Boris Becker; Pete Sampras; Michael Stich; Guy Forget; Goran Ivanisevic; Ivan Lendl; Petr Korda; Emilio Sanchez
1992-03-09,15.3,6.5,6.3,4.0,1.0,1.0,23.98,20.04,163.6,6.0,Jim Courier; Stefan Edberg; Boris Becker; Pete Sampras; Michael Stich; Guy Forget; Goran Ivanisevic; Ivan Lendl; Michael Chang; Petr Korda
1992-03-16,15.3,6.5,6.3,4.0,1.0,0.0,24.0,20.06,164.6,6.0,Jim Courier; Stefan Edberg; Boris Becker; Pete Sampras; Michael Stich; Guy Forget; Goran Ivanisevic; Ivan Lendl; Michael Chang; Petr Korda
1992-03-23,13.8,6.5,6.5,3.0,1.0,0.0,24.02,20.08,165.6,6.0,Stefan Edberg; Jim Courier; Boris Becker; Pete Sampras; Michael Stich; Michael Chang; Guy Forget; Goran Ivanisevic; Ivan Lendl; Petr Korda
1992-03-30,13.8,6.5,6.5,3.0,1.0,0.0,24.04,20.1,166.6,6.0,Stefan Edberg; Jim Courier; Boris Becker; Pete Sampras; Michael Stich; Michael Chang; Guy Forget; Goran Ivanisevic; Ivan Lendl; Petr Korda
1992-04-06,14.1,6.5,6.4,3.0,1.0,0.0,24.06,20.12,167.6,6.0,Stefan Edberg; Jim Courier; Boris Becker; Pete Sampras; Michael Stich; Michael Chang; Guy Forget; Goran Ivanisevic; Ivan Lendl; Petr Korda
1992-04-13,13.7,6.5,6.6,2.0,1.0,0.0,24.08,20.14,168.6,6.0,Jim Courier; Stefan Edberg; Boris Becker; Pete Sampras; Michael Stich; Michael Chang; Guy Forget; Goran Ivanisevic; Petr Korda; Ivan Lendl
1992-04-20,13.7,6.5,6.6,2.0,1.0,0.0,24.09,20.16,169.6,6.0,Jim Courier; Stefan Edberg; Boris Becker; Pete Sampras; Michael Stich; Michael Chang; Guy Forget; Goran Ivanisevic; Petr Korda; Ivan Lendl
1992-04-27,14.4,6.5,6.8,2.0,2.0,0.0,24.11,20.18,170.6,6.0,Jim Courier; Stefan Edberg; Pete Sampras; Boris Becker; Michael Stich; Michael Chang; Guy Forget; Goran Ivanisevic; Petr Korda; Ivan Lendl
1992-05-04,14.5,6.5,6.5,2.0,2.0,0.0,24.13,20.2,171.6,6.0,Jim Courier; Stefan Edberg; Pete Sampras; Boris Becker; Michael Stich; Michael Chang; Guy Forget; Goran Ivanisevic; Petr Korda; Ivan Lendl
1992-05-11,13.9,6.5,6.4,2.0,1.0,0.0,24.15,20.22,172.6,6.0,Jim Courier; Stefan Edberg; Boris Becker; Pete Sampras; Michael Stich; Michael Chang; Guy Forget; Goran Ivanisevic; Petr Korda; Ivan Lendl
1992-05-18,32.4,8.5,10.8,3.0,2.0,1.0,23.36,20.24,111.7,7.0,Jim Courier; Stefan Edberg; Pete Sampras; Boris Becker; Michael Stich; Michael Chang; Guy Forget; Petr Korda; Goran Ivanisevic; Carlos Costa
1992-05-25,32.5,8.5,10.7,3.0,2.0,0.0,23.38,20.25,112.7,7.0,Jim Courier; Stefan Edberg; Pete Sampras; Boris Becker; Michael Stich; Michael Chang; Guy Forget; Petr Korda; Goran Ivanisevic; Carlos Costa
1992-06-01,32.5,8.5,10.7,3.0,2.0,0.0,23.4,20.27,113.7,7.0,Jim Courier; Stefan Edberg; Pete Sampras; Boris Becker; Michael Stich; Michael Chang; Guy Forget; Petr Korda; Goran Ivanisevic; Carlos Costa
1992-06-08,29.4,8.5,10.8,3.0,3.0,0.0,23.42,20.29,114.7,7.0,Jim Courier; Stefan Edberg; Pete Sampras; Boris Becker; Michael Stich; Petr Korda; Michael Chang; Goran Ivanisevic; Guy Forget; Carlos Costa
1992-06-15,29.4,8.5,10.7,3.0,3.0,0.0,23.44,20.31,115.7,7.0,Jim Courier; Stefan Edberg; Pete Sampras; Michael Stich; Boris Becker; Petr Korda; Michael Chang; Goran Ivanisevic; Guy Forget; Carlos Costa
1992-06-22,26.4,8.5,10.1,3.0,3.0,0.0,23.45,20.33,116.7,7.0,Jim Courier; Stefan Edberg; Pete Sampras; Michael Stich; Boris Becker; Petr Korda; Michael Chang; Goran Ivanisevic; Guy Forget; Carlos Costa
1992-06-29,26.4,8.5,10.1,3.0,3.0,0.0,23.47,20.35,117.7,7.0,Jim Courier; Stefan Edberg; Pete Sampras; Michael Stich; Boris Becker; Petr Korda; Michael Chang; Goran Ivanisevic; Guy Forget; Carlos Costa
1992-07-06,12.7,6.5,8.9,2.0,3.0,1.0,23.29,20.37,136.8,6.0,Jim Courier; Stefan Edberg; Pete Sampras; Goran Ivanisevic; Petr Korda; Boris Becker; Michael Chang; Michael Stich; Andre Agassi; Guy Forget
1992-07-13,12.6,6.5,8.9,3.0,3.0,0.0,23.31,20.39,137.8,6.0,Jim Courier; Stefan Edberg; Pete Sampras; Goran Ivanisevic; Petr Korda; Boris Becker; Michael Chang; Michael Stich; Andre Agassi; Guy Forget
1992-07-20,12.6,6.5,8.6,3.0,3.0,0.0,23.33,20.41,138.8,6.0,Jim Courier; Stefan Edberg; Pete Sampras; Goran Ivanisevic; Petr Korda; Boris Becker; Michael Chang; Michael Stich; Andre Agassi; Guy Forget
1992-07-27,9.8,6.5,9.4,3.0,3.0,0.0,23.35,20.43,139.8,6.0,Jim Courier; Stefan Edberg; Pete Sampras; Goran Ivanisevic; Boris Becker; Michael Chang; Petr Korda; Andre Agassi; Guy Forget; Michael Stich
1992-08-03,10.1,6.5,9.0,3.0,3.0,0.0,23.37,20.45,140.8,6.0,Jim Courier; Stefan Edberg; Pete Sampras; Goran Ivanisevic; Boris Becker; Michael Chang; Petr Korda; Andre Agassi; Guy Forget; Michael Stich
1992-08-10,22.7,7.0,11.0,4.0,3.0,1.0,23.06,20.47,134.8,6.0,Jim Courier; Stefan Edberg; Pete Sampras; Goran Ivanisevic; Michael Chang; Petr Korda; Boris Becker; Andre Agassi; Michael Stich; Carlos Costa
1992-08-17,8.1,5.5,7.5,3.0,2.0,1.0,23.89,20.48,196.9,5.0,Jim Courier; Stefan Edberg; Pete Sampras; Michael Chang; Goran Ivanisevic; Andre Agassi; Ivan Lendl; Petr Korda; Boris Becker; Michael Stich
1992-08-24,20.5,6.5,10.1,4.0,4.0,1.0,23.96,20.5,192.4,6.0,Jim Courier; Stefan Edberg; Pete Sampras; Michael Chang; Goran Ivanisevic; Petr Korda; Boris Becker; Andre Agassi; Ivan Lendl; Carlos Costa
1992-08-31,20.5,6.5,9.8,4.0,4.0,0.0,23.98,20.52,193.4,6.0,Jim Courier; Stefan Edberg; Pete Sampras; Michael Chang; Goran Ivanisevic; Petr Korda; Ivan Lendl; Boris Becker; Andre Agassi; Carlos Costa
1992-09-07,15.5,7.5,9.8,4.0,4.0,0.0,24.0,20.54,194.4,6.0,Jim Courier; Stefan Edberg; Pete Sampras; Michael Chang; Goran Ivanisevic; Petr Korda; Ivan Lendl; Boris Becker; Andre Agassi; Carlos Costa
1992-09-14,14.3,7.5,9.8,4.0,4.0,1.0,23.67,20.56,194.3,6.0,Stefan Edberg; Jim Courier; Pete Sampras; Michael Chang; Goran Ivanisevic; Andre Agassi; Petr Korda; Boris Becker; Ivan Lendl; Wayne Ferreira
1992-09-21,14.2,7.5,9.7,4.0,4.0,0.0,23.69,20.58,195.3,6.0,Stefan Edberg; Jim Courier; Pete Sampras; Michael Chang; Goran Ivanisevic; Andre Agassi; Petr Korda; Boris Becker; Ivan Lendl; Wayne Ferreira
1992-09-28,14.4,7.5,9.7,4.0,4.0,0.0,23.71,20.6,196.3,6.0,Stefan Edberg; Jim Courier; Pete Sampras; Michael Chang; Goran Ivanisevic; Andre Agassi; Petr Korda; Boris Becker; Ivan Lendl; Wayne Ferreira
1992-10-05,12.5,7.5,9.8,4.0,4.0,0.0,23.73,20.62,197.3,6.0,Jim Courier; Pete Sampras; Stefan Edberg; Michael Chang; Petr Korda; Boris Becker; Andre Agassi; Goran Ivanisevic; Ivan Lendl; Wayne Ferreira
1992-10-12,12.5,7.5,10.3,4.0,5.0,0.0,23.75,20.64,198.3,6.0,Jim Courier; Pete Sampras; Stefan Edberg; Michael Chang; Petr Korda; Goran Ivanisevic; Boris Becker; Andre Agassi; Ivan Lendl; Wayne Ferreira
1992-10-19,12.5,7.5,10.6,4.0,5.0,0.0,23.77,20.66,199.3,6.0,Jim Courier; Stefan Edberg; Pete Sampras; Michael Chang; Goran Ivanisevic; Petr Korda; Boris Becker; Ivan Lendl; Andre Agassi; Wayne Ferreira
1992-10-26,12.2,7.5,10.4,4.0,4.0,0.0,23.79,20.68,200.3,6.0,Jim Courier; Pete Sampras; Stefan Edberg; Michael Chang; Petr Korda; Ivan Lendl; Goran Ivanisevic; Andre Agassi; Wayne Ferreira; Boris Becker
1992-11-02,11.7,7.5,10.7,3.0,5.0,0.0,23.81,20.7,201.3,6.0,Jim Courier; Pete Sampras; Stefan Edberg; Goran Ivanisevic; Michael Chang; Petr Korda; Ivan Lendl; Andre Agassi; Boris Becker; Wayne Ferreira
1992-11-09,11.7,7.5,11.0,3.0,4.0,0.0,23.83,20.71,202.3,6.0,Jim Courier; Pete Sampras; Stefan Edberg; Goran Ivanisevic; Boris Becker; Michael Chang; Petr Korda; Ivan Lendl; Andre Agassi; Wayne Ferreira
1992-11-16,10.7,7.5,10.4,3.0,5.0,1.0,23.82,20.73,202.4,6.0,Jim Courier; Stefan Edberg; Pete Sampras; Goran Ivanisevic; Michael Chang; Petr Korda; Boris Becker; Ivan Lendl; Andre Agassi; Richard Krajicek
1992-11-23,10.7,7.5,10.5,3.0,5.0,0.0,23.84,20.75,203.4,6.0,Jim Courier; Stefan Edberg; Pete Sampras; Goran Ivanisevic; Boris Becker; Michael Chang; Petr Korda; Ivan Lendl; Andre Agassi; Richard Krajicek
1992-11-30,11.2,7.5,10.5,3.0,5.0,0.0,23.86,20.77,204.4,6.0,Jim Courier; Stefan Edberg; Pete Sampras; Goran Ivanisevic; Boris Becker; Michael Chang; Petr Korda; Ivan Lendl; Andre Agassi; Richard Krajicek
1992-12-07,11.2,7.5,10.5,3.0,5.0,0.0,23.88,20.79,205.4,6.0,Jim Courier; Stefan Edberg; Pete Sampras; Goran Ivanisevic; Boris Becker; Michael Chang; Petr Korda; Ivan Lendl; Andre Agassi; Richard Krajicek
1992-12-14,11.2,7.5,10.5,3.0,5.0,0.0,23.9,20.81,206.4,6.0,Jim Courier; Stefan Edberg; Pete Sampras; Goran Ivanisevic; Boris Becker; Michael Chang; Petr Korda; Ivan Lendl; Andre Agassi; Richard Krajicek
1992-12-21,11.2,7.5,10.5,3.0,5.0,0.0,23.92,20.83,207.4,6.0,Jim Courier; Stefan Edberg; Pete Sampras; Goran Ivanisevic; Boris Becker; Michael Chang; Petr Korda; Ivan Lendl; Andre Agassi; Richard Krajicek
1992-12-28,11.2,7.5,10.5,3.0,5.0,0.0,23.94,20.85,208.4,6.0,Jim Courier; Stefan Edberg; Pete Sampras; Goran Ivanisevic; Boris Becker; Michael Chang; Petr Korda; Ivan Lendl; Andre Agassi; Richard Krajicek
1993-01-04,10.8,7.5,10.5,3.0,5.0,0.0,23.96,20.87,209.4,6.0,Jim Courier; Stefan Edberg; Pete Sampras; Goran Ivanisevic; Boris Becker; Michael Chang; Petr Korda; Ivan Lendl; Andre Agassi; Richard Krajicek
1993-01-11,10.9,7.0,10.5,4.0,5.0,0.0,23.98,20.89,210.4,6.0,Jim Courier; Stefan Edberg; Pete Sampras; Boris Becker; Goran Ivanisevic; Michael Chang; Petr Korda; Ivan Lendl; Andre Agassi; Richard Krajicek
1993-01-18,10.9,7.0,10.2,4.0,5.0,0.0,24.0,20.91,211.4,6.0,Jim Courier; Stefan Edberg; Pete Sampras; Boris Becker; Goran Ivanisevic; Michael Chang; Petr Korda; Ivan Lendl; Andre Agassi; Richard Krajicek
1993-01-25,9.5,7.5,10.2,4.0,5.0,0.0,24.02,20.93,212.4,6.0,Jim Courier; Stefan Edberg; Pete Sampras; Boris Becker; Goran Ivanisevic; Michael Chang; Petr Korda; Ivan Lendl; Andre Agassi; Richard Krajicek
1993-02-01,7.4,6.5,35.0,3.0,5.0,1.0,24.73,20.94,220.0,6.0,Jim Courier; Pete Sampras; Stefan Edberg; Boris Becker; Goran Ivanisevic; Michael Chang; Petr Korda; Ivan Lendl; Andre Agassi; Guy Forget
1993-02-08,7.0,6.5,35.3,2.0,5.0,0.0,24.75,20.96,221.0,6.0,Jim Courier; Pete Sampras; Stefan Edberg; Boris Becker; Goran Ivanisevic; Petr Korda; Michael Chang; Andre Agassi; Ivan Lendl; Guy Forget
1993-02-15,7.8,8.0,10.3,4.0,4.0,1.0,24.16,20.98,216.8,6.0,Jim Courier; Pete Sampras; Stefan Edberg; Boris Becker; Goran Ivanisevic; Petr Korda; Michael Chang; Andre Agassi; Ivan Lendl; Sergi Bruguera
1993-02-22,6.7,6.0,10.2,2.0,4.0,1.0,24.41,21.0,221.3,5.0,Jim Courier; Pete Sampras; Stefan Edberg; Boris Becker; Michael Chang; Petr Korda; Goran Ivanisevic; Andre Agassi; Ivan Lendl; Michael Stich
1993-03-01,6.6,6.0,10.1,2.0,4.0,0.0,24.43,21.02,222.3,5.0,Jim Courier; Pete Sampras; Stefan Edberg; Boris Becker; Michael Chang; Petr Korda; Goran Ivanisevic; Andre Agassi; Ivan Lendl; Michael Stich
1993-03-08,6.3,6.0,10.0,1.0,4.0,0.0,24.44,21.04,223.3,5.0,Jim Courier; Pete Sampras; Stefan Edberg; Boris Becker; Petr Korda; Goran Ivanisevic; Michael Chang; Andre Agassi; Ivan Lendl; Michael Stich
1993-03-15,6.3,6.0,10.0,1.0,4.0,0.0,24.46,21.06,224.3,5.0,Jim Courier; Pete Sampras; Stefan Edberg; Boris Becker; Petr Korda; Goran Ivanisevic; Michael Chang; Andre Agassi; Ivan Lendl; Michael Stich
1993-03-22,6.2,5.5,8.7,1.0,4.0,0.0,24.48,21.08,225.3,5.0,Jim Courier; Pete Sampras; Stefan Edberg; Boris Becker; Petr Korda; Goran Ivanisevic; Andre Agassi; Ivan Lendl; Michael Chang; Michael Stich
1993-03-29,6.2,5.5,8.7,1.0,4.0,0.0,24.5,21.1,226.3,5.0,Jim Courier; Pete Sampras; Stefan Edberg; Boris Becker; Petr Korda; Goran Ivanisevic; Andre Agassi; Ivan Lendl; Michael Chang; Michael Stich
1993-04-05,6.4,5.5,8.8,1.0,4.0,0.0,24.52,21.12,227.3,5.0,Jim Courier; Pete Sampras; Stefan Edberg; Boris Becker; Petr Korda; Goran Ivanisevic; Andre Agassi; Michael Chang; Ivan Lendl; Michael Stich
1993-04-12,6.5,5.5,8.7,1.0,4.0,0.0,24.54,21.14,228.3,5.0,Pete Sampras; Jim Courier; Stefan Edberg; Boris Becker; Petr Korda; Goran Ivanisevic; Andre Agassi; Ivan Lendl; Michael Chang; Michael Stich
1993-04-19,6.4,5.5,9.0,1.0,4.0,0.0,24.56,21.16,229.3,5.0,Pete Sampras; Jim Courier; Stefan Edberg; Boris Becker; Petr Korda; Goran Ivanisevic; Andre Agassi; Ivan Lendl; Michael Chang; Michael Stich
1993-04-26,8.7,7.0,9.3,2.0,4.0,1.0,24.35,21.17,225.9,6.0,Pete Sampras; Jim Courier; Stefan Edberg; Boris Becker; Petr Korda; Goran Ivanisevic; Andre Agassi; Ivan Lendl; Sergi Bruguera; Michael Chang
1993-05-03,7.1,7.0,9.4,2.0,4.0,0.0,24.37,21.19,226.9,6.0,Pete Sampras; Jim Courier; Stefan Edberg; Boris Becker; Petr Korda; Goran Ivanisevic; Ivan Lendl; Andre Agassi; Michael Chang; Sergi Bruguera
1993-05-10,5.9,5.5,9.6,1.0,4.0,1.0,24.62,21.21,232.1,5.0,Pete Sampras; Jim Courier; Stefan Edberg; Boris Becker; Petr Korda; Goran Ivanisevic; Ivan Lendl; Andre Agassi; Michael Stich; Michael Chang
1993-05-17,6.1,5.5,9.5,2.0,3.0,0.0,24.64,21.23,233.1,5.0,Pete Sampras; Jim Courier; Stefan Edberg; Boris Becker; Goran Ivanisevic; Petr Korda; Ivan Lendl; Andre Agassi; Michael Chang; Michael Stich
1993-05-24,6.1,5.5,9.5,2.0,3.0,0.0,24.66,21.25,234.1,5.0,Pete Sampras; Jim Courier; Stefan Edberg; Boris Becker; Goran Ivanisevic; Petr Korda; Ivan Lendl; Andre Agassi; Michael Chang; Michael Stich
1993-05-31,6.1,5.5,9.5,2.0,3.0,0.0,24.67,21.27,235.1,5.0,Pete Sampras; Jim Courier; Stefan Edberg; Boris Becker; Goran Ivanisevic; Petr Korda; Ivan Lendl; Andre Agassi; Michael Chang; Michael Stich
1993-06-07,18.5,5.5,7.8,3.0,2.0,2.0,24.37,18.77,203.1,7.0,Pete Sampras; Jim Courier; Stefan Edberg; Boris Becker; Sergi Bruguera; Goran Ivanisevic; Ivan Lendl; Andrei Medvedev; Michael Stich; Petr Korda
1993-06-14,18.5,5.5,7.8,3.0,2.0,0.0,24.39,18.79,204.1,7.0,Pete Sampras; Jim Courier; Stefan Edberg; Boris Becker; Sergi Bruguera; Goran Ivanisevic; Ivan Lendl; Michael Stich; Andrei Medvedev; Petr Korda
1993-06-21,15.8,5.5,7.9,3.0,2.0,0.0,24.41,18.81,205.1,7.0,Pete Sampras; Jim Courier; Stefan Edberg; Boris Becker; Sergi Bruguera; Goran Ivanisevic; Ivan Lendl; Michael Stich; Andrei Medvedev; Petr Korda
1993-06-28,15.8,5.5,7.9,3.0,2.0,0.0,24.43,18.83,206.1,7.0,Pete Sampras; Jim Courier; Stefan Edberg; Boris Becker; Sergi Bruguera; Goran Ivanisevic; Ivan Lendl; Michael Stich; Andrei Medvedev; Petr Korda
1993-07-05,15.8,5.5,8.6,3.0,3.0,0.0,24.45,18.84,207.1,7.0,Pete Sampras; Jim Courier; Stefan Edberg; Boris Becker; Sergi Bruguera; Ivan Lendl; Michael Stich; Andrei Medvedev; Petr Korda; Goran Ivanisevic
1993-07-12,16.0,5.5,8.5,3.0,3.0,0.0,24.47,18.86,208.1,7.0,Pete Sampras; Jim Courier; Stefan Edberg; Boris Becker; Sergi Bruguera; Ivan Lendl; Michael Stich; Andrei Medvedev; Petr Korda; Goran Ivanisevic
1993-07-19,7.5,6.5,10.1,3.0,3.0,2.0,24.35,21.4,213.2,6.0,Pete Sampras; Jim Courier; Stefan Edberg; Boris Becker; Sergi Bruguera; Ivan Lendl; Michael Stich; Michael Chang; Richard Krajicek; Goran Ivanisevic
1993-07-26,7.8,5.5,9.8,3.0,3.0,0.0,24.37,21.42,214.2,6.0,Pete Sampras; Jim Courier; Stefan Edberg; Boris Becker; Sergi Bruguera; Michael Stich; Ivan Lendl; Michael Chang; Richard Krajicek; Goran Ivanisevic
1993-08-02,7.9,6.5,10.8,3.0,4.0,1.0,24.75,21.44,212.9,6.0,Pete Sampras; Jim Courier; Stefan Edberg; Boris Becker; Sergi Bruguera; Michael Stich; Ivan Lendl; Petr Korda; Michael Chang; Richard Krajicek
1993-08-09,7.5,6.5,11.2,3.0,3.0,0.0,24.77,21.46,213.9,6.0,Pete Sampras; Jim Courier; Stefan Edberg; Boris Becker; Sergi Bruguera; Michael Stich; Ivan Lendl; Richard Krajicek; Michael Chang; Petr Korda
1993-08-16,7.4,6.5,8.3,2.0,2.0,1.0,23.64,21.48,158.9,7.0,Pete Sampras; Jim Courier; Stefan Edberg; Boris Becker; Sergi Bruguera; Michael Stich; Michael Chang; Richard Krajicek; Petr Korda; Goran Ivanisevic
1993-08-23,10.8,6.5,9.1,4.0,3.0,1.0,23.36,18.98,149.3,7.0,Jim Courier; Pete Sampras; Stefan Edberg; Boris Becker; Sergi Bruguera; Michael Stich; Michael Chang; Andrei Medvedev; Petr Korda; Richard Krajicek
1993-08-30,10.6,6.5,7.9,4.0,2.0,1.0,23.02,19.0,152.3,7.0,Jim Courier; Pete Sampras; Stefan Edberg; Boris Becker; Sergi Bruguera; Michael Stich; Michael Chang; Andrei Medvedev; Richard Krajicek; Goran Ivanisevic
1993-09-06,10.6,6.5,7.9,4.0,2.0,0.0,23.04,19.02,153.3,7.0,Jim Courier; Pete Sampras; Stefan Edberg; Boris Becker; Sergi Bruguera; Michael Stich; Michael Chang; Andrei Medvedev; Richard Krajicek; Goran Ivanisevic
1993-09-13,10.5,6.5,8.6,4.0,3.0,0.0,23.06,19.04,154.3,7.0,Pete Sampras; Jim Courier; Boris Becker; Sergi Bruguera; Stefan Edberg; Michael Stich; Andrei Medvedev; Michael Chang; Richard Krajicek; Goran Ivanisevic
1993-09-20,10.0,6.5,8.7,4.0,3.0,0.0,23.07,19.06,155.3,7.0,Pete Sampras; Jim Courier; Boris Becker; Sergi Bruguera; Stefan Edberg; Michael Stich; Andrei Medvedev; Michael Chang; Goran Ivanisevic; Richard Krajicek
1993-09-27,9.7,6.5,8.7,4.0,3.0,0.0,23.09,19.07,156.3,7.0,Pete Sampras; Jim Courier; Boris Becker; Sergi Bruguera; Stefan Edberg; Michael Stich; Andrei Medvedev; Michael Chang; Goran Ivanisevic; Richard Krajicek
1993-10-04,9.6,7.0,8.9,4.0,3.0,0.0,23.11,19.09,157.3,7.0,Pete Sampras; Jim Courier; Stefan Edberg; Sergi Bruguera; Boris Becker; Michael Stich; Michael Chang; Andrei Medvedev; Goran Ivanisevic; Richard Krajicek
1993-10-11,10.8,10.5,8.7,5.0,4.0,1.0,23.53,19.11,152.7,7.0,Pete Sampras; Jim Courier; Boris Becker; Michael Stich; Sergi Bruguera; Stefan Edberg; Michael Chang; Andrei Medvedev; Thomas Muster; Richard Krajicek
1993-10-18,14.1,11.5,10.1,5.0,4.0,1.0,23.79,19.13,151.3,7.0,Pete Sampras; Jim Courier; Boris Becker; Michael Stich; Sergi Bruguera; Stefan Edberg; Michael Chang; Andrei Medvedev; Thomas Muster; Cedric Pioline
1993-10-25,10.2,8.5,7.0,4.0,3.0,1.0,23.59,19.15,164.0,7.0,Pete Sampras; Jim Courier; Boris Becker; Michael Stich; Sergi Bruguera; Stefan Edberg; Michael Chang; Andrei Medvedev; Thomas Muster; Goran Ivanisevic
1993-11-01,13.2,12.0,11.3,5.0,4.0,1.0,23.83,19.17,153.2,7.0,Pete Sampras; Jim Courier; Michael Stich; Boris Becker; Sergi Bruguera; Stefan Edberg; Michael Chang; Andrei Medvedev; Thomas Muster; Cedric Pioline
1993-11-08,9.5,5.5,7.8,4.0,3.0,1.0,23.63,19.19,165.9,7.0,Pete Sampras; Jim Courier; Michael Stich; Sergi Bruguera; Stefan Edberg; Andrei Medvedev; Boris Becker; Michael Chang; Goran Ivanisevic; Thomas Muster
1993-11-15,12.1,10.0,12.7,5.0,4.0,1.0,23.49,19.21,123.5,8.0,Pete Sampras; Jim Courier; Michael Stich; Sergi Bruguera; Stefan Edberg; Andrei Medvedev; Michael Chang; Goran Ivanisevic; Thomas Muster; Cedric Pioline
1993-11-22,12.2,10.5,12.7,5.0,4.0,0.0,23.51,19.23,124.5,8.0,Pete Sampras; Michael Stich; Jim Courier; Sergi Bruguera; Stefan Edberg; Andrei Medvedev; Goran Ivanisevic; Michael Chang; Thomas Muster; Cedric Pioline
1993-11-29,12.2,10.5,12.7,5.0,4.0,0.0,23.53,19.25,125.5,8.0,Pete Sampras; Michael Stich; Jim Courier; Sergi Bruguera; Stefan Edberg; Andrei Medvedev; Goran Ivanisevic; Michael Chang; Thomas Muster; Cedric Pioline
1993-12-06,12.2,10.5,12.7,5.0,4.0,0.0,23.55,19.27,126.5,8.0,Pete Sampras; Michael Stich; Jim Courier; Sergi Bruguera; Stefan Edberg; Andrei Medvedev; Goran Ivanisevic; Michael Chang; Thomas Muster; Cedric Pioline
1993-12-13,12.2,10.5,12.7,5.0,4.0,0.0,23.57,19.29,127.5,8.0,Pete Sampras; Michael Stich; Jim Courier; Sergi Bruguera; Stefan Edberg; Andrei Medvedev; Goran Ivanisevic; Michael Chang; Thomas Muster; Cedric Pioline
1993-12-20,12.2,10.5,12.7,5.0,4.0,0.0,23.58,19.3,128.5,8.0,Pete Sampras; Michael Stich; Jim Courier; Sergi Bruguera; Stefan Edberg; Andrei Medvedev; Goran Ivanisevic; Michael Chang; Thomas Muster; Cedric Pioline
1993-12-27,12.2,10.5,12.7,5.0,4.0,0.0,23.6,19.32,129.5,8.0,Pete Sampras; Michael Stich; Jim Courier; Sergi Bruguera; Stefan Edberg; Andrei Medvedev; Goran Ivanisevic; Michael Chang; Thomas Muster; Cedric Pioline
1994-01-03,12.2,10.5,12.7,5.0,4.0,0.0,23.62,19.34,130.5,8.0,Pete Sampras; Michael Stich; Jim Courier; Sergi Bruguera; Stefan Edberg; Andrei Medvedev; Goran Ivanisevic; Michael Chang; Thomas Muster; Cedric Pioline
1994-01-10,12.2,10.5,12.5,5.0,4.0,0.0,23.64,19.36,131.5,8.0,Pete Sampras; Michael Stich; Jim Courier; Stefan Edberg; Sergi Bruguera; Andrei Medvedev; Michael Chang; Goran Ivanisevic; Thomas Muster; Cedric Pioline
1994-01-17,12.5,10.5,12.6,5.0,4.0,0.0,23.66,19.38,132.5,8.0,Pete Sampras; Michael Stich; Jim Courier; Stefan Edberg; Sergi Bruguera; Andrei Medvedev; Michael Chang; Goran Ivanisevic; Cedric Pioline; Thomas Muster
1994-01-24,12.5,10.5,12.6,5.0,4.0,0.0,23.68,19.4,133.5,8.0,Pete Sampras; Michael Stich; Jim Courier; Stefan Edberg; Sergi Bruguera; Andrei Medvedev; Michael Chang; Goran Ivanisevic; Cedric Pioline; Thomas Muster
1994-01-31,17.8,10.0,9.0,5.0,4.0,1.0,23.59,19.42,133.2,7.0,Pete Sampras; Michael Stich; Jim Courier; Sergi Bruguera; Stefan Edberg; Andrei Medvedev; Goran Ivanisevic; Todd Martin; Michael Chang; Thomas Muster
1994-02-07,21.6,10.5,20.7,5.0,4.0,1.0,23.69,19.44,126.9,6.0,Pete Sampras; Michael Stich; Jim Courier; Sergi Bruguera; Stefan Edberg; Andrei Medvedev; Goran Ivanisevic; Michael Chang; Todd Martin; Magnus Gustafsson
1994-02-14,16.6,8.5,20.7,4.0,4.0,0.0,23.71,19.46,127.9,6.0,Pete Sampras; Michael Stich; Jim Courier; Sergi Bruguera; Stefan Edberg; Andrei Medvedev; Goran Ivanisevic; Todd Martin; Michael Chang; Magnus Gustafsson
1994-02-21,17.0,8.5,25.0,4.0,5.0,0.0,23.73,19.48,128.9,6.0,Pete Sampras; Jim Courier; Stefan Edberg; Michael Stich; Sergi Bruguera; Goran Ivanisevic; Andrei Medvedev; Michael Chang; Todd Martin; Magnus Gustafsson
1994-02-28,17.3,8.5,26.4,4.0,5.0,0.0,23.74,19.5,129.9,6.0,Pete Sampras; Michael Stich; Jim Courier; Stefan Edberg; Sergi Bruguera; Goran Ivanisevic; Andrei Medvedev; Michael Chang; Todd Martin; Magnus Gustafsson
1994-03-07,17.3,8.5,28.3,4.0,5.0,0.0,23.76,19.52,130.9,6.0,Pete Sampras; Michael Stich; Stefan Edberg; Sergi Bruguera; Jim Courier; Goran Ivanisevic; Andrei Medvedev; Michael Chang; Todd Martin; Magnus Gustafsson
1994-03-14,17.3,8.5,28.2,4.0,5.0,0.0,23.78,19.53,131.9,6.0,Pete Sampras; Michael Stich; Stefan Edberg; Sergi Bruguera; Jim Courier; Goran Ivanisevic; Andrei Medvedev; Michael Chang; Todd Martin; Magnus Gustafsson
1994-03-21,17.1,9.5,28.2,4.0,5.0,0.0,23.8,19.55,132.9,6.0,Pete Sampras; Michael Stich; Stefan Edberg; Jim Courier; Sergi Bruguera; Goran Ivanisevic; Andrei Medvedev; Michael Chang; Todd Martin; Magnus Gustafsson
1994-03-28,17.1,9.5,28.8,4.0,5.0,0.0,23.82,19.57,133.9,6.0,Pete Sampras; Michael Stich; Stefan Edberg; Jim Courier; Sergi Bruguera; Goran Ivanisevic; Andrei Medvedev; Michael Chang; Todd Martin; Magnus Gustafsson
1994-04-04,14.9,9.0,28.5,4.0,5.0,0.0,23.84,19.59,134.9,6.0,Pete Sampras; Michael Stich; Stefan Edberg; Sergi Bruguera; Jim Courier; Goran Ivanisevic; Andrei Medvedev; Todd Martin; Michael Chang; Magnus Gustafsson
1994-04-11,13.1,9.5,14.2,4.0,5.0,1.0,23.62,19.61,135.7,7.0,Pete Sampras; Michael Stich; Stefan Edberg; Jim Courier; Goran Ivanisevic; Sergi Bruguera; Michael Chang; Todd Martin; Andrei Medvedev; Cedric Pioline
1994-04-18,12.6,9.5,14.4,4.0,5.0,0.0,23.63,19.63,136.7,7.0,Pete Sampras; Michael Stich; Stefan Edberg; Jim Courier; Goran Ivanisevic; Sergi Bruguera; Michael Chang; Todd Martin; Andrei Medvedev; Cedric Pioline
1994-04-25,13.7,9.5,34.5,4.0,5.0,1.0,23.9,19.65,137.7,6.0,Pete Sampras; Michael Stich; Stefan Edberg; Jim Courier; Goran Ivanisevic; Sergi Bruguera; Michael Chang; Andrei Medvedev; Todd Martin; Magnus Gustafsson
1994-05-02,10.9,9.5,10.2,4.0,4.0,1.0,23.84,19.67,145.0,7.0,Pete Sampras; Michael Stich; Stefan Edberg; Jim Courier; Goran Ivanisevic; Sergi Bruguera; Michael Chang; Andrei Medvedev; Todd Martin; Thomas Muster
1994-05-09,10.8,9.5,10.5,4.0,5.0,0.0,23.86,19.69,146.0,7.0,Pete Sampras; Michael Stich; Stefan Edberg; Jim Courier; Andrei Medvedev; Goran Ivanisevic; Sergi Bruguera; Michael Chang; Todd Martin; Thomas Muster
1994-05-16,8.9,7.0,9.5,3.0,5.0,1.0,23.87,19.71,182.5,6.0,Pete Sampras; Michael Stich; Stefan Edberg; Andrei Medvedev; Goran Ivanisevic; Sergi Bruguera; Jim Courier; Michael Chang; Todd Martin; Boris Becker
1994-05-23,8.9,7.0,9.6,3.0,5.0,0.0,23.89,19.73,183.5,6.0,Pete Sampras; Michael Stich; Stefan Edberg; Andrei Medvedev; Goran Ivanisevic; Sergi Bruguera; Jim Courier; Michael Chang; Todd Martin; Boris Becker
1994-05-30,8.9,7.0,9.6,3.0,5.0,0.0,23.91,19.75,184.5,6.0,Pete Sampras; Michael Stich; Stefan Edberg; Andrei Medvedev; Goran Ivanisevic; Sergi Bruguera; Jim Courier; Michael Chang; Todd Martin; Boris Becker
1994-06-06,8.1,5.5,9.6,2.0,5.0,0.0,23.92,19.76,185.5,6.0,Pete Sampras; Michael Stich; Stefan Edberg; Sergi Bruguera; Goran Ivanisevic; Andrei Medvedev; Jim Courier; Michael Chang; Todd Martin; Boris Becker
1994-06-13,7.9,5.5,9.9,2.0,4.0,0.0,23.94,19.78,186.5,6.0,Pete Sampras; Michael Stich; Stefan Edberg; Sergi Bruguera; Goran Ivanisevic; Andrei Medvedev; Jim Courier; Michael Chang; Todd Martin; Boris Becker
1994-06-20,7.9,5.5,10.0,2.0,4.0,0.0,23.96,19.8,187.5,6.0,Pete Sampras; Michael Stich; Stefan Edberg; Sergi Bruguera; Goran Ivanisevic; Andrei Medvedev; Jim Courier; Michael Chang; Todd Martin; Boris Becker
1994-06-27,7.9,5.5,10.1,2.0,4.0,0.0,23.98,19.82,188.5,6.0,Pete Sampras; Michael Stich; Stefan Edberg; Sergi Bruguera; Goran Ivanisevic; Andrei Medvedev; Jim Courier; Michael Chang; Todd Martin; Boris Becker
1994-07-04,8.6,7.5,9.0,3.0,3.0,1.0,24.29,19.84,180.5,7.0,Pete Sampras; Goran Ivanisevic; Michael Stich; Sergi Bruguera; Todd Martin; Stefan Edberg; Michael Chang; Andrei Medvedev; Boris Becker; Thomas Muster
1994-07-11,8.7,7.5,9.2,3.0,4.0,0.0,24.31,19.86,181.5,7.0,Pete Sampras; Goran Ivanisevic; Michael Stich; Sergi Bruguera; Andrei Medvedev; Todd Martin; Stefan Edberg; Michael Chang; Boris Becker; Thomas Muster
1994-07-18,8.8,7.5,9.3,3.0,4.0,0.0,24.33,19.88,182.5,7.0,Pete Sampras; Goran Ivanisevic; Michael Stich; Sergi Bruguera; Andrei Medvedev; Todd Martin; Stefan Edberg; Michael Chang; Boris Becker; Thomas Muster
1994-07-25,14.5,7.0,10.3,3.0,4.0,1.0,23.77,19.9,175.1,6.0,Pete Sampras; Goran Ivanisevic; Stefan Edberg; Sergi Bruguera; Michael Stich; Michael Chang; Andrei Medvedev; Todd Martin; Boris Becker; Alberto Berasategui
1994-08-01,13.9,7.5,11.6,4.0,5.0,1.0,23.52,19.92,148.5,6.0,Pete Sampras; Goran Ivanisevic; Sergi Bruguera; Stefan Edberg; Michael Stich; Michael Chang; Andrei Medvedev; Todd Martin; Jim Courier; Alberto Berasategui
1994-08-08,6.7,5.5,10.4,3.0,5.0,1.0,24.1,19.94,194.0,6.0,Pete Sampras; Goran Ivanisevic; Sergi Bruguera; Stefan Edberg; Michael Stich; Andrei Medvedev; Michael Chang; Boris Becker; Todd Martin; Jim Courier
1994-08-15,6.4,5.5,10.6,2.0,5.0,0.0,24.12,19.96,195.0,6.0,Pete Sampras; Goran Ivanisevic; Sergi Bruguera; Stefan Edberg; Michael Stich; Michael Chang; Andrei Medvedev; Boris Becker; Todd Martin; Jim Courier
1994-08-22,12.4,6.5,10.7,3.0,5.0,1.0,23.85,19.98,178.8,6.0,Pete Sampras; Goran Ivanisevic; Sergi Bruguera; Michael Stich; Stefan Edberg; Michael Chang; Boris Becker; Andrei Medvedev; Todd Martin; Alberto Berasategui
1994-08-29,11.0,6.5,10.6,2.0,5.0,0.0,23.87,19.99,179.8,6.0,Pete Sampras; Goran Ivanisevic; Sergi Bruguera; Michael Stich; Stefan Edberg; Michael Chang; Boris Becker; Andrei Medvedev; Todd Martin; Alberto Berasategui
1994-09-05,11.0,6.5,10.6,2.0,5.0,0.0,23.89,20.01,180.8,6.0,Pete Sampras; Goran Ivanisevic; Sergi Bruguera; Michael Stich; Stefan Edberg; Michael Chang; Boris Becker; Andrei Medvedev; Todd Martin; Alberto Berasategui
1994-09-12,12.5,7.0,9.6,3.0,5.0,1.0,24.34,21.21,199.3,5.0,Pete Sampras; Michael Stich; Goran Ivanisevic; Sergi Bruguera; Stefan Edberg; Todd Martin; Boris Becker; Michael Chang; Andre Agassi; Alberto Berasategui
1994-09-19,12.4,7.0,9.6,3.0,4.0,0.0,24.36,21.23,200.3,5.0,Pete Sampras; Michael Stich; Goran Ivanisevic; Sergi Bruguera; Stefan Edberg; Todd Martin; Boris Becker; Michael Chang; Andre Agassi; Alberto Berasategui
1994-09-26,12.4,7.0,9.7,3.0,4.0,0.0,24.38,21.25,201.3,5.0,Pete Sampras; Michael Stich; Goran Ivanisevic; Sergi Bruguera; Stefan Edberg; Todd Martin; Boris Becker; Michael Chang; Alberto Berasategui; Andre Agassi
1994-10-03,12.2,6.5,10.2,3.0,4.0,0.0,24.4,21.26,202.3,5.0,Pete Sampras; Goran Ivanisevic; Michael Stich; Sergi Bruguera; Stefan Edberg; Todd Martin; Boris Becker; Alberto Berasategui; Michael Chang; Andre Agassi
1994-10-10,12.2,6.5,10.7,4.0,5.0,0.0,24.42,21.28,203.3,5.0,Pete Sampras; Goran Ivanisevic; Michael Stich; Sergi Bruguera; Stefan Edberg; Boris Becker; Todd Martin; Alberto Berasategui; Michael Chang; Andre Agassi
1994-10-17,12.3,6.5,11.0,4.0,5.0,0.0,24.44,21.3,204.3,5.0,Pete Sampras; Goran Ivanisevic; Michael Stich; Sergi Bruguera; Stefan Edberg; Boris Becker; Michael Chang; Alberto Berasategui; Todd Martin; Andre Agassi
1994-10-24,12.1,6.5,10.6,3.0,4.0,0.0,24.46,21.32,205.3,5.0,Pete Sampras; Goran Ivanisevic; Michael Stich; Sergi Bruguera; Stefan Edberg; Boris Becker; Michael Chang; Andre Agassi; Alberto Berasategui; Todd Martin
1994-10-31,11.9,6.5,11.6,4.0,4.0,0.0,24.47,21.34,206.3,5.0,Pete Sampras; Goran Ivanisevic; Boris Becker; Michael Stich; Sergi Bruguera; Stefan Edberg; Andre Agassi; Alberto Berasategui; Michael Chang; Todd Martin
1994-11-07,11.4,7.5,12.2,3.0,5.0,0.0,24.49,21.36,207.3,5.0,Pete Sampras; Andre Agassi; Boris Becker; Goran Ivanisevic; Sergi Bruguera; Michael Stich; Michael Chang; Alberto Berasategui; Stefan Edberg; Todd Martin
1994-11-14,11.2,7.5,12.1,4.0,5.0,0.0,24.51,21.38,208.3,5.0,Pete Sampras; Andre Agassi; Sergi Bruguera; Goran Ivanisevic; Boris Becker; Michael Chang; Alberto Berasategui; Stefan Edberg; Michael Stich; Todd Martin
1994-11-21,11.1,7.5,12.1,4.0,5.0,0.0,24.53,21.4,209.3,5.0,Pete Sampras; Andre Agassi; Boris Becker; Sergi Bruguera; Goran Ivanisevic; Michael Chang; Stefan Edberg; Alberto Berasategui; Michael Stich; Todd Martin
1994-11-28,11.1,7.5,12.1,4.0,5.0,0.0,24.55,21.42,210.3,5.0,Pete Sampras; Andre Agassi; Boris Becker; Sergi Bruguera; Goran Ivanisevic; Michael Chang; Stefan Edberg; Alberto Berasategui; Michael Stich; Todd Martin
1994-12-05,11.1,7.5,12.1,4.0,5.0,0.0,24.57,21.44,211.3,5.0,Pete Sampras; Andre Agassi; Boris Becker; Sergi Bruguera; Goran Ivanisevic; Michael Chang; Stefan Edberg; Alberto Berasategui; Michael Stich; Todd Martin
1994-12-12,11.1,7.5,12.1,4.0,5.0,0.0,24.59,21.46,212.3,5.0,Pete Sampras; Andre Agassi; Boris Becker; Sergi Bruguera; Goran Ivanisevic; Michael Chang; Stefan Edberg; Alberto Berasategui; Michael Stich; Todd Martin
1994-12-19,11.1,7.5,12.0,4.0,5.0,0.0,24.61,21.48,213.3,5.0,Pete Sampras; Andre Agassi; Boris Becker; Sergi Bruguera; Goran Ivanisevic; Michael Chang; Stefan Edberg; Alberto Berasategui; Michael Stich; Todd Martin
1994-12-26,11.1,7.5,12.0,4.0,5.0,0.0,24.63,21.49,214.3,5.0,Pete Sampras; Andre Agassi; Boris Becker; Sergi Bruguera; Goran Ivanisevic; Michael Chang; Stefan Edberg; Alberto Berasategui; Michael Stich; Todd Martin
1995-01-02,11.1,7.5,12.0,4.0,5.0,0.0,24.65,21.51,215.3,5.0,Pete Sampras; Andre Agassi; Boris Becker; Sergi Bruguera; Goran Ivanisevic; Michael Chang; Stefan Edberg; Alberto Berasategui; Michael Stich; Todd Martin
1995-01-09,11.2,7.5,12.8,4.0,5.0,0.0,24.67,21.53,216.3,5.0,Pete Sampras; Andre Agassi; Boris Becker; Sergi Bruguera; Goran Ivanisevic; Michael Chang; Stefan Edberg; Alberto Berasategui; Michael Stich; Todd Martin
1995-01-16,11.0,7.5,12.6,4.0,5.0,0.0,24.69,21.55,217.3,5.0,Pete Sampras; Andre Agassi; Boris Becker; Sergi Bruguera; Goran Ivanisevic; Michael Chang; Stefan Edberg; Alberto Berasategui; Michael Stich; Todd Martin
1995-01-23,11.0,7.5,12.6,4.0,5.0,0.0,24.7,21.57,218.3,5.0,Pete Sampras; Andre Agassi; Boris Becker; Sergi Bruguera; Goran Ivanisevic; Michael Chang; Stefan Edberg; Alberto Berasategui; Michael Stich; Todd Martin
1995-01-30,16.1,8.0,12.8,4.0,4.0,1.0,24.36,20.95,214.1,6.0,Pete Sampras; Andre Agassi; Boris Becker; Sergi Bruguera; Goran Ivanisevic; Michael Chang; Alberto Berasategui; Michael Stich; Stefan Edberg; Yevgeny Kafelnikov
1995-02-06,16.6,7.5,12.7,4.0,4.0,0.0,24.38,20.97,215.1,6.0,Pete Sampras; Andre Agassi; Boris Becker; Sergi Bruguera; Goran Ivanisevic; Michael Chang; Alberto Berasategui; Michael Stich; Stefan Edberg; Yevgeny Kafelnikov
1995-02-13,17.0,8.0,12.4,4.0,4.0,0.0,24.4,20.99,216.1,6.0,Pete Sampras; Andre Agassi; Boris Becker; Goran Ivanisevic; Michael Chang; Sergi Bruguera; Alberto Berasategui; Michael Stich; Stefan Edberg; Yevgeny Kafelnikov
1995-02-20,17.3,10.5,9.9,5.0,3.0,1.0,23.85,21.0,168.3,6.0,Pete Sampras; Andre Agassi; Boris Becker; Sergi Bruguera; Goran Ivanisevic; Michael Chang; Alberto Berasategui; Yevgeny Kafelnikov; Michael Stich; Wayne Ferreira
1995-02-27,17.0,10.5,10.6,5.0,4.0,1.0,23.85,21.02,170.7,6.0,Pete Sampras; Andre Agassi; Boris Becker; Michael Chang; Sergi Bruguera; Goran Ivanisevic; Yevgeny Kafelnikov; Alberto Berasategui; Michael Stich; Richard Krajicek
1995-03-06,16.4,11.0,11.3,5.0,4.0,0.0,23.87,21.04,171.7,6.0,Pete Sampras; Andre Agassi; Boris Becker; Michael Chang; Sergi Bruguera; Goran Ivanisevic; Alberto Berasategui; Michael Stich; Yevgeny Kafelnikov; Richard Krajicek
1995-03-13,16.4,11.0,11.1,5.0,4.0,0.0,23.89,21.06,172.7,6.0,Pete Sampras; Andre Agassi; Boris Becker; Michael Chang; Sergi Bruguera; Goran Ivanisevic; Alberto Berasategui; Michael Stich; Yevgeny Kafelnikov; Richard Krajicek
1995-03-20,15.7,11.0,11.4,5.0,4.0,0.0,23.91,21.08,173.7,6.0,Pete Sampras; Andre Agassi; Boris Becker; Michael Chang; Sergi Bruguera; Goran Ivanisevic; Alberto Berasategui; Michael Stich; Yevgeny Kafelnikov; Richard Krajicek
1995-03-27,15.7,11.0,11.4,5.0,4.0,0.0,23.93,21.1,174.7,6.0,Pete Sampras; Andre Agassi; Boris Becker; Michael Chang; Sergi Bruguera; Yevgeny Kafelnikov; Alberto Berasategui; Michael Stich; Goran Ivanisevic; Richard Krajicek
1995-04-03,14.9,11.5,10.7,5.0,4.0,0.0,23.95,21.12,175.7,6.0,Pete Sampras; Andre Agassi; Boris Becker; Michael Chang; Sergi Bruguera; Yevgeny Kafelnikov; Alberto Berasategui; Michael Stich; Goran Ivanisevic; Richard Krajicek
1995-04-10,15.1,10.0,9.2,5.0,3.0,1.0,23.99,21.14,174.7,6.0,Andre Agassi; Pete Sampras; Boris Becker; Sergi Bruguera; Yevgeny Kafelnikov; Michael Chang; Alberto Berasategui; Michael Stich; Goran Ivanisevic; Wayne Ferreira
1995-04-17,16.3,10.0,17.4,5.0,4.0,1.0,24.16,21.16,174.6,6.0,Andre Agassi; Pete Sampras; Boris Becker; Yevgeny Kafelnikov; Goran Ivanisevic; Sergi Bruguera; Michael Stich; Michael Chang; Alberto Berasategui; Magnus Larsson
1995-04-24,15.3,9.5,15.8,5.0,4.0,0.0,24.17,21.18,175.6,6.0,Andre Agassi; Pete Sampras; Boris Becker; Michael Chang; Yevgeny Kafelnikov; Michael Stich; Goran Ivanisevic; Alberto Berasategui; Sergi Bruguera; Magnus Larsson
1995-05-01,11.5,8.5,8.7,4.0,3.0,1.0,24.44,21.2,184.8,6.0,Andre Agassi; Pete Sampras; Boris Becker; Goran Ivanisevic; Yevgeny Kafelnikov; Michael Chang; Alberto Berasategui; Michael Stich; Thomas Muster; Sergi Bruguera
1995-05-08,12.4,11.5,9.1,5.0,2.0,1.0,24.39,21.22,173.9,7.0,Andre Agassi; Pete Sampras; Boris Becker; Michael Chang; Goran Ivanisevic; Wayne Ferreira; Alberto Berasategui; Michael Stich; Yevgeny Kafelnikov; Thomas Muster
1995-05-15,12.5,10.5,8.7,5.0,3.0,1.0,24.19,21.23,170.2,7.0,Andre Agassi; Pete Sampras; Boris Becker; Goran Ivanisevic; Michael Chang; Wayne Ferreira; Sergi Bruguera; Alberto Berasategui; Yevgeny Kafelnikov; Thomas Muster
1995-05-22,14.7,10.5,14.4,5.0,3.0,1.0,24.53,21.25,167.3,8.0,Andre Agassi; Pete Sampras; Boris Becker; Goran Ivanisevic; Thomas Muster; Michael Chang; Sergi Bruguera; Wayne Ferreira; Yevgeny Kafelnikov; Magnus Larsson
1995-05-29,14.7,10.5,14.3,5.0,3.0,0.0,24.55,21.27,168.3,8.0,Andre Agassi; Pete Sampras; Boris Becker; Goran Ivanisevic; Thomas Muster; Michael Chang; Sergi Bruguera; Wayne Ferreira; Yevgeny Kafelnikov; Magnus Larsson
1995-06-05,12.7,10.5,14.3,5.0,3.0,0.0,24.57,21.29,169.3,8.0,Andre Agassi; Pete Sampras; Boris Becker; Goran Ivanisevic; Thomas Muster; Michael Chang; Sergi Bruguera; Wayne Ferreira; Yevgeny Kafelnikov; Magnus Larsson
1995-06-12,9.9,9.0,10.0,4.0,3.0,1.0,24.73,21.31,187.5,7.0,Andre Agassi; Pete Sampras; Thomas Muster; Boris Becker; Michael Chang; Goran Ivanisevic; Yevgeny Kafelnikov; Wayne Ferreira; Michael Stich; Sergi Bruguera
1995-06-19,9.5,9.0,10.0,4.0,3.0,0.0,24.75,21.33,188.5,7.0,Andre Agassi; Pete Sampras; Boris Becker; Thomas Muster; Michael Chang; Goran Ivanisevic; Yevgeny Kafelnikov; Wayne Ferreira; Sergi Bruguera; Michael Stich
1995-06-26,9.5,9.0,10.1,4.0,3.0,0.0,24.77,21.35,189.5,7.0,Andre Agassi; Pete Sampras; Thomas Muster; Boris Becker; Michael Chang; Goran Ivanisevic; Yevgeny Kafelnikov; Wayne Ferreira; Sergi Bruguera; Michael Stich
1995-07-03,8.9,8.0,10.1,3.0,3.0,0.0,24.79,21.37,190.5,7.0,Andre Agassi; Pete Sampras; Thomas Muster; Boris Becker; Michael Chang; Goran Ivanisevic; Yevgeny Kafelnikov; Wayne Ferreira; Sergi Bruguera; Michael Stich
1995-07-10,10.5,9.5,7.1,4.0,3.0,1.0,24.83,21.39,177.7,7.0,Andre Agassi; Pete Sampras; Boris Becker; Thomas Muster; Michael Chang; Goran Ivanisevic; Yevgeny Kafelnikov; Wayne Ferreira; Michael Stich; Marc Rosset
1995-07-17,10.5,9.5,7.3,4.0,3.0,0.0,24.85,21.41,178.7,7.0,Andre Agassi; Pete Sampras; Boris Becker; Thomas Muster; Michael Chang; Yevgeny Kafelnikov; Goran Ivanisevic; Wayne Ferreira; Michael Stich; Marc Rosset
1995-07-24,9.0,7.5,12.0,4.0,3.0,1.0,24.85,21.43,193.3,7.0,Andre Agassi; Pete Sampras; Thomas Muster; Boris Becker; Michael Chang; Yevgeny Kafelnikov; Goran Ivanisevic; Wayne Ferreira; Michael Stich; Sergi Bruguera
1995-07-31,8.5,8.5,12.1,5.0,2.0,0.0,24.87,21.45,194.3,7.0,Andre Agassi; Pete Sampras; Thomas Muster; Boris Becker; Michael Chang; Yevgeny Kafelnikov; Goran Ivanisevic; Wayne Ferreira; Michael Stich; Sergi Bruguera
1995-08-07,9.8,10.0,6.8,5.0,2.0,1.0,24.91,21.46,181.5,7.0,Andre Agassi; Pete Sampras; Thomas Muster; Boris Becker; Michael Chang; Yevgeny Kafelnikov; Goran Ivanisevic; Michael Stich; Wayne Ferreira; Marc Rosset
1995-08-14,10.1,10.0,7.2,5.0,2.0,0.0,24.93,21.48,182.5,7.0,Andre Agassi; Pete Sampras; Thomas Muster; Boris Becker; Michael Chang; Yevgeny Kafelnikov; Goran Ivanisevic; Michael Stich; Wayne Ferreira; Marc Rosset
1995-08-21,11.2,9.5,7.2,5.0,2.0,1.0,24.61,21.44,183.1,7.0,Andre Agassi; Pete Sampras; Thomas Muster; Boris Becker; Michael Chang; Goran Ivanisevic; Yevgeny Kafelnikov; Michael Stich; Thomas Enqvist; Wayne Ferreira
1995-08-28,11.6,9.0,6.9,5.0,2.0,0.0,24.63,21.46,184.1,7.0,Andre Agassi; Pete Sampras; Thomas Muster; Boris Becker; Michael Chang; Goran Ivanisevic; Yevgeny Kafelnikov; Michael Stich; Thomas Enqvist; Wayne Ferreira
1995-09-04,11.6,9.0,6.9,5.0,2.0,0.0,24.65,21.48,185.1,7.0,Andre Agassi; Pete Sampras; Thomas Muster; Boris Becker; Michael Chang; Goran Ivanisevic; Yevgeny Kafelnikov; Michael Stich; Thomas Enqvist; Wayne Ferreira
1995-09-11,13.0,10.5,7.3,5.0,2.0,1.0,24.46,21.5,167.5,8.0,Andre Agassi; Pete Sampras; Thomas Muster; Boris Becker; Michael Chang; Goran Ivanisevic; Yevgeny Kafelnikov; Thomas Enqvist; Marc Rosset; Wayne Ferreira
1995-09-18,12.3,8.5,12.1,4.0,3.0,2.0,24.57,21.52,196.4,7.0,Andre Agassi; Pete Sampras; Thomas Muster; Boris Becker; Michael Chang; Yevgeny Kafelnikov; Goran Ivanisevic; Thomas Enqvist; Jim Courier; Sergi Bruguera
1995-09-25,12.5,9.0,12.1,4.0,3.0,0.0,24.59,21.54,197.4,7.0,Andre Agassi; Pete Sampras; Thomas Muster; Boris Becker; Michael Chang; Yevgeny Kafelnikov; Goran Ivanisevic; Thomas Enqvist; Jim Courier; Sergi Bruguera
1995-10-02,12.8,9.5,12.4,4.0,3.0,0.0,24.61,21.56,198.4,7.0,Andre Agassi; Pete Sampras; Thomas Muster; Boris Becker; Michael Chang; Yevgeny Kafelnikov; Goran Ivanisevic; Jim Courier; Thomas Enqvist; Sergi Bruguera
1995-10-09,14.1,11.0,8.2,5.0,3.0,1.0,24.65,21.57,185.6,7.0,Andre Agassi; Pete Sampras; Thomas Muster; Boris Becker; Michael Chang; Yevgeny Kafelnikov; Goran Ivanisevic; Jim Courier; Thomas Enqvist; Marc Rosset
1995-10-16,13.7,11.0,8.0,5.0,3.0,0.0,24.67,21.59,186.6,7.0,Andre Agassi; Pete Sampras; Thomas Muster; Boris Becker; Michael Chang; Yevgeny Kafelnikov; Jim Courier; Goran Ivanisevic; Thomas Enqvist; Marc Rosset
1995-10-23,13.7,7.5,12.5,4.0,3.0,1.0,24.67,21.61,201.2,7.0,Andre Agassi; Pete Sampras; Thomas Muster; Boris Becker; Michael Chang; Yevgeny Kafelnikov; Goran Ivanisevic; Jim Courier; Thomas Enqvist; Sergi Bruguera
1995-10-30,12.4,8.0,13.3,4.0,3.0,0.0,24.69,21.63,202.2,7.0,Andre Agassi; Pete Sampras; Thomas Muster; Michael Chang; Boris Becker; Yevgeny Kafelnikov; Jim Courier; Thomas Enqvist; Goran Ivanisevic; Sergi Bruguera
1995-11-06,12.6,9.0,7.1,5.0,1.0,1.0,24.64,21.65,191.7,7.0,Pete Sampras; Andre Agassi; Thomas Muster; Boris Becker; Michael Chang; Yevgeny Kafelnikov; Jim Courier; Thomas Enqvist; Wayne Ferreira; Goran Ivanisevic
1995-11-13,13.0,8.5,7.3,5.0,1.0,0.0,24.66,21.67,192.7,7.0,Pete Sampras; Andre Agassi; Thomas Muster; Michael Chang; Boris Becker; Yevgeny Kafelnikov; Jim Courier; Thomas Enqvist; Wayne Ferreira; Goran Ivanisevic
1995-11-20,12.9,8.5,7.3,5.0,1.0,0.0,24.68,21.69,193.7,7.0,Pete Sampras; Andre Agassi; Thomas Muster; Boris Becker; Michael Chang; Yevgeny Kafelnikov; Thomas Enqvist; Jim Courier; Wayne Ferreira; Goran Ivanisevic
1995-11-27,12.9,8.5,7.4,5.0,1.0,0.0,24.7,21.71,194.7,7.0,Pete Sampras; Andre Agassi; Thomas Muster; Boris Becker; Michael Chang; Yevgeny Kafelnikov; Thomas Enqvist; Jim Courier; Wayne Ferreira; Goran Ivanisevic
1995-12-04,12.9,8.5,7.4,5.0,1.0,0.0,24.72,21.73,195.7,7.0,Pete Sampras; Andre Agassi; Thomas Muster; Boris Becker; Michael Chang; Yevgeny Kafelnikov; Thomas Enqvist; Jim Courier; Wayne Ferreira; Goran Ivanisevic
1995-12-11,12.7,8.5,7.4,5.0,1.0,0.0,24.73,21.75,196.7,7.0,Pete Sampras; Andre Agassi; Thomas Muster; Boris Becker; Michael Chang; Yevgeny Kafelnikov; Thomas Enqvist; Jim Courier; Wayne Ferreira; Goran Ivanisevic
1995-12-18,12.8,8.5,7.4,5.0,1.0,0.0,24.75,21.77,197.7,7.0,Pete Sampras; Andre Agassi; Thomas Muster; Boris Becker; Michael Chang; Yevgeny Kafelnikov; Thomas Enqvist; Jim Courier; Wayne Ferreira; Goran Ivanisevic
1995-12-25,12.8,8.5,7.4,5.0,1.0,0.0,24.77,21.79,198.7,7.0,Pete Sampras; Andre Agassi; Thomas Muster; Boris Becker; Michael Chang; Yevgeny Kafelnikov; Thomas Enqvist; Jim Courier; Wayne Ferreira; Goran Ivanisevic
1996-01-01,12.8,8.5,7.4,5.0,1.0,0.0,24.79,21.8,199.7,7.0,Pete Sampras; Andre Agassi; Thomas Muster; Boris Becker; Michael Chang; Yevgeny Kafelnikov; Thomas Enqvist; Jim Courier; Wayne Ferreira; Goran Ivanisevic
1996-01-08,12.2,8.5,6.3,5.0,1.0,0.0,24.81,21.82,200.7,7.0,Pete Sampras; Andre Agassi; Thomas Muster; Boris Becker; Michael Chang; Yevgeny Kafelnikov; Thomas Enqvist; Jim Courier; Wayne Ferreira; Goran Ivanisevic
1996-01-15,11.3,8.5,6.4,5.0,1.0,0.0,24.83,21.84,201.7,7.0,Pete Sampras; Andre Agassi; Thomas Muster; Boris Becker; Michael Chang; Yevgeny Kafelnikov; Thomas Enqvist; Jim Courier; Wayne Ferreira; Goran Ivanisevic
1996-01-22,11.3,8.5,6.4,5.0,1.0,0.0,24.85,21.86,202.7,7.0,Pete Sampras; Andre Agassi; Thomas Muster; Boris Becker; Michael Chang; Yevgeny Kafelnikov; Thomas Enqvist; Jim Courier; Wayne Ferreira; Goran Ivanisevic
1996-01-29,11.2,8.0,8.0,4.0,3.0,0.0,24.87,21.88,203.7,7.0,Andre Agassi; Thomas Muster; Pete Sampras; Boris Becker; Michael Chang; Yevgeny Kafelnikov; Thomas Enqvist; Jim Courier; Wayne Ferreira; Goran Ivanisevic
1996-02-05,11.0,8.0,8.0,4.0,3.0,0.0,24.89,21.9,204.7,7.0,Andre Agassi; Thomas Muster; Pete Sampras; Boris Becker; Michael Chang; Yevgeny Kafelnikov; Thomas Enqvist; Jim Courier; Goran Ivanisevic; Wayne Ferreira
1996-02-12,11.3,7.5,8.0,4.0,3.0,0.0,24.91,21.92,205.7,7.0,Thomas Muster; Pete Sampras; Andre Agassi; Boris Becker; Michael Chang; Yevgeny Kafelnikov; Thomas Enqvist; Jim Courier; Goran Ivanisevic; Wayne Ferreira
1996-02-19,10.8,7.0,7.3,3.0,3.0,0.0,24.93,21.94,206.7,7.0,Pete Sampras; Thomas Muster; Andre Agassi; Boris Becker; Michael Chang; Thomas Enqvist; Yevgeny Kafelnikov; Jim Courier; Goran Ivanisevic; Wayne Ferreira
1996-02-26,8.9,6.5,7.5,4.0,3.0,0.0,24.95,21.96,207.7,7.0,Pete Sampras; Thomas Muster; Andre Agassi; Boris Becker; Michael Chang; Goran Ivanisevic; Jim Courier; Yevgeny Kafelnikov; Thomas Enqvist; Wayne Ferreira
1996-03-04,8.9,7.5,8.0,4.0,3.0,0.0,24.96,21.98,208.7,7.0,Pete Sampras; Thomas Muster; Andre Agassi; Boris Becker; Michael Chang; Goran Ivanisevic; Jim Courier; Yevgeny Kafelnikov; Thomas Enqvist; Wayne Ferreira
1996-03-11,8.5,7.5,8.1,4.0,3.0,0.0,24.98,22.0,209.7,7.0,Thomas Muster; Pete Sampras; Andre Agassi; Boris Becker; Michael Chang; Goran Ivanisevic; Yevgeny Kafelnikov; Jim Courier; Thomas Enqvist; Wayne Ferreira
1996-03-18,8.5,7.5,8.2,4.0,3.0,0.0,25.0,22.02,210.7,7.0,Thomas Muster; Pete Sampras; Andre Agassi; Michael Chang; Boris Becker; Goran Ivanisevic; Yevgeny Kafelnikov; Jim Courier; Thomas Enqvist; Wayne Ferreira
1996-03-25,8.8,7.5,8.2,4.0,3.0,0.0,25.02,22.03,211.7,7.0,Thomas Muster; Pete Sampras; Andre Agassi; Michael Chang; Boris Becker; Goran Ivanisevic; Yevgeny Kafelnikov; Jim Courier; Thomas Enqvist; Wayne Ferreira
1996-04-01,8.8,7.5,8.9,4.0,3.0,0.0,25.04,22.05,212.7,7.0,Thomas Muster; Pete Sampras; Andre Agassi; Michael Chang; Boris Becker; Goran Ivanisevic; Jim Courier; Yevgeny Kafelnikov; Thomas Enqvist; Wayne Ferreira
1996-04-08,8.8,7.5,8.9,3.0,3.0,0.0,25.06,22.07,213.7,7.0,Thomas Muster; Pete Sampras; Andre Agassi; Michael Chang; Boris Becker; Goran Ivanisevic; Jim Courier; Yevgeny Kafelnikov; Thomas Enqvist; Wayne Ferreira
1996-04-15,7.9,6.5,9.0,4.0,3.0,0.0,25.08,22.09,214.7,7.0,Pete Sampras; Thomas Muster; Andre Agassi; Michael Chang; Boris Becker; Goran Ivanisevic; Yevgeny Kafelnikov; Thomas Enqvist; Jim Courier; Wayne Ferreira
1996-04-22,7.7,6.0,9.5,4.0,4.0,0.0,25.1,22.11,215.7,7.0,Pete Sampras; Thomas Muster; Andre Agassi; Michael Chang; Boris Becker; Goran Ivanisevic; Thomas Enqvist; Yevgeny Kafelnikov; Jim Courier; Wayne Ferreira
1996-04-29,7.5,5.5,10.0,3.0,3.0,0.0,25.12,22.13,216.7,7.0,Pete Sampras; Thomas Muster; Andre Agassi; Michael Chang; Boris Becker; Goran Ivanisevic; Thomas Enqvist; Yevgeny Kafelnikov; Jim Courier; Wayne Ferreira
1996-05-06,7.2,5.5,9.9,2.0,3.0,0.0,25.14,22.15,217.7,7.0,Pete Sampras; Thomas Muster; Andre Agassi; Michael Chang; Boris Becker; Goran Ivanisevic; Yevgeny Kafelnikov; Thomas Enqvist; Jim Courier; Wayne Ferreira
1996-05-13,13.4,7.0,9.9,3.0,3.0,1.0,24.73,20.38,213.0,7.0,Pete Sampras; Thomas Muster; Andre Agassi; Michael Chang; Boris Becker; Goran Ivanisevic; Yevgeny Kafelnikov; Jim Courier; Thomas Enqvist; Marcelo Rios
1996-05-20,13.2,5.5,9.3,3.0,3.0,0.0,24.75,20.4,214.0,7.0,Pete Sampras; Thomas Muster; Andre Agassi; Michael Chang; Boris Becker; Goran Ivanisevic; Yevgeny Kafelnikov; Jim Courier; Thomas Enqvist; Marcelo Rios
1996-05-27,11.1,5.5,9.5,3.0,3.0,0.0,24.77,20.42,215.0,7.0,Pete Sampras; Thomas Muster; Andre Agassi; Michael Chang; Boris Becker; Goran Ivanisevic; Yevgeny Kafelnikov; Jim Courier; Thomas Enqvist; Marcelo Rios
1996-06-03,11.1,5.5,9.5,3.0,3.0,0.0,24.79,20.44,216.0,7.0,Pete Sampras; Thomas Muster; Andre Agassi; Michael Chang; Boris Becker; Goran Ivanisevic; Yevgeny Kafelnikov; Jim Courier; Thomas Enqvist; Marcelo Rios
1996-06-10,10.5,5.5,10.6,3.0,4.0,0.0,24.81,20.46,217.0,7.0,Pete Sampras; Thomas Muster; Andre Agassi; Boris Becker; Yevgeny Kafelnikov; Michael Chang; Goran Ivanisevic; Jim Courier; Thomas Enqvist; Marcelo Rios
1996-06-17,10.7,5.5,10.9,3.0,3.0,0.0,24.82,20.48,218.0,7.0,Pete Sampras; Thomas Muster; Andre Agassi; Boris Becker; Yevgeny Kafelnikov; Michael Chang; Goran Ivanisevic; Jim Courier; Thomas Enqvist; Marcelo Rios
1996-06-24,11.0,5.5,11.0,3.0,3.0,0.0,24.84,20.5,219.0,7.0,Pete Sampras; Thomas Muster; Andre Agassi; Boris Becker; Yevgeny Kafelnikov; Michael Chang; Goran Ivanisevic; Jim Courier; Thomas Enqvist; Marcelo Rios
1996-07-01,11.0,5.5,11.0,3.0,3.0,0.0,24.86,20.51,220.0,7.0,Pete Sampras; Thomas Muster; Andre Agassi; Boris Becker; Yevgeny Kafelnikov; Michael Chang; Goran Ivanisevic; Jim Courier; Thomas Enqvist; Marcelo Rios
1996-07-08,7.5,5.5,10.8,3.0,4.0,1.0,25.29,22.32,223.2,7.0,Pete Sampras; Thomas Muster; Andre Agassi; Yevgeny Kafelnikov; Boris Becker; Michael Chang; Goran Ivanisevic; Richard Krajicek; Jim Courier; Thomas Enqvist
1996-07-15,7.5,5.5,10.9,3.0,4.0,0.0,25.31,22.34,224.2,7.0,Pete Sampras; Thomas Muster; Andre Agassi; Boris Becker; Michael Chang; Yevgeny Kafelnikov; Goran Ivanisevic; Richard Krajicek; Jim Courier; Thomas Enqvist
1996-07-22,7.4,5.5,11.2,3.0,4.0,0.0,25.33,22.36,225.2,7.0,Pete Sampras; Thomas Muster; Michael Chang; Yevgeny Kafelnikov; Boris Becker; Andre Agassi; Goran Ivanisevic; Richard Krajicek; Jim Courier; Thomas Enqvist
1996-07-29,6.3,5.5,12.7,2.0,5.0,1.0,25.59,22.44,227.0,7.0,Pete Sampras; Thomas Muster; Michael Chang; Yevgeny Kafelnikov; Boris Becker; Goran Ivanisevic; Andre Agassi; Richard Krajicek; Jim Courier; Wayne Ferreira
1996-08-05,6.6,5.5,12.7,2.0,5.0,0.0,25.61,22.46,228.0,7.0,Pete Sampras; Thomas Muster; Michael Chang; Yevgeny Kafelnikov; Boris Becker; Goran Ivanisevic; Andre Agassi; Richard Krajicek; Jim Courier; Wayne Ferreira
1996-08-12,6.6,5.5,17.4,2.0,5.0,0.0,25.63,22.48,229.0,7.0,Pete Sampras; Thomas Muster; Michael Chang; Yevgeny Kafelnikov; Boris Becker; Andre Agassi; Goran Ivanisevic; Richard Krajicek; Jim Courier; Wayne Ferreira
1996-08-19,6.5,5.5,16.1,2.0,5.0,0.0,25.65,22.5,230.0,7.0,Pete Sampras; Thomas Muster; Michael Chang; Yevgeny Kafelnikov; Boris Becker; Goran Ivanisevic; Richard Krajicek; Andre Agassi; Jim Courier; Wayne Ferreira
1996-08-26,6.6,5.5,18.9,2.0,5.0,0.0,25.67,22.52,231.0,7.0,Pete Sampras; Thomas Muster; Michael Chang; Boris Becker; Yevgeny Kafelnikov; Goran Ivanisevic; Wayne Ferreira; Richard Krajicek; Andre Agassi; Jim Courier
1996-09-02,6.6,5.5,18.9,2.0,5.0,0.0,25.69,22.54,232.0,7.0,Pete Sampras; Thomas Muster; Michael Chang; Boris Becker; Yevgeny Kafelnikov; Goran Ivanisevic; Wayne Ferreira; Richard Krajicek; Andre Agassi; Jim Courier
1996-09-09,9.0,5.5,20.7,2.0,4.0,1.0,25.17,20.71,211.3,8.0,Pete Sampras; Michael Chang; Thomas Muster; Goran Ivanisevic; Yevgeny Kafelnikov; Boris Becker; Wayne Ferreira; Richard Krajicek; Andre Agassi; Marcelo Rios
1996-09-16,8.8,5.5,20.9,3.0,5.0,0.0,25.19,20.73,212.3,8.0,Pete Sampras; Michael Chang; Thomas Muster; Goran Ivanisevic; Yevgeny Kafelnikov; Boris Becker; Wayne Ferreira; Richard Krajicek; Andre Agassi; Marcelo Rios
1996-09-23,8.8,5.5,20.8,3.0,5.0,0.0,25.21,20.74,213.3,8.0,Pete Sampras; Michael Chang; Thomas Muster; Goran Ivanisevic; Yevgeny Kafelnikov; Boris Becker; Wayne Ferreira; Richard Krajicek; Andre Agassi; Marcelo Rios
1996-09-30,8.8,5.5,20.8,3.0,5.0,0.0,25.23,20.76,214.3,8.0,Pete Sampras; Michael Chang; Thomas Muster; Goran Ivanisevic; Yevgeny Kafelnikov; Wayne Ferreira; Boris Becker; Richard Krajicek; Andre Agassi; Marcelo Rios
1996-10-07,8.3,5.5,21.4,3.0,5.0,0.0,25.25,20.78,215.3,8.0,Pete Sampras; Michael Chang; Thomas Muster; Yevgeny Kafelnikov; Goran Ivanisevic; Wayne Ferreira; Boris Becker; Richard Krajicek; Andre Agassi; Marcelo Rios
1996-10-14,8.4,5.5,21.5,3.0,5.0,0.0,25.27,20.8,216.3,8.0,Pete Sampras; Michael Chang; Thomas Muster; Yevgeny Kafelnikov; Goran Ivanisevic; Boris Becker; Wayne Ferreira; Richard Krajicek; Andre Agassi; Marcelo Rios
1996-10-21,8.0,5.5,21.2,3.0,4.0,0.0,25.29,20.82,217.3,8.0,Pete Sampras; Michael Chang; Thomas Muster; Yevgeny Kafelnikov; Goran Ivanisevic; Boris Becker; Richard Krajicek; Wayne Ferreira; Andre Agassi; Marcelo Rios
1996-10-28,8.0,5.5,26.8,3.0,6.0,0.0,25.31,20.84,218.3,8.0,Pete Sampras; Michael Chang; Boris Becker; Yevgeny Kafelnikov; Goran Ivanisevic; Thomas Muster; Wayne Ferreira; Andre Agassi; Richard Krajicek; Marcelo Rios
1996-11-04,6.0,5.5,27.4,1.0,5.0,1.0,25.51,22.65,222.6,8.0,Pete Sampras; Michael Chang; Yevgeny Kafelnikov; Goran Ivanisevic; Boris Becker; Thomas Muster; Andre Agassi; Thomas Enqvist; Richard Krajicek; Wayne Ferreira
1996-11-11,5.9,5.5,31.9,1.0,6.0,0.0,25.52,22.67,223.6,8.0,Pete Sampras; Michael Chang; Yevgeny Kafelnikov; Goran Ivanisevic; Thomas Muster; Boris Becker; Andre Agassi; Richard Krajicek; Thomas Enqvist; Wayne Ferreira
1996-11-18,5.8,5.5,30.0,1.0,6.0,0.0,25.54,22.69,224.6,8.0,Pete Sampras; Michael Chang; Yevgeny Kafelnikov; Goran Ivanisevic; Thomas Muster; Boris Becker; Andre Agassi; Richard Krajicek; Thomas Enqvist; Wayne Ferreira
1996-11-25,5.8,5.5,29.9,1.0,6.0,0.0,25.56,22.7,225.6,8.0,Pete Sampras; Michael Chang; Yevgeny Kafelnikov; Goran Ivanisevic; Thomas Muster; Boris Becker; Richard Krajicek; Andre Agassi; Thomas Enqvist; Wayne Ferreira
1996-12-02,5.8,5.5,28.7,1.0,6.0,0.0,25.58,22.72,226.6,8.0,Pete Sampras; Michael Chang; Yevgeny Kafelnikov; Goran Ivanisevic; Thomas Muster; Boris Becker; Richard Krajicek; Andre Agassi; Thomas Enqvist; Wayne Ferreira
1996-12-09,5.8,5.5,28.6,1.0,6.0,0.0,25.6,22.74,227.6,8.0,Pete Sampras; Michael Chang; Yevgeny Kafelnikov; Goran Ivanisevic; Thomas Muster; Boris Becker; Richard Krajicek; Andre Agassi; Thomas Enqvist; Wayne Ferreira
1996-12-16,5.8,5.5,28.6,1.0,6.0,0.0,25.62,22.76,228.6,8.0,Pete Sampras; Michael Chang; Yevgeny Kafelnikov; Goran Ivanisevic; Thomas Muster; Boris Becker; Richard Krajicek; Andre Agassi; Thomas Enqvist; Wayne Ferreira
1996-12-23,5.8,5.5,28.6,1.0,6.0,0.0,25.64,22.78,229.6,8.0,Pete Sampras; Michael Chang; Yevgeny Kafelnikov; Goran Ivanisevic; Thomas Muster; Boris Becker; Richard Krajicek; Andre Agassi; Thomas Enqvist; Wayne Ferreira
1996-12-30,5.8,5.5,28.6,1.0,6.0,0.0,25.66,22.8,230.6,8.0,Pete Sampras; Michael Chang; Yevgeny Kafelnikov; Goran Ivanisevic; Thomas Muster; Boris Becker; Richard Krajicek; Andre Agassi; Thomas Enqvist; Wayne Ferreira
1997-01-06,5.8,5.5,28.6,1.0,6.0,0.0,25.68,22.82,231.6,8.0,Pete Sampras; Michael Chang; Goran Ivanisevic; Yevgeny Kafelnikov; Thomas Muster; Boris Becker; Richard Krajicek; Andre Agassi; Thomas Enqvist; Wayne Ferreira
1997-01-13,5.9,5.5,26.1,1.0,6.0,0.0,25.7,22.84,232.6,8.0,Pete Sampras; Michael Chang; Yevgeny Kafelnikov; Goran Ivanisevic; Thomas Muster; Boris Becker; Richard Krajicek; Andre Agassi; Thomas Enqvist; Wayne Ferreira
1997-01-20,5.9,5.5,26.3,1.0,6.0,0.0,25.72,22.86,233.6,8.0,Pete Sampras; Michael Chang; Yevgeny Kafelnikov; Goran Ivanisevic; Thomas Muster; Boris Becker; Richard Krajicek; Andre Agassi; Thomas Enqvist; Wayne Ferreira
1997-01-27,14.1,8.0,13.0,3.0,4.0,2.0,24.29,20.42,142.6,9.0,Pete Sampras; Goran Ivanisevic; Thomas Muster; Michael Chang; Yevgeny Kafelnikov; Richard Krajicek; Marcelo Rios; Wayne Ferreira; Carlos Moya; Thomas Enqvist
1997-02-03,14.4,8.0,15.9,3.0,5.0,0.0,24.31,20.44,143.6,9.0,Pete Sampras; Goran Ivanisevic; Thomas Muster; Michael Chang; Yevgeny Kafelnikov; Richard Krajicek; Marcelo Rios; Wayne Ferreira; Carlos Moya; Thomas Enqvist
1997-02-10,14.1,8.0,15.3,3.0,5.0,0.0,24.33,20.46,144.6,9.0,Pete Sampras; Goran Ivanisevic; Thomas Muster; Michael Chang; Yevgeny Kafelnikov; Richard Krajicek; Marcelo Rios; Wayne Ferreira; Carlos Moya; Thomas Enqvist
1997-02-17,13.7,8.0,16.0,3.0,5.0,0.0,24.35,20.48,145.6,9.0,Pete Sampras; Thomas Muster; Goran Ivanisevic; Michael Chang; Yevgeny Kafelnikov; Marcelo Rios; Richard Krajicek; Thomas Enqvist; Wayne Ferreira; Carlos Moya
1997-02-24,14.2,8.5,16.3,3.0,5.0,0.0,24.37,20.5,146.6,9.0,Pete Sampras; Thomas Muster; Michael Chang; Yevgeny Kafelnikov; Goran Ivanisevic; Marcelo Rios; Richard Krajicek; Thomas Enqvist; Wayne Ferreira; Carlos Moya
1997-03-03,14.5,8.5,14.8,3.0,5.0,0.0,24.39,20.51,147.6,9.0,Pete Sampras; Thomas Muster; Michael Chang; Yevgeny Kafelnikov; Goran Ivanisevic; Marcelo Rios; Richard Krajicek; Thomas Enqvist; Wayne Ferreira; Carlos Moya
1997-03-10,14.3,8.0,15.2,3.0,5.0,0.0,24.41,20.53,148.6,9.0,Pete Sampras; Thomas Muster; Michael Chang; Yevgeny Kafelnikov; Goran Ivanisevic; Richard Krajicek; Marcelo Rios; Thomas Enqvist; Carlos Moya; Wayne Ferreira
1997-03-17,14.1,8.0,14.6,3.0,5.0,0.0,24.43,20.55,149.6,9.0,Pete Sampras; Thomas Muster; Michael Chang; Yevgeny Kafelnikov; Goran Ivanisevic; Richard Krajicek; Thomas Enqvist; Carlos Moya; Marcelo Rios; Wayne Ferreira
1997-03-24,14.1,8.0,14.6,3.0,5.0,0.0,24.45,20.57,150.6,9.0,Pete Sampras; Thomas Muster; Michael Chang; Yevgeny Kafelnikov; Goran Ivanisevic; Richard Krajicek; Thomas Enqvist; Carlos Moya; Marcelo Rios; Wayne Ferreira
1997-03-31,13.7,8.5,15.3,3.0,6.0,0.0,24.47,20.59,151.6,9.0,Pete Sampras; Thomas Muster; Michael Chang; Yevgeny Kafelnikov; Goran Ivanisevic; Richard Krajicek; Thomas Enqvist; Carlos Moya; Marcelo Rios; Wayne Ferreira
1997-04-07,13.6,8.5,15.3,3.0,6.0,0.0,24.48,20.61,152.6,9.0,Pete Sampras; Thomas Muster; Michael Chang; Yevgeny Kafelnikov; Goran Ivanisevic; Richard Krajicek; Thomas Enqvist; Carlos Moya; Marcelo Rios; Wayne Ferreira
1997-04-14,13.6,7.5,15.3,3.0,6.0,0.0,24.5,20.63,153.6,9.0,Pete Sampras; Thomas Muster; Michael Chang; Yevgeny Kafelnikov; Goran Ivanisevic; Richard Krajicek; Thomas Enqvist; Carlos Moya; Marcelo Rios; Wayne Ferreira
1997-04-21,13.2,7.5,14.8,4.0,7.0,1.0,24.15,20.65,145.1,8.0,Pete Sampras; Thomas Muster; Michael Chang; Yevgeny Kafelnikov; Richard Krajicek; Goran Ivanisevic; Thomas Enqvist; Carlos Moya; Albert Costa; Marcelo Rios
1997-04-28,11.4,7.5,15.4,3.0,7.0,1.0,24.54,20.67,155.5,9.0,Pete Sampras; Michael Chang; Thomas Muster; Yevgeny Kafelnikov; Richard Krajicek; Goran Ivanisevic; Carlos Moya; Marcelo Rios; Thomas Enqvist; Wayne Ferreira
1997-05-05,9.9,7.5,14.8,3.0,7.0,0.0,24.56,20.69,156.5,9.0,Pete Sampras; Michael Chang; Thomas Muster; Yevgeny Kafelnikov; Richard Krajicek; Goran Ivanisevic; Marcelo Rios; Thomas Enqvist; Carlos Moya; Wayne Ferreira
1997-05-12,10.1,8.0,13.0,3.0,7.0,1.0,24.2,20.71,147.9,8.0,Pete Sampras; Michael Chang; Thomas Muster; Yevgeny Kafelnikov; Richard Krajicek; Goran Ivanisevic; Thomas Enqvist; Carlos Moya; Marcelo Rios; Albert Costa
1997-05-19,11.2,8.0,12.4,3.0,6.0,1.0,24.34,20.73,148.7,8.0,Pete Sampras; Michael Chang; Yevgeny Kafelnikov; Goran Ivanisevic; Thomas Muster; Richard Krajicek; Marcelo Rios; Alex Corretja; Thomas Enqvist; Carlos Moya
1997-05-26,11.2,8.0,12.4,3.0,6.0,0.0,24.36,20.74,149.7,8.0,Pete Sampras; Michael Chang; Yevgeny Kafelnikov; Goran Ivanisevic; Thomas Muster; Richard Krajicek; Alex Corretja; Thomas Enqvist; Carlos Moya; Marcelo Rios
1997-06-02,11.2,8.0,12.4,3.0,6.0,0.0,24.38,20.76,150.7,8.0,Pete Sampras; Michael Chang; Yevgeny Kafelnikov; Goran Ivanisevic; Thomas Muster; Richard Krajicek; Alex Corretja; Thomas Enqvist; Carlos Moya; Marcelo Rios
1997-06-09,15.9,8.0,15.6,4.0,6.0,1.0,24.89,20.78,162.7,7.0,Pete Sampras; Michael Chang; Goran Ivanisevic; Thomas Muster; Richard Krajicek; Yevgeny Kafelnikov; Alex Corretja; Sergi Bruguera; Thomas Enqvist; Carlos Moya
1997-06-16,14.9,8.0,15.8,3.0,6.0,1.0,24.98,21.47,165.2,8.0,Pete Sampras; Michael Chang; Goran Ivanisevic; Thomas Muster; Yevgeny Kafelnikov; Richard Krajicek; Alex Corretja; Sergi Bruguera; Thomas Enqvist; Marcelo Rios
1997-06-23,14.8,8.0,16.1,3.0,6.0,0.0,25.0,21.49,166.2,8.0,Pete Sampras; Michael Chang; Goran Ivanisevic; Thomas Muster; Richard Krajicek; Yevgeny Kafelnikov; Alex Corretja; Sergi Bruguera; Thomas Enqvist; Marcelo Rios
1997-06-30,14.8,8.0,16.1,3.0,6.0,0.0,25.02,21.51,167.2,8.0,Pete Sampras; Michael Chang; Goran Ivanisevic; Thomas Muster; Richard Krajicek; Yevgeny Kafelnikov; Alex Corretja; Sergi Bruguera; Thomas Enqvist; Marcelo Rios
1997-07-07,16.0,8.5,14.2,4.0,5.0,1.0,24.57,20.86,162.0,7.0,Pete Sampras; Michael Chang; Goran Ivanisevic; Thomas Muster; Yevgeny Kafelnikov; Alex Corretja; Sergi Bruguera; Thomas Enqvist; Marcelo Rios; Carlos Moya
1997-07-14,17.0,8.5,14.6,4.0,5.0,0.0,24.58,20.88,163.0,7.0,Pete Sampras; Michael Chang; Goran Ivanisevic; Thomas Muster; Yevgeny Kafelnikov; Alex Corretja; Thomas Enqvist; Marcelo Rios; Sergi Bruguera; Carlos Moya
1997-07-21,17.7,8.5,15.5,4.0,5.0,0.0,24.6,20.9,164.0,7.0,Pete Sampras; Michael Chang; Goran Ivanisevic; Alex Corretja; Thomas Muster; Yevgeny Kafelnikov; Sergi Bruguera; Thomas Enqvist; Marcelo Rios; Carlos Moya
1997-07-28,16.9,8.5,17.4,5.0,5.0,0.0,24.62,20.92,165.0,7.0,Pete Sampras; Michael Chang; Goran Ivanisevic; Alex Corretja; Thomas Muster; Sergi Bruguera; Yevgeny Kafelnikov; Thomas Enqvist; Marcelo Rios; Carlos Moya
1997-08-04,27.5,9.0,19.8,5.0,6.0,1.0,24.57,20.9,161.8,7.0,Pete Sampras; Michael Chang; Goran Ivanisevic; Thomas Muster; Alex Corretja; Yevgeny Kafelnikov; Thomas Enqvist; Sergi Bruguera; Carlos Moya; Gustavo Kuerten
1997-08-11,27.6,9.0,21.0,5.0,6.0,1.0,24.41,20.92,158.1,7.0,Pete Sampras; Michael Chang; Goran Ivanisevic; Thomas Muster; Alex Corretja; Yevgeny Kafelnikov; Sergi Bruguera; Gustavo Kuerten; Carlos Moya; Marcelo Rios
1997-08-18,25.9,8.5,22.5,5.0,7.0,0.0,24.43,20.94,159.1,7.0,Pete Sampras; Michael Chang; Yevgeny Kafelnikov; Goran Ivanisevic; Thomas Muster; Alex Corretja; Sergi Bruguera; Carlos Moya; Gustavo Kuerten; Marcelo Rios
1997-08-25,24.6,8.5,22.3,5.0,6.0,0.0,24.45,20.96,160.1,7.0,Pete Sampras; Michael Chang; Yevgeny Kafelnikov; Goran Ivanisevic; Thomas Muster; Carlos Moya; Alex Corretja; Sergi Bruguera; Gustavo Kuerten; Marcelo Rios
1997-09-01,24.6,8.5,21.8,5.0,6.0,0.0,24.47,20.97,161.1,7.0,Pete Sampras; Michael Chang; Yevgeny Kafelnikov; Goran Ivanisevic; Thomas Muster; Carlos Moya; Alex Corretja; Sergi Bruguera; Gustavo Kuerten; Marcelo Rios
1997-09-08,19.1,7.5,19.6,4.0,5.0,1.0,24.86,21.03,161.6,7.0,Pete Sampras; Michael Chang; Patrick Rafter; Yevgeny Kafelnikov; Carlos Moya; Thomas Muster; Sergi Bruguera; Marcelo Rios; Goran Ivanisevic; Alex Corretja
1997-09-15,25.8,16.0,17.9,5.0,4.0,1.0,24.28,21.05,141.8,7.0,Pete Sampras; Michael Chang; Patrick Rafter; Yevgeny Kafelnikov; Carlos Moya; Sergi Bruguera; Marcelo Rios; Goran Ivanisevic; Alex Corretja; Greg Rusedski
1997-09-22,25.9,17.0,21.4,5.0,4.0,0.0,24.3,21.07,142.8,7.0,Pete Sampras; Michael Chang; Patrick Rafter; Yevgeny Kafelnikov; Carlos Moya; Sergi Bruguera; Marcelo Rios; Goran Ivanisevic; Alex Corretja; Greg Rusedski
1997-09-29,27.5,16.0,21.3,5.0,4.0,0.0,24.32,21.09,143.8,7.0,Pete Sampras; Michael Chang; Patrick Rafter; Yevgeny Kafelnikov; Carlos Moya; Sergi Bruguera; Marcelo Rios; Goran Ivanisevic; Alex Corretja; Greg Rusedski
1997-10-06,25.8,14.5,19.0,5.0,4.0,0.0,24.34,21.11,144.8,7.0,Pete Sampras; Michael Chang; Patrick Rafter; Greg Rusedski; Carlos Moya; Yevgeny Kafelnikov; Sergi Bruguera; Marcelo Rios; Goran Ivanisevic; Alex Corretja
1997-10-13,24.9,15.0,18.3,5.0,4.0,0.0,24.36,21.13,145.8,7.0,Pete Sampras; Michael Chang; Patrick Rafter; Goran Ivanisevic; Greg Rusedski; Carlos Moya; Yevgeny Kafelnikov; Sergi Bruguera; Marcelo Rios; Alex Corretja
1997-10-20,23.5,7.5,21.7,4.0,5.0,1.0,25.03,21.15,165.4,8.0,Pete Sampras; Michael Chang; Patrick Rafter; Goran Ivanisevic; Greg Rusedski; Yevgeny Kafelnikov; Carlos Moya; Sergi Bruguera; Thomas Muster; Marcelo Rios
1997-10-27,33.2,30.5,21.0,6.0,5.0,2.0,25.4,21.17,149.4,8.0,Pete Sampras; Michael Chang; Patrick Rafter; Goran Ivanisevic; Greg Rusedski; Yevgeny Kafelnikov; Carlos Moya; Petr Korda; Sergi Bruguera; Jonas Bjorkman
1997-11-03,30.4,16.5,24.2,5.0,6.0,2.0,25.67,21.19,155.8,8.0,Pete Sampras; Michael Chang; Patrick Rafter; Jonas Bjorkman; Greg Rusedski; Goran Ivanisevic; Richard Krajicek; Thomas Muster; Carlos Moya; Sergi Bruguera
1997-11-10,30.9,20.0,23.4,6.0,5.0,2.0,25.04,21.2,135.4,8.0,Pete Sampras; Michael Chang; Patrick Rafter; Jonas Bjorkman; Greg Rusedski; Yevgeny Kafelnikov; Carlos Moya; Sergi Bruguera; Thomas Muster; Marcelo Rios
1997-11-17,31.4,19.5,24.3,6.0,5.0,0.0,25.06,21.22,136.4,8.0,Pete Sampras; Patrick Rafter; Michael Chang; Jonas Bjorkman; Yevgeny Kafelnikov; Greg Rusedski; Carlos Moya; Sergi Bruguera; Thomas Muster; Marcelo Rios
1997-11-24,31.0,19.5,24.4,6.0,5.0,0.0,25.08,21.24,137.4,8.0,Pete Sampras; Patrick Rafter; Michael Chang; Jonas Bjorkman; Yevgeny Kafelnikov; Greg Rusedski; Carlos Moya; Sergi Bruguera; Thomas Muster; Marcelo Rios
1997-12-01,31.0,19.5,24.5,6.0,5.0,0.0,25.1,21.26,138.4,8.0,Pete Sampras; Patrick Rafter; Michael Chang; Jonas Bjorkman; Yevgeny Kafelnikov; Greg Rusedski; Carlos Moya; Sergi Bruguera; Thomas Muster; Marcelo Rios
1997-12-08,31.0,19.5,24.5,6.0,5.0,0.0,25.11,21.28,139.4,8.0,Pete Sampras; Patrick Rafter; Michael Chang; Jonas Bjorkman; Yevgeny Kafelnikov; Greg Rusedski; Carlos Moya; Sergi Bruguera; Thomas Muster; Marcelo Rios
1997-12-15,31.1,19.5,24.2,6.0,5.0,0.0,25.13,21.3,140.4,8.0,Pete Sampras; Patrick Rafter; Michael Chang; Jonas Bjorkman; Yevgeny Kafelnikov; Greg Rusedski; Carlos Moya; Sergi Bruguera; Thomas Muster; Marcelo Rios
1997-12-22,31.1,19.5,24.2,6.0,5.0,0.0,25.15,21.32,141.4,8.0,Pete Sampras; Patrick Rafter; Michael Chang; Jonas Bjorkman; Yevgeny Kafelnikov; Greg Rusedski; Carlos Moya; Sergi Bruguera; Thomas Muster; Marcelo Rios
1997-12-29,31.1,19.5,24.2,6.0,5.0,0.0,25.17,21.34,142.4,8.0,Pete Sampras; Patrick Rafter; Michael Chang; Jonas Bjorkman; Yevgeny Kafelnikov; Greg Rusedski; Carlos Moya; Sergi Bruguera; Thomas Muster; Marcelo Rios
1998-01-05,29.2,19.5,24.2,6.0,5.0,0.0,25.19,21.36,143.4,8.0,Pete Sampras; Patrick Rafter; Michael Chang; Jonas Bjorkman; Yevgeny Kafelnikov; Greg Rusedski; Carlos Moya; Sergi Bruguera; Thomas Muster; Marcelo Rios
1998-01-12,23.6,18.0,13.0,6.0,5.0,1.0,25.51,21.38,136.1,9.0,Pete Sampras; Patrick Rafter; Michael Chang; Jonas Bjorkman; Yevgeny Kafelnikov; Greg Rusedski; Petr Korda; Carlos Moya; Thomas Muster; Marcelo Rios
1998-01-19,23.6,18.0,12.6,6.0,4.0,0.0,25.53,21.4,137.1,9.0,Pete Sampras; Patrick Rafter; Michael Chang; Jonas Bjorkman; Yevgeny Kafelnikov; Greg Rusedski; Petr Korda; Marcelo Rios; Carlos Moya; Thomas Muster
1998-01-26,22.4,8.0,12.6,4.0,4.0,0.0,25.55,21.42,138.1,9.0,Pete Sampras; Patrick Rafter; Michael Chang; Jonas Bjorkman; Yevgeny Kafelnikov; Greg Rusedski; Petr Korda; Marcelo Rios; Carlos Moya; Thomas Muster
1998-02-02,22.8,16.0,16.7,5.0,3.0,2.0,25.39,22.11,122.4,9.0,Pete Sampras; Petr Korda; Patrick Rafter; Jonas Bjorkman; Marcelo Rios; Michael Chang; Yevgeny Kafelnikov; Greg Rusedski; Richard Krajicek; Alex Corretja
1998-02-09,22.7,16.0,16.7,5.0,3.0,0.0,25.41,22.12,123.4,9.0,Pete Sampras; Petr Korda; Patrick Rafter; Jonas Bjorkman; Marcelo Rios; Yevgeny Kafelnikov; Michael Chang; Greg Rusedski; Richard Krajicek; Alex Corretja
1998-02-16,22.0,16.0,17.0,5.0,3.0,0.0,25.42,22.14,124.4,9.0,Pete Sampras; Petr Korda; Patrick Rafter; Jonas Bjorkman; Michael Chang; Yevgeny Kafelnikov; Marcelo Rios; Alex Corretja; Greg Rusedski; Richard Krajicek
1998-02-23,20.6,15.0,18.2,5.0,3.0,0.0,25.44,22.16,125.4,9.0,Pete Sampras; Petr Korda; Patrick Rafter; Jonas Bjorkman; Greg Rusedski; Marcelo Rios; Yevgeny Kafelnikov; Michael Chang; Alex Corretja; Richard Krajicek
1998-03-02,18.6,14.5,18.1,5.0,3.0,0.0,25.46,22.18,126.4,9.0,Pete Sampras; Petr Korda; Patrick Rafter; Yevgeny Kafelnikov; Jonas Bjorkman; Greg Rusedski; Marcelo Rios; Michael Chang; Alex Corretja; Richard Krajicek
1998-03-09,18.3,14.5,18.6,5.0,3.0,0.0,25.48,22.2,127.4,9.0,Pete Sampras; Petr Korda; Patrick Rafter; Yevgeny Kafelnikov; Jonas Bjorkman; Greg Rusedski; Marcelo Rios; Michael Chang; Alex Corretja; Richard Krajicek
1998-03-16,17.8,15.5,20.4,5.0,4.0,0.0,25.5,22.22,128.4,9.0,Pete Sampras; Petr Korda; Marcelo Rios; Patrick Rafter; Greg Rusedski; Yevgeny Kafelnikov; Jonas Bjorkman; Alex Corretja; Richard Krajicek; Michael Chang
1998-03-23,17.8,15.5,20.4,5.0,4.0,0.0,25.52,22.24,129.4,9.0,Pete Sampras; Petr Korda; Marcelo Rios; Patrick Rafter; Greg Rusedski; Yevgeny Kafelnikov; Jonas Bjorkman; Alex Corretja; Richard Krajicek; Michael Chang
1998-03-30,23.9,22.0,20.0,6.0,5.0,1.0,25.08,21.55,94.0,10.0,Marcelo Rios; Pete Sampras; Petr Korda; Patrick Rafter; Greg Rusedski; Yevgeny Kafelnikov; Alex Corretja; Jonas Bjorkman; Richard Krajicek; Gustavo Kuerten
1998-04-06,23.9,22.0,20.1,6.0,5.0,0.0,25.1,21.57,95.0,10.0,Marcelo Rios; Pete Sampras; Petr Korda; Patrick Rafter; Greg Rusedski; Yevgeny Kafelnikov; Alex Corretja; Jonas Bjorkman; Richard Krajicek; Gustavo Kuerten
1998-04-13,23.0,19.5,19.2,6.0,5.0,0.0,25.12,21.59,96.0,10.0,Marcelo Rios; Pete Sampras; Petr Korda; Patrick Rafter; Greg Rusedski; Yevgeny Kafelnikov; Jonas Bjorkman; Alex Corretja; Richard Krajicek; Gustavo Kuerten
1998-04-20,28.1,24.0,19.6,7.0,5.0,1.0,24.92,21.61,87.6,10.0,Marcelo Rios; Pete Sampras; Petr Korda; Patrick Rafter; Greg Rusedski; Yevgeny Kafelnikov; Jonas Bjorkman; Alex Corretja; Gustavo Kuerten; Karol Kucera
1998-04-27,27.5,25.0,19.7,7.0,4.0,0.0,24.94,21.63,88.6,10.0,Pete Sampras; Petr Korda; Marcelo Rios; Patrick Rafter; Greg Rusedski; Yevgeny Kafelnikov; Jonas Bjorkman; Alex Corretja; Gustavo Kuerten; Karol Kucera
1998-05-04,27.7,26.0,20.4,7.0,4.0,0.0,24.96,21.65,89.6,10.0,Pete Sampras; Petr Korda; Marcelo Rios; Patrick Rafter; Greg Rusedski; Yevgeny Kafelnikov; Jonas Bjorkman; Gustavo Kuerten; Alex Corretja; Karol Kucera
1998-05-11,28.6,27.0,21.1,7.0,5.0,0.0,24.97,21.66,90.6,10.0,Pete Sampras; Petr Korda; Marcelo Rios; Patrick Rafter; Greg Rusedski; Yevgeny Kafelnikov; Jonas Bjorkman; Alex Corretja; Gustavo Kuerten; Karol Kucera
1998-05-18,26.3,26.5,20.5,6.0,4.0,1.0,25.23,21.68,97.3,10.0,Pete Sampras; Petr Korda; Marcelo Rios; Patrick Rafter; Greg Rusedski; Yevgeny Kafelnikov; Jonas Bjorkman; Gustavo Kuerten; Karol Kucera; Richard Krajicek
1998-05-25,26.1,24.0,20.2,6.0,4.0,0.0,25.25,21.7,98.3,10.0,Pete Sampras; Petr Korda; Marcelo Rios; Greg Rusedski; Patrick Rafter; Yevgeny Kafelnikov; Jonas Bjorkman; Gustavo Kuerten; Karol Kucera; Richard Krajicek
1998-06-01,26.1,24.0,20.2,6.0,4.0,0.0,25.27,21.72,99.3,10.0,Pete Sampras; Petr Korda; Marcelo Rios; Greg Rusedski; Patrick Rafter; Yevgeny Kafelnikov; Jonas Bjorkman; Gustavo Kuerten; Karol Kucera; Richard Krajicek
1998-06-08,16.3,13.5,21.1,6.0,5.0,3.0,25.0,21.78,97.1,8.0,Pete Sampras; Marcelo Rios; Petr Korda; Greg Rusedski; Carlos Moya; Patrick Rafter; Yevgeny Kafelnikov; Jonas Bjorkman; Alex Corretja; Felix Mantilla
1998-06-15,18.1,14.0,24.7,6.0,4.0,1.0,25.55,21.8,99.5,9.0,Pete Sampras; Marcelo Rios; Petr Korda; Greg Rusedski; Carlos Moya; Patrick Rafter; Yevgeny Kafelnikov; Alex Corretja; Jonas Bjorkman; Cedric Pioline
1998-06-22,17.0,14.0,24.0,6.0,4.0,0.0,25.57,21.82,100.5,9.0,Pete Sampras; Marcelo Rios; Petr Korda; Carlos Moya; Greg Rusedski; Patrick Rafter; Yevgeny Kafelnikov; Jonas Bjorkman; Alex Corretja; Cedric Pioline
1998-06-29,17.0,14.0,24.0,6.0,4.0,0.0,25.58,21.84,101.5,9.0,Pete Sampras; Marcelo Rios; Petr Korda; Carlos Moya; Greg Rusedski; Patrick Rafter; Yevgeny Kafelnikov; Jonas Bjorkman; Alex Corretja; Cedric Pioline
1998-07-06,13.5,12.5,21.4,5.0,4.0,1.0,25.36,21.86,110.4,9.0,Pete Sampras; Marcelo Rios; Petr Korda; Carlos Moya; Patrick Rafter; Greg Rusedski; Yevgeny Kafelnikov; Jonas Bjorkman; Alex Corretja; Richard Krajicek
1998-07-13,13.3,12.5,21.7,5.0,4.0,0.0,25.38,21.88,111.4,9.0,Pete Sampras; Marcelo Rios; Petr Korda; Carlos Moya; Patrick Rafter; Greg Rusedski; Alex Corretja; Yevgeny Kafelnikov; Jonas Bjorkman; Richard Krajicek
1998-07-20,12.9,12.5,21.8,5.0,4.0,0.0,25.39,21.89,112.4,9.0,Pete Sampras; Marcelo Rios; Petr Korda; Carlos Moya; Patrick Rafter; Greg Rusedski; Yevgeny Kafelnikov; Jonas Bjorkman; Richard Krajicek; Alex Corretja
1998-07-27,13.0,12.5,21.5,5.0,4.0,0.0,25.41,21.91,113.4,9.0,Pete Sampras; Marcelo Rios; Petr Korda; Carlos Moya; Patrick Rafter; Greg Rusedski; Yevgeny Kafelnikov; Jonas Bjorkman; Richard Krajicek; Alex Corretja
1998-08-03,13.1,13.0,21.6,6.0,4.0,0.0,25.43,21.93,114.4,9.0,Pete Sampras; Marcelo Rios; Petr Korda; Carlos Moya; Patrick Rafter; Greg Rusedski; Jonas Bjorkman; Yevgeny Kafelnikov; Richard Krajicek; Alex Corretja
1998-08-10,19.9,16.5,21.9,6.0,4.0,1.0,25.85,21.95,146.8,9.0,Marcelo Rios; Pete Sampras; Patrick Rafter; Petr Korda; Carlos Moya; Greg Rusedski; Jonas Bjorkman; Richard Krajicek; Andre Agassi; Yevgeny Kafelnikov
1998-08-17,18.8,17.0,25.7,7.0,4.0,1.0,25.81,21.97,129.4,8.0,Marcelo Rios; Pete Sampras; Patrick Rafter; Petr Korda; Carlos Moya; Richard Krajicek; Greg Rusedski; Andre Agassi; Jonas Bjorkman; Tim Henman
1998-08-24,18.7,15.0,24.9,6.0,4.0,2.0,25.68,21.99,131.3,8.0,Pete Sampras; Marcelo Rios; Patrick Rafter; Petr Korda; Richard Krajicek; Greg Rusedski; Alex Corretja; Andre Agassi; Karol Kucera; Carlos Moya
1998-08-31,18.7,15.0,24.7,6.0,4.0,0.0,25.7,22.01,132.3,8.0,Pete Sampras; Marcelo Rios; Patrick Rafter; Petr Korda; Richard Krajicek; Greg Rusedski; Alex Corretja; Andre Agassi; Karol Kucera; Carlos Moya
1998-09-07,20.7,10.5,24.7,5.0,4.0,0.0,25.71,22.03,133.3,8.0,Pete Sampras; Marcelo Rios; Patrick Rafter; Petr Korda; Richard Krajicek; Greg Rusedski; Alex Corretja; Andre Agassi; Karol Kucera; Carlos Moya
1998-09-14,20.3,9.5,9.56,4.0,5.0,0.0,25.73,22.05,134.3,8.0,Pete Sampras; Marcelo Rios; Patrick Rafter; Petr Korda; Richard Krajicek; Greg Rusedski; Alex Corretja; Andre Agassi; Karol Kucera; Carlos Moya
1998-09-21,19.6,8.0,9.0,4.0,4.0,1.0,25.71,22.07,148.4,8.0,Pete Sampras; Patrick Rafter; Marcelo Rios; Petr Korda; Carlos Moya; Karol Kucera; Alex Corretja; Andre Agassi; Richard Krajicek; Yevgeny Kafelnikov
1998-09-28,19.5,8.0,9.0,4.0,4.0,0.0,25.73,22.09,149.4,8.0,Pete Sampras; Patrick Rafter; Marcelo Rios; Petr Korda; Carlos Moya; Karol Kucera; Alex Corretja; Andre Agassi; Richard Krajicek; Yevgeny Kafelnikov
1998-10-05,19.9,9.0,9.11,4.0,4.0,0.0,25.75,22.11,150.4,8.0,Pete Sampras; Patrick Rafter; Marcelo Rios; Carlos Moya; Petr Korda; Karol Kucera; Alex Corretja; Andre Agassi; Richard Krajicek; Yevgeny Kafelnikov
1998-10-12,20.4,9.5,8.56,4.0,4.0,1.0,25.49,22.12,140.4,8.0,Pete Sampras; Patrick Rafter; Marcelo Rios; Carlos Moya; Petr Korda; Andre Agassi; Karol Kucera; Alex Corretja; Yevgeny Kafelnikov; Tim Henman
1998-10-19,20.2,10.5,8.89,5.0,5.0,0.0,25.51,22.14,141.4,8.0,Pete Sampras; Marcelo Rios; Patrick Rafter; Carlos Moya; Petr Korda; Andre Agassi; Alex Corretja; Karol Kucera; Tim Henman; Yevgeny Kafelnikov
1998-10-26,23.6,10.5,9.22,5.0,5.0,0.0,25.53,22.16,142.4,8.0,Pete Sampras; Marcelo Rios; Patrick Rafter; Carlos Moya; Andre Agassi; Alex Corretja; Karol Kucera; Yevgeny Kafelnikov; Tim Henman; Petr Korda
1998-11-02,23.7,11.5,9.8,6.0,5.0,1.0,25.16,22.18,141.0,8.0,Pete Sampras; Marcelo Rios; Patrick Rafter; Carlos Moya; Andre Agassi; Alex Corretja; Karol Kucera; Yevgeny Kafelnikov; Richard Krajicek; Tim Henman
1998-11-09,23.1,10.5,10.0,5.0,5.0,0.0,25.18,22.2,142.0,8.0,Pete Sampras; Marcelo Rios; Patrick Rafter; Carlos Moya; Andre Agassi; Alex Corretja; Karol Kucera; Yevgeny Kafelnikov; Richard Krajicek; Tim Henman
1998-11-16,21.1,10.5,12.2,5.0,5.0,0.0,25.2,22.22,143.0,8.0,Pete Sampras; Marcelo Rios; Patrick Rafter; Andre Agassi; Carlos Moya; Alex Corretja; Karol Kucera; Richard Krajicek; Tim Henman; Yevgeny Kafelnikov
1998-11-23,21.1,10.5,12.2,5.0,5.0,0.0,25.22,22.24,144.0,8.0,Pete Sampras; Marcelo Rios; Patrick Rafter; Andre Agassi; Carlos Moya; Alex Corretja; Karol Kucera; Richard Krajicek; Tim Henman; Yevgeny Kafelnikov
1998-11-30,20.0,10.5,13.2,5.0,6.0,1.0,25.28,22.26,130.9,7.0,Pete Sampras; Marcelo Rios; Alex Corretja; Patrick Rafter; Carlos Moya; Andre Agassi; Tim Henman; Karol Kucera; Greg Rusedski; Richard Krajicek
1998-12-07,20.0,10.5,13.2,5.0,6.0,0.0,25.3,22.28,131.9,7.0,Pete Sampras; Marcelo Rios; Alex Corretja; Patrick Rafter; Carlos Moya; Andre Agassi; Tim Henman; Karol Kucera; Greg Rusedski; Richard Krajicek
1998-12-14,20.0,10.5,13.1,5.0,6.0,0.0,25.32,22.3,132.9,7.0,Pete Sampras; Marcelo Rios; Alex Corretja; Patrick Rafter; Carlos Moya; Andre Agassi; Tim Henman; Karol Kucera; Greg Rusedski; Richard Krajicek
1998-12-21,20.0,10.5,13.1,5.0,6.0,0.0,25.34,22.32,133.9,7.0,Pete Sampras; Marcelo Rios; Alex Corretja; Patrick Rafter; Carlos Moya; Andre Agassi; Tim Henman; Karol Kucera; Greg Rusedski; Richard Krajicek
1998-12-28,20.0,10.5,13.1,5.0,6.0,0.0,25.36,22.34,134.9,7.0,Pete Sampras; Marcelo Rios; Alex Corretja; Patrick Rafter; Carlos Moya; Andre Agassi; Tim Henman; Karol Kucera; Greg Rusedski; Richard Krajicek
1999-01-04,20.0,10.5,13.1,5.0,6.0,0.0,25.38,22.35,135.9,7.0,Pete Sampras; Marcelo Rios; Alex Corretja; Patrick Rafter; Carlos Moya; Andre Agassi; Tim Henman; Karol Kucera; Greg Rusedski; Richard Krajicek
1999-01-11,18.1,10.5,13.1,5.0,6.0,0.0,25.4,22.37,136.9,7.0,Pete Sampras; Marcelo Rios; Alex Corretja; Patrick Rafter; Carlos Moya; Andre Agassi; Tim Henman; Karol Kucera; Greg Rusedski; Richard Krajicek
1999-01-18,16.0,8.5,12.1,4.0,5.0,1.0,25.42,22.39,154.5,7.0,Pete Sampras; Marcelo Rios; Alex Corretja; Patrick Rafter; Carlos Moya; Andre Agassi; Tim Henman; Greg Rusedski; Richard Krajicek; Yevgeny Kafelnikov
1999-01-25,16.0,8.5,12.1,4.0,5.0,0.0,25.44,22.41,155.5,7.0,Pete Sampras; Marcelo Rios; Alex Corretja; Patrick Rafter; Carlos Moya; Andre Agassi; Tim Henman; Greg Rusedski; Richard Krajicek; Yevgeny Kafelnikov
1999-02-01,15.3,8.5,11.5,3.0,4.0,0.0,25.46,22.43,156.5,7.0,Pete Sampras; Alex Corretja; Yevgeny Kafelnikov; Patrick Rafter; Carlos Moya; Marcelo Rios; Andre Agassi; Tim Henman; Richard Krajicek; Greg Rusedski
1999-02-08,15.2,8.5,11.2,3.0,4.0,0.0,25.48,22.45,157.5,7.0,Pete Sampras; Alex Corretja; Yevgeny Kafelnikov; Patrick Rafter; Carlos Moya; Marcelo Rios; Andre Agassi; Tim Henman; Richard Krajicek; Greg Rusedski
1999-02-15,13.1,8.5,11.9,3.0,5.0,0.0,25.5,22.47,158.5,7.0,Pete Sampras; Yevgeny Kafelnikov; Patrick Rafter; Alex Corretja; Carlos Moya; Marcelo Rios; Tim Henman; Andre Agassi; Greg Rusedski; Richard Krajicek
1999-02-22,13.0,8.0,12.0,3.0,5.0,0.0,25.52,22.49,159.5,7.0,Pete Sampras; Yevgeny Kafelnikov; Alex Corretja; Carlos Moya; Patrick Rafter; Marcelo Rios; Tim Henman; Andre Agassi; Richard Krajicek; Greg Rusedski
1999-03-01,12.8,8.0,12.8,3.0,6.0,0.0,25.54,22.51,160.5,7.0,Pete Sampras; Yevgeny Kafelnikov; Alex Corretja; Carlos Moya; Patrick Rafter; Marcelo Rios; Tim Henman; Richard Krajicek; Andre Agassi; Greg Rusedski
1999-03-08,11.7,8.0,12.6,3.0,6.0,0.0,25.56,22.53,161.5,7.0,Pete Sampras; Yevgeny Kafelnikov; Alex Corretja; Carlos Moya; Patrick Rafter; Marcelo Rios; Tim Henman; Richard Krajicek; Andre Agassi; Greg Rusedski
1999-03-15,16.8,8.5,13.7,4.0,5.0,1.0,25.89,22.55,160.9,7.0,Carlos Moya; Pete Sampras; Yevgeny Kafelnikov; Alex Corretja; Patrick Rafter; Tim Henman; Richard Krajicek; Marcelo Rios; Andre Agassi; Todd Martin
1999-03-22,16.8,8.5,12.9,4.0,5.0,0.0,25.91,22.57,161.9,7.0,Carlos Moya; Pete Sampras; Yevgeny Kafelnikov; Alex Corretja; Patrick Rafter; Tim Henman; Richard Krajicek; Marcelo Rios; Andre Agassi; Todd Martin
1999-03-29,15.3,10.5,18.3,5.0,7.0,2.0,25.46,22.39,113.9,7.0,Pete Sampras; Carlos Moya; Yevgeny Kafelnikov; Richard Krajicek; Patrick Rafter; Alex Corretja; Tim Henman; Todd Martin; Mark Philippoussis; Karol Kucera
1999-04-05,15.3,10.5,20.3,5.0,7.0,0.0,25.48,22.41,114.9,7.0,Pete Sampras; Carlos Moya; Yevgeny Kafelnikov; Richard Krajicek; Patrick Rafter; Alex Corretja; Tim Henman; Todd Martin; Mark Philippoussis; Karol Kucera
1999-04-12,15.5,10.0,21.0,5.0,7.0,0.0,25.5,22.43,115.9,7.0,Pete Sampras; Carlos Moya; Yevgeny Kafelnikov; Richard Krajicek; Alex Corretja; Patrick Rafter; Tim Henman; Todd Martin; Mark Philippoussis; Karol Kucera
1999-04-19,11.4,11.5,18.1,5.0,6.0,1.0,25.53,22.44,150.5,7.0,Pete Sampras; Carlos Moya; Yevgeny Kafelnikov; Richard Krajicek; Alex Corretja; Patrick Rafter; Tim Henman; Mark Philippoussis; Karol Kucera; Andre Agassi
1999-04-26,9.3,9.0,18.6,4.0,7.0,1.0,24.99,22.46,124.6,8.0,Pete Sampras; Yevgeny Kafelnikov; Alex Corretja; Patrick Rafter; Richard Krajicek; Carlos Moya; Tim Henman; Marcelo Rios; Mark Philippoussis; Karol Kucera
1999-05-03,9.6,9.5,17.7,4.0,7.0,0.0,25.01,22.48,125.6,8.0,Yevgeny Kafelnikov; Pete Sampras; Alex Corretja; Patrick Rafter; Richard Krajicek; Carlos Moya; Tim Henman; Marcelo Rios; Mark Philippoussis; Karol Kucera
1999-05-10,11.7,9.5,17.6,5.0,7.0,1.0,25.39,22.5,128.9,7.0,Yevgeny Kafelnikov; Pete Sampras; Carlos Moya; Patrick Rafter; Richard Krajicek; Marcelo Rios; Alex Corretja; Tim Henman; Mark Philippoussis; Todd Martin
1999-05-17,9.7,9.0,17.0,4.0,7.0,1.0,24.79,22.52,125.6,8.0,Yevgeny Kafelnikov; Pete Sampras; Patrick Rafter; Carlos Moya; Richard Krajicek; Alex Corretja; Tim Henman; Gustavo Kuerten; Marcelo Rios; Mark Philippoussis
1999-05-24,9.8,9.0,17.1,4.0,6.0,0.0,24.81,22.54,126.6,8.0,Yevgeny Kafelnikov; Pete Sampras; Patrick Rafter; Carlos Moya; Richard Krajicek; Alex Corretja; Tim Henman; Gustavo Kuerten; Marcelo Rios; Mark Philippoussis
1999-05-31,9.8,9.0,17.3,4.0,6.0,0.0,24.83,22.56,127.6,8.0,Yevgeny Kafelnikov; Pete Sampras; Patrick Rafter; Carlos Moya; Richard Krajicek; Alex Corretja; Tim Henman; Gustavo Kuerten; Marcelo Rios; Mark Philippoussis
1999-06-07,12.1,11.0,13.9,5.0,5.0,1.0,25.48,22.58,157.8,8.0,Yevgeny Kafelnikov; Patrick Rafter; Pete Sampras; Andre Agassi; Richard Krajicek; Tim Henman; Gustavo Kuerten; Alex Corretja; Marcelo Rios; Mark Philippoussis
1999-06-14,10.0,7.5,16.7,4.0,5.0,1.0,25.52,22.76,167.9,8.0,Pete Sampras; Patrick Rafter; Yevgeny Kafelnikov; Andre Agassi; Richard Krajicek; Tim Henman; Gustavo Kuerten; Alex Corretja; Marcelo Rios; Carlos Moya
1999-06-21,10.4,8.0,16.2,4.0,6.0,0.0,25.54,22.78,168.9,8.0,Pete Sampras; Patrick Rafter; Yevgeny Kafelnikov; Andre Agassi; Richard Krajicek; Tim Henman; Gustavo Kuerten; Alex Corretja; Marcelo Rios; Carlos Moya
1999-06-28,10.4,8.0,16.2,4.0,6.0,0.0,25.56,22.8,169.9,8.0,Pete Sampras; Patrick Rafter; Yevgeny Kafelnikov; Andre Agassi; Richard Krajicek; Tim Henman; Gustavo Kuerten; Alex Corretja; Marcelo Rios; Carlos Moya
1999-07-05,12.3,9.5,13.1,4.0,6.0,1.0,26.19,22.81,166.2,8.0,Andre Agassi; Patrick Rafter; Pete Sampras; Yevgeny Kafelnikov; Gustavo Kuerten; Tim Henman; Richard Krajicek; Alex Corretja; Marcelo Rios; Todd Martin
1999-07-12,12.1,9.0,17.7,4.0,6.0,2.0,26.21,22.83,161.7,7.0,Andre Agassi; Patrick Rafter; Pete Sampras; Yevgeny Kafelnikov; Gustavo Kuerten; Tim Henman; Richard Krajicek; Todd Martin; Carlos Moya; Greg Rusedski
1999-07-19,11.7,8.0,17.8,4.0,6.0,0.0,26.22,22.85,162.7,7.0,Andre Agassi; Patrick Rafter; Pete Sampras; Yevgeny Kafelnikov; Gustavo Kuerten; Tim Henman; Richard Krajicek; Todd Martin; Carlos Moya; Greg Rusedski
1999-07-26,11.5,9.5,13.3,4.0,5.0,1.0,26.48,22.87,162.2,7.0,Patrick Rafter; Pete Sampras; Andre Agassi; Yevgeny Kafelnikov; Tim Henman; Gustavo Kuerten; Richard Krajicek; Alex Corretja; Todd Martin; Greg Rusedski
1999-08-02,11.6,9.5,13.0,4.0,5.0,0.0,26.5,22.89,163.2,7.0,Pete Sampras; Patrick Rafter; Andre Agassi; Yevgeny Kafelnikov; Tim Henman; Gustavo Kuerten; Richard Krajicek; Alex Corretja; Todd Martin; Greg Rusedski
1999-08-09,11.6,9.5,16.8,4.0,5.0,1.0,26.05,22.91,159.8,6.0,Pete Sampras; Yevgeny Kafelnikov; Andre Agassi; Patrick Rafter; Tim Henman; Gustavo Kuerten; Todd Martin; Alex Corretja; Greg Rusedski; Carlos Moya
1999-08-16,11.2,9.0,16.5,4.0,5.0,0.0,26.07,22.93,160.8,6.0,Pete Sampras; Yevgeny Kafelnikov; Andre Agassi; Patrick Rafter; Tim Henman; Gustavo Kuerten; Todd Martin; Alex Corretja; Greg Rusedski; Carlos Moya
1999-08-23,10.7,9.0,18.3,4.0,6.0,1.0,25.91,22.95,165.8,7.0,Pete Sampras; Andre Agassi; Yevgeny Kafelnikov; Patrick Rafter; Gustavo Kuerten; Tim Henman; Todd Martin; Carlos Moya; Greg Rusedski; Marcelo Rios
1999-08-30,10.6,9.0,18.4,4.0,6.0,0.0,25.93,22.97,166.8,7.0,Pete Sampras; Andre Agassi; Yevgeny Kafelnikov; Patrick Rafter; Tim Henman; Gustavo Kuerten; Todd Martin; Greg Rusedski; Carlos Moya; Marcelo Rios
1999-09-06,10.6,9.0,18.4,4.0,6.0,0.0,25.95,22.99,167.8,7.0,Pete Sampras; Andre Agassi; Yevgeny Kafelnikov; Patrick Rafter; Tim Henman; Gustavo Kuerten; Todd Martin; Greg Rusedski; Carlos Moya; Marcelo Rios
1999-09-13,13.9,9.5,19.1,5.0,5.0,2.0,25.92,21.45,162.2,7.0,Andre Agassi; Yevgeny Kafelnikov; Pete Sampras; Todd Martin; Gustavo Kuerten; Tim Henman; Greg Rusedski; Marcelo Rios; Richard Krajicek; Tommy Haas
1999-09-20,11.9,9.5,15.1,4.0,4.0,1.0,26.34,23.03,172.7,7.0,Andre Agassi; Yevgeny Kafelnikov; Pete Sampras; Todd Martin; Gustavo Kuerten; Greg Rusedski; Tim Henman; Marcelo Rios; Richard Krajicek; Alex Corretja
1999-09-27,11.5,9.5,15.1,4.0,4.0,0.0,26.35,23.04,173.7,7.0,Andre Agassi; Yevgeny Kafelnikov; Pete Sampras; Todd Martin; Gustavo Kuerten; Greg Rusedski; Tim Henman; Marcelo Rios; Richard Krajicek; Alex Corretja
1999-10-04,11.4,9.5,15.0,4.0,4.0,0.0,26.37,23.06,174.7,7.0,Andre Agassi; Yevgeny Kafelnikov; Pete Sampras; Todd Martin; Gustavo Kuerten; Tim Henman; Marcelo Rios; Greg Rusedski; Richard Krajicek; Alex Corretja
1999-10-11,11.8,9.5,15.8,4.0,4.0,0.0,26.39,23.08,175.7,7.0,Andre Agassi; Yevgeny Kafelnikov; Pete Sampras; Todd Martin; Gustavo Kuerten; Marcelo Rios; Greg Rusedski; Richard Krajicek; Tim Henman; Alex Corretja
1999-10-18,13.0,10.5,20.3,5.0,5.0,1.0,26.13,22.29,171.3,8.0,Andre Agassi; Yevgeny Kafelnikov; Pete Sampras; Todd Martin; Gustavo Kuerten; Greg Rusedski; Marcelo Rios; Nicolas Kiefer; Richard Krajicek; Alex Corretja
1999-10-25,13.4,10.0,20.2,5.0,5.0,1.0,26.11,22.31,167.6,7.0,Andre Agassi; Yevgeny Kafelnikov; Pete Sampras; Todd Martin; Gustavo Kuerten; Greg Rusedski; Nicolas Kiefer; Richard Krajicek; Marcelo Rios; Tim Henman
1999-11-01,14.3,11.5,21.8,5.0,4.0,1.0,25.9,22.32,161.7,7.0,Andre Agassi; Yevgeny Kafelnikov; Pete Sampras; Todd Martin; Gustavo Kuerten; Greg Rusedski; Nicolas Kiefer; Marcelo Rios; Thomas Enqvist; Tim Henman
1999-11-08,22.9,15.5,15.1,5.0,4.0,1.0,25.63,22.34,154.2,8.0,Andre Agassi; Yevgeny Kafelnikov; Pete Sampras; Todd Martin; Gustavo Kuerten; Nicolas Kiefer; Thomas Enqvist; Nicolas Lapentti; Marcelo Rios; Tim Henman
1999-11-15,21.1,13.0,17.6,5.0,5.0,1.0,25.92,22.36,165.3,8.0,Andre Agassi; Yevgeny Kafelnikov; Gustavo Kuerten; Thomas Enqvist; Pete Sampras; Nicolas Kiefer; Todd Martin; Nicolas Lapentti; Marcelo Rios; Richard Krajicek
1999-11-22,21.3,13.0,18.4,5.0,5.0,0.0,25.94,22.38,166.3,8.0,Andre Agassi; Yevgeny Kafelnikov; Gustavo Kuerten; Thomas Enqvist; Pete Sampras; Nicolas Kiefer; Todd Martin; Nicolas Lapentti; Marcelo Rios; Richard Krajicek
1999-11-29,21.8,13.5,20.0,6.0,5.0,0.0,25.96,22.4,167.3,8.0,Andre Agassi; Yevgeny Kafelnikov; Pete Sampras; Thomas Enqvist; Gustavo Kuerten; Nicolas Kiefer; Todd Martin; Nicolas Lapentti; Marcelo Rios; Richard Krajicek
1999-12-06,21.7,13.5,19.6,6.0,5.0,0.0,25.98,22.42,168.3,8.0,Andre Agassi; Yevgeny Kafelnikov; Pete Sampras; Thomas Enqvist; Gustavo Kuerten; Nicolas Kiefer; Todd Martin; Nicolas Lapentti; Marcelo Rios; Richard Krajicek
1999-12-13,21.6,13.5,19.6,6.0,5.0,0.0,26.0,22.44,169.3,8.0,Andre Agassi; Yevgeny Kafelnikov; Pete Sampras; Thomas Enqvist; Gustavo Kuerten; Nicolas Kiefer; Todd Martin; Nicolas Lapentti; Marcelo Rios; Richard Krajicek
1999-12-20,21.6,13.5,19.6,6.0,5.0,0.0,26.02,22.46,170.3,8.0,Andre Agassi; Yevgeny Kafelnikov; Pete Sampras; Thomas Enqvist; Gustavo Kuerten; Nicolas Kiefer; Todd Martin; Nicolas Lapentti; Marcelo Rios; Richard Krajicek
1999-12-27,21.6,13.5,19.6,6.0,5.0,0.0,26.04,22.48,171.3,8.0,Andre Agassi; Yevgeny Kafelnikov; Pete Sampras; Thomas Enqvist; Gustavo Kuerten; Nicolas Kiefer; Todd Martin; Nicolas Lapentti; Marcelo Rios; Richard Krajicek
2000-01-03,21.6,13.5,19.6,6.0,5.0,0.0,26.05,22.5,172.3,8.0,Andre Agassi; Yevgeny Kafelnikov; Pete Sampras; Thomas Enqvist; Gustavo Kuerten; Nicolas Kiefer; Todd Martin; Nicolas Lapentti; Marcelo Rios; Richard Krajicek
2000-01-10,21.4,13.5,18.4,6.0,5.0,0.0,26.07,22.52,173.3,8.0,Andre Agassi; Yevgeny Kafelnikov; Pete Sampras; Nicolas Kiefer; Gustavo Kuerten; Thomas Enqvist; Nicolas Lapentti; Todd Martin; Marcelo Rios; Richard Krajicek
2000-01-17,21.3,11.5,18.3,5.0,5.0,0.0,26.09,22.54,174.3,8.0,Andre Agassi; Yevgeny Kafelnikov; Pete Sampras; Nicolas Kiefer; Gustavo Kuerten; Thomas Enqvist; Nicolas Lapentti; Marcelo Rios; Todd Martin; Richard Krajicek
2000-01-24,21.3,11.5,18.3,5.0,5.0,0.0,26.11,22.55,175.3,8.0,Andre Agassi; Yevgeny Kafelnikov; Pete Sampras; Nicolas Kiefer; Gustavo Kuerten; Thomas Enqvist; Nicolas Lapentti; Marcelo Rios; Todd Martin; Richard Krajicek
2000-01-31,18.2,8.5,14.9,4.0,4.0,2.0,25.49,22.57,163.0,9.0,Andre Agassi; Pete Sampras; Yevgeny Kafelnikov; Nicolas Kiefer; Gustavo Kuerten; Magnus Norman; Marcelo Rios; Richard Krajicek; Nicolas Lapentti; Tim Henman
2000-02-07,18.7,8.5,15.2,4.0,4.0,0.0,25.51,22.59,164.0,9.0,Andre Agassi; Pete Sampras; Yevgeny Kafelnikov; Nicolas Kiefer; Gustavo Kuerten; Magnus Norman; Marcelo Rios; Richard Krajicek; Nicolas Lapentti; Tim Henman
2000-02-14,19.0,11.0,19.2,5.0,5.0,1.0,25.95,22.61,167.9,8.0,Andre Agassi; Yevgeny Kafelnikov; Pete Sampras; Nicolas Kiefer; Magnus Norman; Gustavo Kuerten; Marcelo Rios; Richard Krajicek; Nicolas Lapentti; Todd Martin
2000-02-21,20.3,13.0,17.8,5.0,5.0,1.0,26.07,22.63,161.8,9.0,Andre Agassi; Pete Sampras; Yevgeny Kafelnikov; Nicolas Kiefer; Magnus Norman; Gustavo Kuerten; Marcelo Rios; Richard Krajicek; Nicolas Lapentti; Cedric Pioline
2000-02-28,20.9,16.5,14.2,6.0,4.0,1.0,25.87,22.65,155.7,8.0,Andre Agassi; Pete Sampras; Yevgeny Kafelnikov; Nicolas Kiefer; Magnus Norman; Gustavo Kuerten; Marcelo Rios; Nicolas Lapentti; Cedric Pioline; Thomas Enqvist
2000-03-06,20.8,16.5,14.4,6.0,4.0,0.0,25.89,22.67,156.7,8.0,Andre Agassi; Pete Sampras; Yevgeny Kafelnikov; Nicolas Kiefer; Gustavo Kuerten; Magnus Norman; Marcelo Rios; Nicolas Lapentti; Cedric Pioline; Thomas Enqvist
2000-03-13,19.9,12.0,13.3,5.0,3.0,1.0,25.38,22.69,161.5,8.0,Andre Agassi; Pete Sampras; Yevgeny Kafelnikov; Nicolas Kiefer; Magnus Norman; Gustavo Kuerten; Marcelo Rios; Nicolas Lapentti; Tim Henman; Thomas Enqvist
2000-03-20,19.9,12.0,13.5,5.0,4.0,0.0,25.4,22.71,162.5,8.0,Andre Agassi; Pete Sampras; Yevgeny Kafelnikov; Nicolas Kiefer; Magnus Norman; Gustavo Kuerten; Thomas Enqvist; Marcelo Rios; Nicolas Lapentti; Tim Henman
2000-03-27,20.2,14.0,13.5,7.0,4.0,0.0,25.42,22.73,163.5,8.0,Andre Agassi; Pete Sampras; Yevgeny Kafelnikov; Nicolas Kiefer; Magnus Norman; Gustavo Kuerten; Thomas Enqvist; Marcelo Rios; Nicolas Lapentti; Tim Henman
2000-04-03,20.2,14.0,15.0,7.0,5.0,0.0,25.44,22.75,164.5,8.0,Andre Agassi; Pete Sampras; Yevgeny Kafelnikov; Gustavo Kuerten; Magnus Norman; Nicolas Kiefer; Nicolas Lapentti; Marcelo Rios; Thomas Enqvist; Tim Henman
2000-04-10,20.1,14.5,15.0,7.0,5.0,0.0,25.46,22.77,165.5,8.0,Andre Agassi; Pete Sampras; Yevgeny Kafelnikov; Gustavo Kuerten; Magnus Norman; Nicolas Kiefer; Nicolas Lapentti; Marcelo Rios; Thomas Enqvist; Tim Henman
2000-04-17,19.6,14.0,14.9,6.0,5.0,0.0,25.48,22.78,166.5,8.0,Andre Agassi; Pete Sampras; Yevgeny Kafelnikov; Gustavo Kuerten; Magnus Norman; Nicolas Lapentti; Nicolas Kiefer; Marcelo Rios; Thomas Enqvist; Tim Henman
2000-04-24,19.1,16.5,15.6,7.0,4.0,1.0,26.15,22.8,152.5,8.0,Andre Agassi; Pete Sampras; Yevgeny Kafelnikov; Magnus Norman; Gustavo Kuerten; Cedric Pioline; Nicolas Kiefer; Nicolas Lapentti; Thomas Enqvist; Tim Henman
2000-05-01,20.0,17.0,15.9,7.0,4.0,0.0,26.17,22.82,153.5,8.0,Andre Agassi; Pete Sampras; Yevgeny Kafelnikov; Magnus Norman; Gustavo Kuerten; Cedric Pioline; Nicolas Lapentti; Nicolas Kiefer; Thomas Enqvist; Tim Henman
2000-05-08,19.1,15.5,16.0,7.0,4.0,0.0,26.19,22.84,154.5,8.0,Andre Agassi; Pete Sampras; Yevgeny Kafelnikov; Magnus Norman; Cedric Pioline; Gustavo Kuerten; Nicolas Kiefer; Nicolas Lapentti; Thomas Enqvist; Tim Henman
2000-05-15,21.2,19.0,14.5,7.0,4.0,1.0,25.56,19.22,148.7,8.0,Andre Agassi; Pete Sampras; Yevgeny Kafelnikov; Magnus Norman; Cedric Pioline; Nicolas Kiefer; Gustavo Kuerten; Thomas Enqvist; Nicolas Lapentti; Lleyton Hewitt
2000-05-22,19.0,15.5,13.9,6.0,4.0,1.0,25.81,19.24,157.0,8.0,Andre Agassi; Pete Sampras; Magnus Norman; Yevgeny Kafelnikov; Gustavo Kuerten; Cedric Pioline; Thomas Enqvist; Nicolas Kiefer; Lleyton Hewitt; Alex Corretja
2000-05-29,19.0,15.5,13.9,6.0,4.0,0.0,25.83,19.26,158.0,8.0,Andre Agassi; Pete Sampras; Magnus Norman; Yevgeny Kafelnikov; Gustavo Kuerten; Cedric Pioline; Thomas Enqvist; Nicolas Kiefer; Lleyton Hewitt; Alex Corretja
2000-06-05,21.9,14.0,13.9,5.0,4.0,0.0,25.85,19.28,159.0,8.0,Andre Agassi; Pete Sampras; Magnus Norman; Yevgeny Kafelnikov; Gustavo Kuerten; Cedric Pioline; Thomas Enqvist; Nicolas Kiefer; Lleyton Hewitt; Alex Corretja
2000-06-12,22.0,14.0,15.7,5.0,4.0,2.0,26.07,20.38,159.0,7.0,Andre Agassi; Magnus Norman; Gustavo Kuerten; Pete Sampras; Yevgeny Kafelnikov; Cedric Pioline; Thomas Enqvist; Marat Safin; Nicolas Lapentti; Alex Corretja
2000-06-19,23.5,24.0,16.1,6.0,4.0,1.0,25.4,19.32,149.9,7.0,Andre Agassi; Magnus Norman; Pete Sampras; Gustavo Kuerten; Yevgeny Kafelnikov; Cedric Pioline; Lleyton Hewitt; Thomas Enqvist; Marat Safin; Nicolas Lapentti
2000-06-26,23.5,24.0,15.9,6.0,4.0,0.0,25.42,19.33,150.9,7.0,Andre Agassi; Magnus Norman; Pete Sampras; Gustavo Kuerten; Yevgeny Kafelnikov; Cedric Pioline; Lleyton Hewitt; Thomas Enqvist; Marat Safin; Nicolas Lapentti
2000-07-03,19.8,21.0,15.9,6.0,4.0,0.0,25.44,19.35,151.9,7.0,Andre Agassi; Magnus Norman; Pete Sampras; Gustavo Kuerten; Yevgeny Kafelnikov; Cedric Pioline; Lleyton Hewitt; Thomas Enqvist; Marat Safin; Nicolas Lapentti
2000-07-10,18.9,16.0,14.1,6.0,4.0,1.0,25.69,19.37,160.2,7.0,Andre Agassi; Magnus Norman; Pete Sampras; Gustavo Kuerten; Yevgeny Kafelnikov; Thomas Enqvist; Cedric Pioline; Lleyton Hewitt; Marat Safin; Alex Corretja
2000-07-17,18.8,16.0,13.9,6.0,4.0,0.0,25.71,19.39,161.2,7.0,Andre Agassi; Magnus Norman; Pete Sampras; Gustavo Kuerten; Yevgeny Kafelnikov; Thomas Enqvist; Alex Corretja; Cedric Pioline; Lleyton Hewitt; Marat Safin
2000-07-24,16.7,13.0,14.0,5.0,4.0,0.0,25.73,19.41,162.2,7.0,Andre Agassi; Pete Sampras; Magnus Norman; Gustavo Kuerten; Yevgeny Kafelnikov; Thomas Enqvist; Cedric Pioline; Lleyton Hewitt; Marat Safin; Alex Corretja
2000-07-31,16.2,13.0,13.7,5.0,4.0,0.0,25.75,19.43,163.2,7.0,Andre Agassi; Pete Sampras; Magnus Norman; Gustavo Kuerten; Yevgeny Kafelnikov; Alex Corretja; Thomas Enqvist; Cedric Pioline; Marat Safin; Lleyton Hewitt
2000-08-07,16.7,13.5,13.6,5.0,4.0,0.0,25.77,19.45,164.2,7.0,Andre Agassi; Pete Sampras; Magnus Norman; Gustavo Kuerten; Yevgeny Kafelnikov; Marat Safin; Alex Corretja; Thomas Enqvist; Lleyton Hewitt; Cedric Pioline
2000-08-14,16.0,13.5,14.2,5.0,4.0,0.0,25.79,19.47,165.2,7.0,Andre Agassi; Gustavo Kuerten; Magnus Norman; Pete Sampras; Yevgeny Kafelnikov; Thomas Enqvist; Marat Safin; Alex Corretja; Lleyton Hewitt; Cedric Pioline
2000-08-21,16.6,16.5,14.4,6.0,4.0,0.0,25.81,19.49,166.2,7.0,Andre Agassi; Gustavo Kuerten; Magnus Norman; Pete Sampras; Yevgeny Kafelnikov; Marat Safin; Thomas Enqvist; Alex Corretja; Lleyton Hewitt; Cedric Pioline
2000-08-28,15.7,15.5,15.5,6.0,4.0,0.0,25.83,19.51,167.2,7.0,Andre Agassi; Gustavo Kuerten; Magnus Norman; Pete Sampras; Thomas Enqvist; Yevgeny Kafelnikov; Marat Safin; Alex Corretja; Lleyton Hewitt; Cedric Pioline
2000-09-04,15.7,15.5,15.5,6.0,4.0,0.0,25.84,19.53,168.2,7.0,Andre Agassi; Gustavo Kuerten; Magnus Norman; Pete Sampras; Thomas Enqvist; Yevgeny Kafelnikov; Marat Safin; Alex Corretja; Lleyton Hewitt; Cedric Pioline
2000-09-11,13.5,8.5,11.3,5.0,3.0,1.0,25.34,19.55,171.9,7.0,Pete Sampras; Marat Safin; Gustavo Kuerten; Magnus Norman; Andre Agassi; Thomas Enqvist; Lleyton Hewitt; Yevgeny Kafelnikov; Alex Corretja; Tim Henman
2000-09-18,13.5,8.5,11.2,4.0,3.0,0.0,25.36,19.56,172.9,7.0,Pete Sampras; Marat Safin; Gustavo Kuerten; Magnus Norman; Andre Agassi; Thomas Enqvist; Lleyton Hewitt; Yevgeny Kafelnikov; Alex Corretja; Tim Henman
2000-09-25,13.5,8.5,11.2,4.0,3.0,0.0,25.38,19.58,173.9,7.0,Pete Sampras; Marat Safin; Gustavo Kuerten; Magnus Norman; Andre Agassi; Thomas Enqvist; Lleyton Hewitt; Yevgeny Kafelnikov; Alex Corretja; Tim Henman
2000-10-02,13.3,8.0,11.3,4.0,3.0,0.0,25.4,19.6,174.9,7.0,Pete Sampras; Marat Safin; Gustavo Kuerten; Magnus Norman; Andre Agassi; Thomas Enqvist; Yevgeny Kafelnikov; Lleyton Hewitt; Alex Corretja; Tim Henman
2000-10-09,13.2,9.5,11.4,4.0,3.0,0.0,25.42,19.62,175.9,7.0,Pete Sampras; Marat Safin; Gustavo Kuerten; Magnus Norman; Andre Agassi; Thomas Enqvist; Yevgeny Kafelnikov; Lleyton Hewitt; Alex Corretja; Tim Henman
2000-10-16,12.9,10.5,11.5,5.0,3.0,0.0,25.44,19.64,176.9,7.0,Pete Sampras; Marat Safin; Gustavo Kuerten; Magnus Norman; Andre Agassi; Thomas Enqvist; Yevgeny Kafelnikov; Lleyton Hewitt; Alex Corretja; Tim Henman
2000-10-23,13.2,11.0,11.9,5.0,4.0,0.0,25.46,19.66,177.9,7.0,Pete Sampras; Marat Safin; Gustavo Kuerten; Magnus Norman; Andre Agassi; Thomas Enqvist; Yevgeny Kafelnikov; Alex Corretja; Lleyton Hewitt; Tim Henman
2000-10-30,12.2,9.5,12.5,4.0,3.0,0.0,25.48,19.68,178.9,7.0,Pete Sampras; Marat Safin; Gustavo Kuerten; Magnus Norman; Yevgeny Kafelnikov; Andre Agassi; Thomas Enqvist; Lleyton Hewitt; Alex Corretja; Tim Henman
2000-11-06,11.1,8.5,12.9,4.0,4.0,0.0,25.49,19.7,179.9,7.0,Pete Sampras; Gustavo Kuerten; Marat Safin; Magnus Norman; Yevgeny Kafelnikov; Lleyton Hewitt; Andre Agassi; Thomas Enqvist; Alex Corretja; Tim Henman
2000-11-13,11.5,8.5,12.6,5.0,4.0,0.0,25.51,19.72,180.9,7.0,Pete Sampras; Marat Safin; Gustavo Kuerten; Magnus Norman; Yevgeny Kafelnikov; Lleyton Hewitt; Andre Agassi; Alex Corretja; Thomas Enqvist; Tim Henman
2000-11-20,11.5,8.5,12.9,5.0,4.0,0.0,25.53,19.74,181.9,7.0,Marat Safin; Pete Sampras; Gustavo Kuerten; Magnus Norman; Yevgeny Kafelnikov; Andre Agassi; Lleyton Hewitt; Alex Corretja; Thomas Enqvist; Tim Henman
2000-11-27,11.5,8.5,12.9,5.0,4.0,0.0,25.55,19.76,182.9,7.0,Marat Safin; Gustavo Kuerten; Pete Sampras; Magnus Norman; Yevgeny Kafelnikov; Lleyton Hewitt; Alex Corretja; Andre Agassi; Thomas Enqvist; Tim Henman
2000-12-04,11.5,8.5,12.9,5.0,4.0,0.0,25.57,19.78,183.9,7.0,Gustavo Kuerten; Marat Safin; Pete Sampras; Magnus Norman; Yevgeny Kafelnikov; Andre Agassi; Lleyton Hewitt; Alex Corretja; Thomas Enqvist; Tim Henman
2000-12-11,11.7,8.5,12.9,5.0,4.0,0.0,25.59,19.79,184.9,7.0,Gustavo Kuerten; Marat Safin; Pete Sampras; Magnus Norman; Yevgeny Kafelnikov; Andre Agassi; Lleyton Hewitt; Alex Corretja; Thomas Enqvist; Tim Henman
2000-12-18,11.7,8.5,12.9,5.0,4.0,0.0,25.61,19.81,185.9,7.0,Gustavo Kuerten; Marat Safin; Pete Sampras; Magnus Norman; Yevgeny Kafelnikov; Andre Agassi; Lleyton Hewitt; Alex Corretja; Thomas Enqvist; Tim Henman
2000-12-25,11.7,8.5,12.9,5.0,4.0,0.0,25.63,19.83,186.9,7.0,Gustavo Kuerten; Marat Safin; Pete Sampras; Magnus Norman; Yevgeny Kafelnikov; Andre Agassi; Lleyton Hewitt; Alex Corretja; Thomas Enqvist; Tim Henman
2001-01-01,11.7,8.5,12.9,5.0,4.0,0.0,25.65,19.85,187.9,7.0,Gustavo Kuerten; Marat Safin; Pete Sampras; Magnus Norman; Yevgeny Kafelnikov; Andre Agassi; Lleyton Hewitt; Alex Corretja; Thomas Enqvist; Tim Henman
2001-01-08,11.6,9.0,12.9,5.0,4.0,0.0,25.67,19.87,188.9,7.0,Gustavo Kuerten; Marat Safin; Pete Sampras; Magnus Norman; Yevgeny Kafelnikov; Andre Agassi; Lleyton Hewitt; Alex Corretja; Thomas Enqvist; Tim Henman
2001-01-15,11.1,8.5,14.0,5.0,4.0,0.0,25.69,19.89,189.9,7.0,Gustavo Kuerten; Marat Safin; Pete Sampras; Magnus Norman; Yevgeny Kafelnikov; Andre Agassi; Lleyton Hewitt; Alex Corretja; Thomas Enqvist; Tim Henman
2001-01-22,11.1,8.5,14.0,5.0,4.0,0.0,25.71,19.91,190.9,7.0,Gustavo Kuerten; Marat Safin; Pete Sampras; Magnus Norman; Yevgeny Kafelnikov; Andre Agassi; Lleyton Hewitt; Alex Corretja; Thomas Enqvist; Tim Henman
2001-01-29,11.0,8.0,16.4,4.0,5.0,0.0,25.72,19.93,191.9,7.0,Marat Safin; Gustavo Kuerten; Pete Sampras; Andre Agassi; Magnus Norman; Lleyton Hewitt; Yevgeny Kafelnikov; Alex Corretja; Thomas Enqvist; Tim Henman
2001-02-05,10.6,8.0,16.5,4.0,5.0,0.0,25.74,19.95,192.9,7.0,Marat Safin; Gustavo Kuerten; Pete Sampras; Andre Agassi; Magnus Norman; Lleyton Hewitt; Yevgeny Kafelnikov; Alex Corretja; Thomas Enqvist; Tim Henman
2001-02-12,11.2,8.5,16.5,5.0,5.0,0.0,25.76,19.97,193.9,7.0,Marat Safin; Gustavo Kuerten; Pete Sampras; Andre Agassi; Magnus Norman; Lleyton Hewitt; Yevgeny Kafelnikov; Alex Corretja; Thomas Enqvist; Tim Henman
2001-02-19,12.2,8.5,16.6,5.0,5.0,0.0,25.78,19.99,194.9,7.0,Marat Safin; Gustavo Kuerten; Pete Sampras; Andre Agassi; Magnus Norman; Yevgeny Kafelnikov; Lleyton Hewitt; Alex Corretja; Thomas Enqvist; Tim Henman
2001-02-26,12.0,8.0,16.4,4.0,5.0,0.0,25.8,20.01,195.9,7.0,Gustavo Kuerten; Marat Safin; Pete Sampras; Andre Agassi; Magnus Norman; Lleyton Hewitt; Yevgeny Kafelnikov; Alex Corretja; Thomas Enqvist; Tim Henman
2001-03-05,12.1,8.0,18.0,4.0,5.0,0.0,25.82,20.02,196.9,7.0,Gustavo Kuerten; Marat Safin; Pete Sampras; Andre Agassi; Magnus Norman; Lleyton Hewitt; Yevgeny Kafelnikov; Alex Corretja; Thomas Enqvist; Tim Henman
2001-03-12,10.5,7.5,21.4,3.0,5.0,0.0,25.84,20.04,197.9,7.0,Gustavo Kuerten; Marat Safin; Pete Sampras; Andre Agassi; Magnus Norman; Yevgeny Kafelnikov; Alex Corretja; Lleyton Hewitt; Thomas Enqvist; Tim Henman
2001-03-19,10.3,8.0,20.3,4.0,4.0,1.0,25.98,20.06,193.7,7.0,Gustavo Kuerten; Marat Safin; Andre Agassi; Pete Sampras; Yevgeny Kafelnikov; Magnus Norman; Lleyton Hewitt; Patrick Rafter; Tim Henman; Alex Corretja
2001-03-26,10.3,8.0,20.3,4.0,4.0,0.0,26.0,20.08,194.7,7.0,Gustavo Kuerten; Marat Safin; Andre Agassi; Pete Sampras; Yevgeny Kafelnikov; Magnus Norman; Lleyton Hewitt; Patrick Rafter; Tim Henman; Alex Corretja
2001-04-02,15.0,8.0,26.2,5.0,5.0,1.0,25.69,20.1,186.0,7.0,Marat Safin; Gustavo Kuerten; Andre Agassi; Pete Sampras; Magnus Norman; Yevgeny Kafelnikov; Lleyton Hewitt; Patrick Rafter; Alex Corretja; Arnaud Clement
2001-04-09,14.5,8.0,26.2,5.0,5.0,0.0,25.71,20.12,187.0,7.0,Marat Safin; Gustavo Kuerten; Andre Agassi; Pete Sampras; Magnus Norman; Yevgeny Kafelnikov; Lleyton Hewitt; Patrick Rafter; Alex Corretja; Arnaud Clement
2001-04-16,11.5,8.0,21.4,5.0,4.0,1.0,25.51,20.14,187.8,6.0,Marat Safin; Gustavo Kuerten; Andre Agassi; Pete Sampras; Magnus Norman; Yevgeny Kafelnikov; Lleyton Hewitt; Patrick Rafter; Juan Carlos Ferrero; Alex Corretja
2001-04-23,11.0,7.5,21.2,4.0,3.0,1.0,25.49,20.16,183.9,7.0,Gustavo Kuerten; Marat Safin; Andre Agassi; Pete Sampras; Magnus Norman; Yevgeny Kafelnikov; Lleyton Hewitt; Patrick Rafter; Tim Henman; Juan Carlos Ferrero
2001-04-30,8.8,7.5,21.3,4.0,3.0,0.0,25.51,20.18,184.9,7.0,Gustavo Kuerten; Marat Safin; Andre Agassi; Pete Sampras; Magnus Norman; Yevgeny Kafelnikov; Lleyton Hewitt; Patrick Rafter; Juan Carlos Ferrero; Tim Henman
2001-05-07,8.3,8.0,20.3,4.0,3.0,0.0,25.53,20.2,185.9,7.0,Gustavo Kuerten; Marat Safin; Andre Agassi; Pete Sampras; Magnus Norman; Yevgeny Kafelnikov; Lleyton Hewitt; Patrick Rafter; Juan Carlos Ferrero; Tim Henman
2001-05-14,9.1,8.5,20.6,4.0,3.0,0.0,25.55,20.22,186.9,7.0,Gustavo Kuerten; Marat Safin; Andre Agassi; Pete Sampras; Yevgeny Kafelnikov; Juan Carlos Ferrero; Lleyton Hewitt; Patrick Rafter; Magnus Norman; Tim Henman
2001-05-21,10.9,7.0,22.9,4.0,4.0,1.0,25.19,20.24,177.8,7.0,Gustavo Kuerten; Marat Safin; Andre Agassi; Juan Carlos Ferrero; Pete Sampras; Lleyton Hewitt; Yevgeny Kafelnikov; Patrick Rafter; Magnus Norman; Sebastien Grosjean
2001-05-28,11.0,7.0,22.6,4.0,4.0,0.0,25.21,20.25,178.8,7.0,Gustavo Kuerten; Marat Safin; Andre Agassi; Juan Carlos Ferrero; Pete Sampras; Lleyton Hewitt; Yevgeny Kafelnikov; Patrick Rafter; Magnus Norman; Sebastien Grosjean
2001-06-04,11.0,7.0,22.6,4.0,4.0,0.0,25.23,20.27,179.8,7.0,Gustavo Kuerten; Marat Safin; Andre Agassi; Juan Carlos Ferrero; Pete Sampras; Lleyton Hewitt; Yevgeny Kafelnikov; Patrick Rafter; Magnus Norman; Sebastien Grosjean
2001-06-11,11.0,9.0,10.3,4.0,5.0,1.0,25.47,20.29,188.3,6.0,Gustavo Kuerten; Andre Agassi; Marat Safin; Pete Sampras; Juan Carlos Ferrero; Lleyton Hewitt; Yevgeny Kafelnikov; Sebastien Grosjean; Alex Corretja; Patrick Rafter
2001-06-18,11.2,8.0,10.5,4.0,5.0,0.0,25.49,20.31,189.3,6.0,Gustavo Kuerten; Andre Agassi; Marat Safin; Juan Carlos Ferrero; Pete Sampras; Lleyton Hewitt; Yevgeny Kafelnikov; Sebastien Grosjean; Alex Corretja; Patrick Rafter
2001-06-25,10.2,8.0,10.5,4.0,4.0,0.0,25.5,20.33,190.3,6.0,Gustavo Kuerten; Andre Agassi; Marat Safin; Juan Carlos Ferrero; Lleyton Hewitt; Pete Sampras; Yevgeny Kafelnikov; Sebastien Grosjean; Alex Corretja; Patrick Rafter
2001-07-02,10.2,8.0,10.5,4.0,4.0,0.0,25.52,20.35,191.3,6.0,Gustavo Kuerten; Andre Agassi; Marat Safin; Juan Carlos Ferrero; Lleyton Hewitt; Pete Sampras; Yevgeny Kafelnikov; Sebastien Grosjean; Alex Corretja; Patrick Rafter
2001-07-09,10.6,9.5,10.8,4.0,3.0,1.0,25.24,20.37,145.9,7.0,Gustavo Kuerten; Marat Safin; Andre Agassi; Lleyton Hewitt; Juan Carlos Ferrero; Yevgeny Kafelnikov; Sebastien Grosjean; Tim Henman; Alex Corretja; Patrick Rafter
2001-07-16,10.7,9.5,10.7,4.0,4.0,0.0,25.25,20.39,146.9,7.0,Gustavo Kuerten; Marat Safin; Andre Agassi; Juan Carlos Ferrero; Lleyton Hewitt; Yevgeny Kafelnikov; Sebastien Grosjean; Tim Henman; Alex Corretja; Patrick Rafter
2001-07-23,10.9,9.5,11.8,4.0,4.0,0.0,25.27,20.41,147.9,7.0,Gustavo Kuerten; Marat Safin; Andre Agassi; Juan Carlos Ferrero; Lleyton Hewitt; Yevgeny Kafelnikov; Sebastien Grosjean; Tim Henman; Alex Corretja; Patrick Rafter
2001-07-30,10.7,9.5,11.0,4.0,4.0,0.0,25.29,20.43,148.9,7.0,Gustavo Kuerten; Andre Agassi; Marat Safin; Juan Carlos Ferrero; Lleyton Hewitt; Yevgeny Kafelnikov; Sebastien Grosjean; Tim Henman; Patrick Rafter; Alex Corretja
2001-08-06,9.9,8.0,12.6,4.0,3.0,0.0,25.31,20.45,149.9,7.0,Gustavo Kuerten; Andre Agassi; Marat Safin; Juan Carlos Ferrero; Lleyton Hewitt; Yevgeny Kafelnikov; Patrick Rafter; Tim Henman; Sebastien Grosjean; Alex Corretja
2001-08-13,10.0,8.5,19.5,4.0,4.0,0.0,25.33,20.47,150.9,7.0,Gustavo Kuerten; Andre Agassi; Marat Safin; Lleyton Hewitt; Juan Carlos Ferrero; Patrick Rafter; Yevgeny Kafelnikov; Sebastien Grosjean; Tim Henman; Alex Corretja
2001-08-20,10.0,7.5,32.7,4.0,3.0,1.0,25.62,20.48,192.8,7.0,Gustavo Kuerten; Andre Agassi; Marat Safin; Lleyton Hewitt; Juan Carlos Ferrero; Patrick Rafter; Yevgeny Kafelnikov; Sebastien Grosjean; Tim Henman; Pete Sampras
2001-08-27,10.0,8.0,32.2,4.0,3.0,0.0,25.64,20.5,193.8,7.0,Gustavo Kuerten; Andre Agassi; Marat Safin; Lleyton Hewitt; Juan Carlos Ferrero; Patrick Rafter; Yevgeny Kafelnikov; Sebastien Grosjean; Tim Henman; Pete Sampras
2001-09-03,10.0,8.0,32.2,4.0,3.0,0.0,25.66,20.52,194.8,7.0,Gustavo Kuerten; Andre Agassi; Marat Safin; Lleyton Hewitt; Juan Carlos Ferrero; Patrick Rafter; Yevgeny Kafelnikov; Sebastien Grosjean; Tim Henman; Pete Sampras
2001-09-10,9.3,7.5,11.67,3.0,3.0,0.0,25.67,20.54,195.8,7.0,Gustavo Kuerten; Andre Agassi; Lleyton Hewitt; Patrick Rafter; Juan Carlos Ferrero; Yevgeny Kafelnikov; Marat Safin; Tim Henman; Sebastien Grosjean; Pete Sampras
2001-09-17,9.4,7.5,9.89,3.0,3.0,0.0,25.69,20.56,196.8,7.0,Gustavo Kuerten; Andre Agassi; Lleyton Hewitt; Patrick Rafter; Juan Carlos Ferrero; Yevgeny Kafelnikov; Marat Safin; Tim Henman; Sebastien Grosjean; Pete Sampras
2001-09-24,9.4,7.5,9.78,3.0,3.0,0.0,25.71,20.58,197.8,7.0,Gustavo Kuerten; Andre Agassi; Lleyton Hewitt; Patrick Rafter; Juan Carlos Ferrero; Yevgeny Kafelnikov; Marat Safin; Tim Henman; Sebastien Grosjean; Pete Sampras
2001-10-01,9.3,7.5,9.89,3.0,3.0,0.0,25.73,20.6,198.8,7.0,Gustavo Kuerten; Andre Agassi; Lleyton Hewitt; Patrick Rafter; Juan Carlos Ferrero; Yevgeny Kafelnikov; Marat Safin; Tim Henman; Sebastien Grosjean; Pete Sampras
2001-10-08,9.1,7.5,10.11,3.0,3.0,0.0,25.75,20.62,199.8,7.0,Gustavo Kuerten; Andre Agassi; Lleyton Hewitt; Patrick Rafter; Juan Carlos Ferrero; Yevgeny Kafelnikov; Marat Safin; Tim Henman; Sebastien Grosjean; Pete Sampras
2001-10-15,9.5,7.5,9.67,3.0,4.0,0.0,25.77,20.64,200.8,7.0,Gustavo Kuerten; Andre Agassi; Lleyton Hewitt; Patrick Rafter; Juan Carlos Ferrero; Yevgeny Kafelnikov; Marat Safin; Sebastien Grosjean; Tim Henman; Pete Sampras
2001-10-22,10.7,8.0,9.78,4.0,4.0,1.0,25.43,20.66,190.3,7.0,Gustavo Kuerten; Andre Agassi; Lleyton Hewitt; Patrick Rafter; Juan Carlos Ferrero; Yevgeny Kafelnikov; Marat Safin; Sebastien Grosjean; Pete Sampras; Tommy Haas
2001-10-29,9.4,7.0,9.78,3.0,4.0,1.0,25.81,20.68,202.7,7.0,Gustavo Kuerten; Andre Agassi; Lleyton Hewitt; Patrick Rafter; Juan Carlos Ferrero; Yevgeny Kafelnikov; Marat Safin; Sebastien Grosjean; Tim Henman; Pete Sampras
2001-11-05,10.4,8.5,12.22,4.0,4.0,1.0,25.16,20.7,146.3,8.0,Gustavo Kuerten; Lleyton Hewitt; Andre Agassi; Juan Carlos Ferrero; Patrick Rafter; Yevgeny Kafelnikov; Sebastien Grosjean; Marat Safin; Tommy Haas; Tim Henman
2001-11-12,10.8,8.5,12.11,4.0,4.0,0.0,25.18,20.71,147.3,8.0,Gustavo Kuerten; Lleyton Hewitt; Andre Agassi; Juan Carlos Ferrero; Patrick Rafter; Yevgeny Kafelnikov; Sebastien Grosjean; Marat Safin; Tommy Haas; Tim Henman
2001-11-19,10.3,8.5,13.33,4.0,6.0,1.0,26.05,20.73,198.4,8.0,Lleyton Hewitt; Gustavo Kuerten; Andre Agassi; Yevgeny Kafelnikov; Juan Carlos Ferrero; Sebastien Grosjean; Patrick Rafter; Tommy Haas; Tim Henman; Pete Sampras
2001-11-26,10.4,9.0,13.33,4.0,6.0,0.0,26.07,20.75,199.4,8.0,Lleyton Hewitt; Gustavo Kuerten; Andre Agassi; Yevgeny Kafelnikov; Juan Carlos Ferrero; Sebastien Grosjean; Patrick Rafter; Tommy Haas; Tim Henman; Pete Sampras
2001-12-03,10.1,8.5,13.33,4.0,6.0,0.0,26.09,20.77,200.4,8.0,Lleyton Hewitt; Gustavo Kuerten; Andre Agassi; Yevgeny Kafelnikov; Juan Carlos Ferrero; Sebastien Grosjean; Patrick Rafter; Tommy Haas; Tim Henman; Pete Sampras
2001-12-10,10.1,8.5,13.33,4.0,6.0,0.0,26.11,20.79,201.4,8.0,Lleyton Hewitt; Gustavo Kuerten; Andre Agassi; Yevgeny Kafelnikov; Juan Carlos Ferrero; Sebastien Grosjean; Patrick Rafter; Tommy Haas; Tim Henman; Pete Sampras
2001-12-17,10.1,8.5,13.33,4.0,6.0,0.0,26.12,20.81,202.4,8.0,Lleyton Hewitt; Gustavo Kuerten; Andre Agassi; Yevgeny Kafelnikov; Juan Carlos Ferrero; Sebastien Grosjean; Patrick Rafter; Tommy Haas; Tim Henman; Pete Sampras
2001-12-24,10.1,8.5,13.33,4.0,6.0,0.0,26.14,20.83,203.4,8.0,Lleyton Hewitt; Gustavo Kuerten; Andre Agassi; Yevgeny Kafelnikov; Juan Carlos Ferrero; Sebastien Grosjean; Patrick Rafter; Tommy Haas; Tim Henman; Pete Sampras
2001-12-31,10.1,8.5,13.33,4.0,6.0,0.0,26.16,20.85,204.4,8.0,Lleyton Hewitt; Gustavo Kuerten; Andre Agassi; Yevgeny Kafelnikov; Juan Carlos Ferrero; Sebastien Grosjean; Patrick Rafter; Tommy Haas; Tim Henman; Pete Sampras
2002-01-07,9.8,8.5,13.33,4.0,6.0,0.0,26.18,20.87,205.4,8.0,Lleyton Hewitt; Gustavo Kuerten; Andre Agassi; Yevgeny Kafelnikov; Juan Carlos Ferrero; Sebastien Grosjean; Patrick Rafter; Tim Henman; Tommy Haas; Pete Sampras
2002-01-14,9.8,8.5,12.44,4.0,6.0,0.0,26.2,20.89,206.4,8.0,Lleyton Hewitt; Gustavo Kuerten; Andre Agassi; Yevgeny Kafelnikov; Juan Carlos Ferrero; Patrick Rafter; Sebastien Grosjean; Tim Henman; Tommy Haas; Pete Sampras
2002-01-21,9.8,8.5,12.44,4.0,6.0,0.0,26.22,20.91,207.4,8.0,Lleyton Hewitt; Gustavo Kuerten; Andre Agassi; Yevgeny Kafelnikov; Juan Carlos Ferrero; Patrick Rafter; Sebastien Grosjean; Tim Henman; Tommy Haas; Pete Sampras
2002-01-28,11.1,9.0,16.56,5.0,6.0,2.0,25.34,20.93,144.4,8.0,Lleyton Hewitt; Gustavo Kuerten; Juan Carlos Ferrero; Yevgeny Kafelnikov; Tommy Haas; Andre Agassi; Marat Safin; Patrick Rafter; Sebastien Grosjean; Thomas Johansson
2002-02-04,11.1,9.0,16.44,5.0,6.0,0.0,25.36,20.94,145.4,8.0,Lleyton Hewitt; Gustavo Kuerten; Juan Carlos Ferrero; Yevgeny Kafelnikov; Tommy Haas; Andre Agassi; Marat Safin; Patrick Rafter; Sebastien Grosjean; Thomas Johansson
2002-02-11,10.9,9.0,16.44,5.0,6.0,0.0,25.38,20.96,146.4,8.0,Lleyton Hewitt; Gustavo Kuerten; Juan Carlos Ferrero; Yevgeny Kafelnikov; Tommy Haas; Andre Agassi; Marat Safin; Patrick Rafter; Sebastien Grosjean; Thomas Johansson
2002-02-18,11.0,9.0,16.44,5.0,6.0,0.0,25.4,20.98,147.4,8.0,Lleyton Hewitt; Gustavo Kuerten; Juan Carlos Ferrero; Yevgeny Kafelnikov; Tommy Haas; Andre Agassi; Marat Safin; Patrick Rafter; Thomas Johansson; Sebastien Grosjean
2002-02-25,11.3,9.0,16.56,5.0,6.0,0.0,25.42,21.0,148.4,8.0,Lleyton Hewitt; Gustavo Kuerten; Juan Carlos Ferrero; Yevgeny Kafelnikov; Andre Agassi; Tommy Haas; Marat Safin; Patrick Rafter; Sebastien Grosjean; Thomas Johansson
2002-03-04,10.6,9.0,18.0,5.0,6.0,0.0,25.43,21.02,149.4,8.0,Lleyton Hewitt; Gustavo Kuerten; Yevgeny Kafelnikov; Juan Carlos Ferrero; Andre Agassi; Tommy Haas; Sebastien Grosjean; Patrick Rafter; Marat Safin; Thomas Johansson
2002-03-11,10.9,9.5,17.78,5.0,6.0,0.0,25.45,21.04,150.4,8.0,Lleyton Hewitt; Gustavo Kuerten; Yevgeny Kafelnikov; Juan Carlos Ferrero; Andre Agassi; Tommy Haas; Sebastien Grosjean; Marat Safin; Thomas Johansson; Patrick Rafter
2002-03-18,10.2,8.0,17.6,4.0,6.0,1.0,25.3,21.06,148.6,9.0,Lleyton Hewitt; Gustavo Kuerten; Juan Carlos Ferrero; Yevgeny Kafelnikov; Tommy Haas; Tim Henman; Marat Safin; Sebastien Grosjean; Thomas Johansson; Andre Agassi
2002-03-25,10.2,8.0,17.6,4.0,6.0,0.0,25.32,21.08,149.6,9.0,Lleyton Hewitt; Gustavo Kuerten; Juan Carlos Ferrero; Yevgeny Kafelnikov; Tommy Haas; Tim Henman; Marat Safin; Sebastien Grosjean; Thomas Johansson; Andre Agassi
2002-04-01,10.4,9.0,18.9,5.0,6.0,0.0,25.34,21.1,150.6,9.0,Lleyton Hewitt; Gustavo Kuerten; Juan Carlos Ferrero; Yevgeny Kafelnikov; Tim Henman; Tommy Haas; Marat Safin; Sebastien Grosjean; Thomas Johansson; Andre Agassi
2002-04-08,10.4,9.0,18.9,5.0,6.0,0.0,25.36,21.12,151.6,9.0,Lleyton Hewitt; Gustavo Kuerten; Juan Carlos Ferrero; Yevgeny Kafelnikov; Tim Henman; Tommy Haas; Marat Safin; Sebastien Grosjean; Thomas Johansson; Andre Agassi
2002-04-15,10.2,8.0,18.5,4.0,5.0,0.0,25.38,21.14,152.6,9.0,Lleyton Hewitt; Gustavo Kuerten; Yevgeny Kafelnikov; Juan Carlos Ferrero; Tim Henman; Marat Safin; Tommy Haas; Sebastien Grosjean; Thomas Johansson; Andre Agassi
2002-04-22,9.6,8.0,22.5,3.0,6.0,0.0,25.4,21.16,153.6,9.0,Lleyton Hewitt; Juan Carlos Ferrero; Gustavo Kuerten; Yevgeny Kafelnikov; Tim Henman; Marat Safin; Tommy Haas; Thomas Johansson; Sebastien Grosjean; Andre Agassi
2002-04-29,9.6,8.0,22.3,3.0,6.0,0.0,25.42,21.17,154.6,9.0,Lleyton Hewitt; Gustavo Kuerten; Juan Carlos Ferrero; Yevgeny Kafelnikov; Tim Henman; Marat Safin; Tommy Haas; Thomas Johansson; Andre Agassi; Sebastien Grosjean
2002-05-06,9.7,8.0,22.2,3.0,6.0,0.0,25.44,21.19,155.6,9.0,Lleyton Hewitt; Gustavo Kuerten; Juan Carlos Ferrero; Yevgeny Kafelnikov; Tim Henman; Marat Safin; Tommy Haas; Thomas Johansson; Andre Agassi; Sebastien Grosjean
2002-05-13,8.9,6.5,23.4,3.0,6.0,0.0,25.46,21.21,156.6,9.0,Lleyton Hewitt; Tommy Haas; Andre Agassi; Yevgeny Kafelnikov; Marat Safin; Tim Henman; Gustavo Kuerten; Thomas Johansson; Juan Carlos Ferrero; Sebastien Grosjean
2002-05-20,10.2,8.5,25.7,4.0,7.0,1.0,25.33,20.78,151.9,9.0,Lleyton Hewitt; Marat Safin; Tommy Haas; Andre Agassi; Yevgeny Kafelnikov; Tim Henman; Gustavo Kuerten; Roger Federer; Thomas Johansson; Sebastien Grosjean
2002-05-27,10.0,8.5,25.7,4.0,7.0,0.0,25.35,20.8,152.9,9.0,Lleyton Hewitt; Marat Safin; Tommy Haas; Andre Agassi; Yevgeny Kafelnikov; Tim Henman; Gustavo Kuerten; Roger Federer; Thomas Johansson; Sebastien Grosjean
2002-06-03,10.0,8.5,25.7,4.0,7.0,0.0,25.37,20.82,153.9,9.0,Lleyton Hewitt; Marat Safin; Tommy Haas; Andre Agassi; Yevgeny Kafelnikov; Tim Henman; Gustavo Kuerten; Roger Federer; Thomas Johansson; Sebastien Grosjean
2002-06-10,14.5,9.0,28.3,5.0,6.0,2.0,25.34,20.84,137.8,8.0,Lleyton Hewitt; Marat Safin; Tommy Haas; Andre Agassi; Tim Henman; Yevgeny Kafelnikov; Thomas Johansson; Albert Costa; Juan Carlos Ferrero; Roger Federer
2002-06-17,14.0,9.0,31.4,5.0,6.0,0.0,25.36,20.86,138.8,8.0,Lleyton Hewitt; Marat Safin; Tommy Haas; Andre Agassi; Tim Henman; Yevgeny Kafelnikov; Albert Costa; Juan Carlos Ferrero; Roger Federer; Thomas Johansson
2002-06-24,13.1,7.5,16.6,4.0,6.0,1.0,25.06,20.88,143.2,8.0,Lleyton Hewitt; Marat Safin; Tommy Haas; Andre Agassi; Tim Henman; Yevgeny Kafelnikov; Albert Costa; Juan Carlos Ferrero; Roger Federer; Sebastien Grosjean
2002-07-01,13.1,7.5,16.6,4.0,6.0,0.0,25.08,20.9,144.2,8.0,Lleyton Hewitt; Marat Safin; Tommy Haas; Andre Agassi; Tim Henman; Yevgeny Kafelnikov; Albert Costa; Juan Carlos Ferrero; Roger Federer; Sebastien Grosjean
2002-07-08,12.5,6.5,33.5,3.0,6.0,1.0,25.73,21.37,146.6,8.0,Lleyton Hewitt; Marat Safin; Tommy Haas; Tim Henman; Yevgeny Kafelnikov; Andre Agassi; Albert Costa; Juan Carlos Ferrero; Thomas Johansson; Sebastien Grosjean
2002-07-15,14.5,7.0,33.0,4.0,6.0,1.0,25.43,20.93,142.5,8.0,Lleyton Hewitt; Marat Safin; Tommy Haas; Tim Henman; Yevgeny Kafelnikov; Andre Agassi; Albert Costa; Juan Carlos Ferrero; Thomas Johansson; Roger Federer
2002-07-22,14.4,7.0,34.0,4.0,6.0,0.0,25.45,20.95,143.5,8.0,Lleyton Hewitt; Marat Safin; Tommy Haas; Tim Henman; Yevgeny Kafelnikov; Albert Costa; Andre Agassi; Juan Carlos Ferrero; Thomas Johansson; Roger Federer
2002-07-29,12.5,7.0,33.9,4.0,6.0,0.0,25.47,20.97,144.5,8.0,Lleyton Hewitt; Marat Safin; Tommy Haas; Tim Henman; Yevgeny Kafelnikov; Andre Agassi; Albert Costa; Juan Carlos Ferrero; Thomas Johansson; Roger Federer
2002-08-05,12.1,7.0,20.3,3.0,5.0,2.0,25.07,19.93,147.8,7.0,Lleyton Hewitt; Marat Safin; Tommy Haas; Tim Henman; Yevgeny Kafelnikov; Andre Agassi; Albert Costa; Juan Carlos Ferrero; Andy Roddick; Sebastien Grosjean
2002-08-12,13.1,8.0,20.5,4.0,5.0,1.0,25.26,19.95,154.1,6.0,Lleyton Hewitt; Marat Safin; Tommy Haas; Yevgeny Kafelnikov; Tim Henman; Andre Agassi; Juan Carlos Ferrero; Albert Costa; Andy Roddick; Carlos Moya
2002-08-19,11.1,7.5,23.8,3.0,5.0,1.0,25.7,21.48,160.8,7.0,Lleyton Hewitt; Marat Safin; Tommy Haas; Yevgeny Kafelnikov; Tim Henman; Andre Agassi; Juan Carlos Ferrero; Albert Costa; Carlos Moya; Sebastien Grosjean
2002-08-26,11.0,7.5,26.1,3.0,5.0,0.0,25.72,21.5,161.8,7.0,Lleyton Hewitt; Marat Safin; Tommy Haas; Yevgeny Kafelnikov; Tim Henman; Andre Agassi; Juan Carlos Ferrero; Albert Costa; Carlos Moya; Sebastien Grosjean
2002-09-02,11.0,7.5,26.1,3.0,5.0,0.0,25.74,21.52,162.8,7.0,Lleyton Hewitt; Marat Safin; Tommy Haas; Yevgeny Kafelnikov; Tim Henman; Andre Agassi; Juan Carlos Ferrero; Albert Costa; Carlos Moya; Sebastien Grosjean
2002-09-09,11.0,7.5,37.2,3.0,5.0,0.0,25.76,21.54,163.8,7.0,Lleyton Hewitt; Tommy Haas; Andre Agassi; Marat Safin; Tim Henman; Juan Carlos Ferrero; Albert Costa; Yevgeny Kafelnikov; Sebastien Grosjean; Carlos Moya
2002-09-16,10.9,7.5,45.4,3.0,5.0,0.0,25.78,21.56,164.8,7.0,Lleyton Hewitt; Tommy Haas; Andre Agassi; Marat Safin; Tim Henman; Juan Carlos Ferrero; Yevgeny Kafelnikov; Albert Costa; Sebastien Grosjean; Carlos Moya
2002-09-23,10.9,7.5,45.9,3.0,5.0,0.0,25.8,21.58,165.8,7.0,Lleyton Hewitt; Tommy Haas; Andre Agassi; Marat Safin; Tim Henman; Juan Carlos Ferrero; Yevgeny Kafelnikov; Albert Costa; Sebastien Grosjean; Carlos Moya
2002-09-30,11.0,7.5,45.4,3.0,5.0,0.0,25.82,21.6,166.8,7.0,Lleyton Hewitt; Tommy Haas; Andre Agassi; Marat Safin; Tim Henman; Juan Carlos Ferrero; Yevgeny Kafelnikov; Albert Costa; Sebastien Grosjean; Carlos Moya
2002-10-07,10.8,7.5,47.7,3.0,5.0,0.0,25.84,21.62,167.8,7.0,Lleyton Hewitt; Tommy Haas; Andre Agassi; Marat Safin; Tim Henman; Juan Carlos Ferrero; Albert Costa; Sebastien Grosjean; Carlos Moya; Yevgeny Kafelnikov
2002-10-14,13.6,8.5,50.5,4.0,5.0,2.0,25.25,21.18,118.8,9.0,Lleyton Hewitt; Andre Agassi; Tommy Haas; Marat Safin; Tim Henman; Juan Carlos Ferrero; Roger Federer; Sebastien Grosjean; Jiri Novak; Albert Costa
2002-10-21,11.8,9.0,50.8,4.0,4.0,1.0,25.16,21.2,129.8,9.0,Lleyton Hewitt; Andre Agassi; Marat Safin; Juan Carlos Ferrero; Jiri Novak; Tim Henman; Sebastien Grosjean; Roger Federer; Tommy Haas; Carlos Moya
2002-10-28,11.8,8.5,50.7,4.0,5.0,0.0,25.18,21.22,130.8,9.0,Lleyton Hewitt; Andre Agassi; Juan Carlos Ferrero; Sebastien Grosjean; Marat Safin; Jiri Novak; Tommy Haas; Roger Federer; Tim Henman; Carlos Moya
2002-11-04,11.2,9.5,15.56,4.0,5.0,1.0,24.77,20.18,125.0,8.0,Lleyton Hewitt; Andre Agassi; Marat Safin; Juan Carlos Ferrero; Carlos Moya; Roger Federer; Jiri Novak; Tim Henman; Andy Roddick; Tommy Haas
2002-11-11,11.1,9.5,15.56,4.0,5.0,0.0,24.79,20.2,126.0,8.0,Lleyton Hewitt; Andre Agassi; Marat Safin; Juan Carlos Ferrero; Carlos Moya; Roger Federer; Jiri Novak; Tim Henman; Andy Roddick; Tommy Haas
2002-11-18,14.4,12.0,16.4,6.0,5.0,1.0,25.08,20.22,123.5,7.0,Lleyton Hewitt; Andre Agassi; Marat Safin; Juan Carlos Ferrero; Carlos Moya; Roger Federer; Jiri Novak; Tim Henman; Albert Costa; Andy Roddick
2002-11-25,14.4,12.0,16.5,6.0,5.0,0.0,25.1,20.24,124.5,7.0,Lleyton Hewitt; Andre Agassi; Marat Safin; Juan Carlos Ferrero; Carlos Moya; Roger Federer; Jiri Novak; Tim Henman; Albert Costa; Andy Roddick
2002-12-02,14.4,12.0,16.4,6.0,5.0,0.0,25.12,20.26,125.5,7.0,Lleyton Hewitt; Andre Agassi; Marat Safin; Juan Carlos Ferrero; Carlos Moya; Roger Federer; Jiri Novak; Tim Henman; Albert Costa; Andy Roddick
2002-12-09,14.4,12.0,16.4,6.0,5.0,0.0,25.14,20.28,126.5,7.0,Lleyton Hewitt; Andre Agassi; Marat Safin; Juan Carlos Ferrero; Carlos Moya; Roger Federer; Jiri Novak; Tim Henman; Albert Costa; Andy Roddick
2002-12-16,14.4,12.0,16.4,6.0,5.0,0.0,25.16,20.3,127.5,7.0,Lleyton Hewitt; Andre Agassi; Marat Safin; Juan Carlos Ferrero; Carlos Moya; Roger Federer; Jiri Novak; Tim Henman; Albert Costa; Andy Roddick
2002-12-23,14.4,12.0,16.4,6.0,5.0,0.0,25.18,20.31,128.5,7.0,Lleyton Hewitt; Andre Agassi; Marat Safin; Juan Carlos Ferrero; Carlos Moya; Roger Federer; Jiri Novak; Tim Henman; Albert Costa; Andy Roddick
2002-12-30,14.4,12.0,16.4,6.0,5.0,0.0,25.2,20.33,129.5,7.0,Lleyton Hewitt; Andre Agassi; Marat Safin; Juan Carlos Ferrero; Carlos Moya; Roger Federer; Jiri Novak; Tim Henman; Albert Costa; Andy Roddick
2003-01-06,14.5,12.0,16.4,6.0,5.0,0.0,25.22,20.35,130.5,7.0,Lleyton Hewitt; Andre Agassi; Marat Safin; Juan Carlos Ferrero; Carlos Moya; Roger Federer; Jiri Novak; Albert Costa; Tim Henman; Andy Roddick
2003-01-13,13.8,11.5,16.9,6.0,5.0,0.0,25.24,20.37,131.5,7.0,Lleyton Hewitt; Andre Agassi; Marat Safin; Juan Carlos Ferrero; Carlos Moya; Roger Federer; Jiri Novak; Albert Costa; Tim Henman; Andy Roddick
2003-01-20,13.8,11.5,16.7,6.0,5.0,0.0,25.26,20.39,132.5,7.0,Lleyton Hewitt; Andre Agassi; Marat Safin; Juan Carlos Ferrero; Carlos Moya; Roger Federer; Jiri Novak; Albert Costa; Tim Henman; Andy Roddick
2003-01-27,16.6,14.5,16.3,6.0,4.0,1.0,24.54,20.41,116.1,7.0,Lleyton Hewitt; Andre Agassi; Juan Carlos Ferrero; Carlos Moya; Roger Federer; Andy Roddick; Marat Safin; Albert Costa; David Nalbandian; Jiri Novak
2003-02-03,16.9,14.5,11.3,6.0,4.0,0.0,24.56,20.43,117.1,7.0,Lleyton Hewitt; Andre Agassi; Juan Carlos Ferrero; Carlos Moya; Andy Roddick; Roger Federer; Marat Safin; Albert Costa; David Nalbandian; Jiri Novak
2003-02-10,16.9,14.5,11.3,6.0,4.0,0.0,24.58,20.45,118.1,7.0,Lleyton Hewitt; Andre Agassi; Juan Carlos Ferrero; Carlos Moya; Andy Roddick; Roger Federer; Marat Safin; Albert Costa; David Nalbandian; Jiri Novak
2003-02-17,17.1,14.5,11.4,6.0,4.0,0.0,24.6,20.47,119.1,7.0,Lleyton Hewitt; Andre Agassi; Juan Carlos Ferrero; Carlos Moya; Roger Federer; Andy Roddick; Marat Safin; Albert Costa; David Nalbandian; Jiri Novak
2003-02-24,16.5,13.5,10.4,6.0,3.0,0.0,24.62,20.49,120.1,7.0,Lleyton Hewitt; Andre Agassi; Juan Carlos Ferrero; Carlos Moya; Roger Federer; Andy Roddick; Marat Safin; Albert Costa; David Nalbandian; Jiri Novak
2003-03-03,16.1,13.5,10.5,6.0,3.0,0.0,24.64,20.51,121.1,7.0,Lleyton Hewitt; Andre Agassi; Juan Carlos Ferrero; Roger Federer; Carlos Moya; Andy Roddick; Marat Safin; Jiri Novak; Albert Costa; David Nalbandian
2003-03-10,15.9,13.0,10.9,6.0,3.0,0.0,24.66,20.53,122.1,7.0,Lleyton Hewitt; Andre Agassi; Juan Carlos Ferrero; Roger Federer; Carlos Moya; Andy Roddick; Marat Safin; Jiri Novak; Albert Costa; David Nalbandian
2003-03-17,15.7,13.0,10.9,6.0,3.0,0.0,24.68,20.54,123.1,7.0,Lleyton Hewitt; Andre Agassi; Juan Carlos Ferrero; Roger Federer; Carlos Moya; Andy Roddick; Marat Safin; Jiri Novak; Albert Costa; David Nalbandian
2003-03-24,15.7,13.0,11.5,6.0,4.0,0.0,24.7,20.56,124.1,7.0,Lleyton Hewitt; Andre Agassi; Juan Carlos Ferrero; Roger Federer; Carlos Moya; Andy Roddick; Marat Safin; Jiri Novak; Albert Costa; David Nalbandian
2003-03-31,16.6,12.0,11.5,6.0,4.0,0.0,24.72,20.58,125.1,7.0,Lleyton Hewitt; Andre Agassi; Juan Carlos Ferrero; Carlos Moya; Roger Federer; Andy Roddick; Albert Costa; Marat Safin; Jiri Novak; David Nalbandian
2003-04-07,16.6,12.0,13.4,6.0,4.0,0.0,24.74,20.6,126.1,7.0,Lleyton Hewitt; Andre Agassi; Juan Carlos Ferrero; Carlos Moya; Roger Federer; Andy Roddick; Albert Costa; Marat Safin; Jiri Novak; David Nalbandian
2003-04-14,12.3,10.5,13.2,5.0,4.0,1.0,25.11,20.62,133.0,7.0,Lleyton Hewitt; Andre Agassi; Juan Carlos Ferrero; Carlos Moya; Roger Federer; Andy Roddick; Albert Costa; Marat Safin; Jiri Novak; Sebastien Grosjean
2003-04-21,17.3,12.0,12.9,6.0,5.0,1.0,25.03,20.64,126.9,7.0,Lleyton Hewitt; Andre Agassi; Juan Carlos Ferrero; Carlos Moya; Roger Federer; Andy Roddick; Albert Costa; Marat Safin; Jiri Novak; Paradorn Srichaphan
2003-04-28,17.2,12.5,13.1,6.0,5.0,0.0,25.05,20.66,127.9,7.0,Andre Agassi; Lleyton Hewitt; Juan Carlos Ferrero; Carlos Moya; Roger Federer; Andy Roddick; Marat Safin; Albert Costa; Jiri Novak; Paradorn Srichaphan
2003-05-05,17.4,12.5,13.5,6.0,5.0,0.0,25.07,20.68,128.9,7.0,Andre Agassi; Lleyton Hewitt; Juan Carlos Ferrero; Carlos Moya; Roger Federer; Andy Roddick; Marat Safin; Albert Costa; Jiri Novak; Paradorn Srichaphan
2003-05-12,16.7,13.5,11.8,6.0,5.0,0.0,25.09,20.7,129.9,7.0,Lleyton Hewitt; Andre Agassi; Juan Carlos Ferrero; Carlos Moya; Roger Federer; Andy Roddick; Marat Safin; Albert Costa; Paradorn Srichaphan; Jiri Novak
2003-05-19,32.7,16.5,8.1,7.0,3.0,2.0,24.23,20.72,114.6,6.0,Lleyton Hewitt; Andre Agassi; Juan Carlos Ferrero; Carlos Moya; Roger Federer; Andy Roddick; Guillermo Coria; David Nalbandian; Albert Costa; Paradorn Srichaphan
2003-05-26,32.5,16.5,8.3,7.0,3.0,0.0,24.25,20.74,115.6,6.0,Lleyton Hewitt; Andre Agassi; Juan Carlos Ferrero; Carlos Moya; Roger Federer; Andy Roddick; Guillermo Coria; David Nalbandian; Albert Costa; Paradorn Srichaphan
2003-06-02,32.5,16.5,8.3,7.0,3.0,0.0,24.27,20.76,116.6,6.0,Lleyton Hewitt; Andre Agassi; Juan Carlos Ferrero; Carlos Moya; Roger Federer; Andy Roddick; Guillermo Coria; David Nalbandian; Albert Costa; Paradorn Srichaphan
2003-06-09,21.6,14.5,7.0,6.0,2.0,2.0,24.63,20.77,115.0,7.0,Lleyton Hewitt; Andre Agassi; Juan Carlos Ferrero; Carlos Moya; Roger Federer; Guillermo Coria; Andy Roddick; Rainer Schuettler; David Nalbandian; Jiri Novak
2003-06-16,21.0,13.0,6.5,6.0,1.0,0.0,24.65,20.79,116.0,7.0,Andre Agassi; Lleyton Hewitt; Juan Carlos Ferrero; Carlos Moya; Roger Federer; Andy Roddick; Guillermo Coria; Rainer Schuettler; David Nalbandian; Jiri Novak
2003-06-23,20.3,13.0,6.5,6.0,1.0,0.0,24.67,20.81,117.0,7.0,Andre Agassi; Lleyton Hewitt; Juan Carlos Ferrero; Carlos Moya; Roger Federer; Andy Roddick; Guillermo Coria; Rainer Schuettler; David Nalbandian; Jiri Novak
2003-06-30,20.3,13.0,6.5,6.0,1.0,0.0,24.69,20.83,118.0,7.0,Andre Agassi; Lleyton Hewitt; Juan Carlos Ferrero; Carlos Moya; Roger Federer; Andy Roddick; Guillermo Coria; Rainer Schuettler; David Nalbandian; Jiri Novak
2003-07-07,18.9,11.5,7.4,6.0,2.0,1.0,25.06,20.85,124.3,8.0,Andre Agassi; Juan Carlos Ferrero; Roger Federer; Carlos Moya; Lleyton Hewitt; Andy Roddick; Guillermo Coria; Rainer Schuettler; Sebastien Grosjean; Jiri Novak
2003-07-14,18.8,11.5,8.1,6.0,2.0,0.0,25.08,20.87,125.3,8.0,Andre Agassi; Juan Carlos Ferrero; Roger Federer; Carlos Moya; Lleyton Hewitt; Andy Roddick; Guillermo Coria; Rainer Schuettler; Jiri Novak; Sebastien Grosjean
2003-07-21,18.1,11.5,7.9,6.0,2.0,0.0,25.1,20.89,126.3,8.0,Andre Agassi; Juan Carlos Ferrero; Roger Federer; Carlos Moya; Lleyton Hewitt; Andy Roddick; Guillermo Coria; Rainer Schuettler; Sebastien Grosjean; Jiri Novak
2003-07-28,19.8,11.5,8.0,6.0,3.0,0.0,25.12,20.91,127.3,8.0,Andre Agassi; Juan Carlos Ferrero; Roger Federer; Carlos Moya; Lleyton Hewitt; Andy Roddick; Guillermo Coria; Rainer Schuettler; Sebastien Grosjean; Jiri Novak
2003-08-04,24.0,12.0,7.3,5.0,3.0,1.0,24.72,20.93,125.1,8.0,Andre Agassi; Juan Carlos Ferrero; Roger Federer; Carlos Moya; Lleyton Hewitt; Guillermo Coria; Andy Roddick; Rainer Schuettler; Paradorn Srichaphan; Sebastien Grosjean
2003-08-11,21.9,10.5,7.0,5.0,3.0,0.0,24.74,20.95,126.1,8.0,Andre Agassi; Roger Federer; Juan Carlos Ferrero; Andy Roddick; Guillermo Coria; Lleyton Hewitt; Carlos Moya; Rainer Schuettler; Sebastien Grosjean; Paradorn Srichaphan
2003-08-18,17.3,10.5,7.8,5.0,3.0,1.0,25.18,20.97,130.1,8.0,Andre Agassi; Roger Federer; Juan Carlos Ferrero; Andy Roddick; Guillermo Coria; Lleyton Hewitt; Carlos Moya; Rainer Schuettler; Sebastien Grosjean; Jiri Novak
2003-08-25,17.4,10.5,8.1,5.0,3.0,0.0,25.2,20.99,131.1,8.0,Andre Agassi; Roger Federer; Juan Carlos Ferrero; Andy Roddick; Guillermo Coria; Lleyton Hewitt; Carlos Moya; Rainer Schuettler; Sebastien Grosjean; Jiri Novak
2003-09-01,17.4,10.5,8.1,5.0,3.0,0.0,25.22,21.0,132.1,8.0,Andre Agassi; Roger Federer; Juan Carlos Ferrero; Andy Roddick; Guillermo Coria; Lleyton Hewitt; Carlos Moya; Rainer Schuettler; Sebastien Grosjean; Jiri Novak
2003-09-08,16.7,10.5,6.4,5.0,2.0,1.0,24.56,21.02,130.7,7.0,Juan Carlos Ferrero; Andy Roddick; Roger Federer; Andre Agassi; Guillermo Coria; Carlos Moya; Lleyton Hewitt; Rainer Schuettler; David Nalbandian; Sebastien Grosjean
2003-09-15,15.4,10.5,7.1,5.0,3.0,0.0,24.58,21.04,131.7,7.0,Juan Carlos Ferrero; Andy Roddick; Roger Federer; Andre Agassi; Guillermo Coria; Carlos Moya; Lleyton Hewitt; Rainer Schuettler; David Nalbandian; Sebastien Grosjean
2003-09-22,15.6,10.5,7.4,5.0,4.0,0.0,24.6,21.06,132.7,7.0,Juan Carlos Ferrero; Andy Roddick; Roger Federer; Andre Agassi; Guillermo Coria; Carlos Moya; Lleyton Hewitt; Rainer Schuettler; David Nalbandian; Sebastien Grosjean
2003-09-29,15.8,10.5,7.2,5.0,3.0,0.0,24.62,21.08,133.7,7.0,Juan Carlos Ferrero; Andy Roddick; Roger Federer; Andre Agassi; Guillermo Coria; Carlos Moya; Lleyton Hewitt; Rainer Schuettler; David Nalbandian; Sebastien Grosjean
2003-10-06,15.4,10.0,7.4,5.0,3.0,0.0,24.64,21.1,134.7,7.0,Juan Carlos Ferrero; Andy Roddick; Roger Federer; Andre Agassi; Guillermo Coria; Rainer Schuettler; Carlos Moya; Lleyton Hewitt; David Nalbandian; Sebastien Grosjean
2003-10-13,14.5,9.5,7.9,5.0,3.0,0.0,24.65,21.12,135.7,7.0,Juan Carlos Ferrero; Andy Roddick; Roger Federer; Andre Agassi; Guillermo Coria; Rainer Schuettler; Carlos Moya; Lleyton Hewitt; David Nalbandian; Sebastien Grosjean
2003-10-20,14.0,9.0,9.7,4.0,3.0,0.0,24.67,21.14,136.7,7.0,Juan Carlos Ferrero; Andy Roddick; Roger Federer; Andre Agassi; Guillermo Coria; Rainer Schuettler; Carlos Moya; Lleyton Hewitt; David Nalbandian; Sebastien Grosjean
2003-10-27,14.7,11.0,11.2,5.0,3.0,1.0,24.59,21.16,129.9,7.0,Juan Carlos Ferrero; Andy Roddick; Roger Federer; Guillermo Coria; Andre Agassi; Rainer Schuettler; Carlos Moya; Lleyton Hewitt; David Nalbandian; Paradorn Srichaphan
2003-11-03,21.8,10.5,20.7,5.0,4.0,2.0,25.14,21.18,121.7,7.0,Andy Roddick; Juan Carlos Ferrero; Roger Federer; Guillermo Coria; Andre Agassi; Rainer Schuettler; Carlos Moya; David Nalbandian; Mark Philippoussis; Sebastien Grosjean
2003-11-10,21.5,10.5,22.4,5.0,4.0,0.0,25.16,21.2,122.7,7.0,Andy Roddick; Juan Carlos Ferrero; Roger Federer; Guillermo Coria; Andre Agassi; Rainer Schuettler; Carlos Moya; David Nalbandian; Mark Philippoussis; Sebastien Grosjean
2003-11-17,21.7,11.0,22.3,5.0,4.0,0.0,25.18,21.22,123.7,7.0,Andy Roddick; Roger Federer; Juan Carlos Ferrero; Andre Agassi; Guillermo Coria; Rainer Schuettler; Carlos Moya; David Nalbandian; Mark Philippoussis; Sebastien Grosjean
2003-11-24,21.7,11.0,22.6,5.0,4.0,0.0,25.2,21.23,124.7,7.0,Andy Roddick; Roger Federer; Juan Carlos Ferrero; Andre Agassi; Guillermo Coria; Rainer Schuettler; Carlos Moya; David Nalbandian; Mark Philippoussis; Sebastien Grosjean
2003-12-01,21.6,11.0,22.9,5.0,4.0,0.0,25.22,21.25,125.7,7.0,Andy Roddick; Roger Federer; Juan Carlos Ferrero; Andre Agassi; Guillermo Coria; Rainer Schuettler; Carlos Moya; David Nalbandian; Mark Philippoussis; Sebastien Grosjean
2003-12-08,21.4,11.0,22.9,5.0,4.0,0.0,25.24,21.27,126.7,7.0,Andy Roddick; Roger Federer; Juan Carlos Ferrero; Andre Agassi; Guillermo Coria; Rainer Schuettler; Carlos Moya; David Nalbandian; Mark Philippoussis; Sebastien Grosjean
2003-12-15,21.4,11.0,22.9,5.0,4.0,0.0,25.26,21.29,127.7,7.0,Andy Roddick; Roger Federer; Juan Carlos Ferrero; Andre Agassi; Guillermo Coria; Rainer Schuettler; Carlos Moya; David Nalbandian; Mark Philippoussis; Sebastien Grosjean
2003-12-22,21.4,11.0,22.9,5.0,4.0,0.0,25.28,21.31,128.7,7.0,Andy Roddick; Roger Federer; Juan Carlos Ferrero; Andre Agassi; Guillermo Coria; Rainer Schuettler; Carlos Moya; David Nalbandian; Mark Philippoussis; Sebastien Grosjean
2003-12-29,21.4,11.0,22.9,5.0,4.0,0.0,25.3,21.33,129.7,7.0,Andy Roddick; Roger Federer; Juan Carlos Ferrero; Andre Agassi; Guillermo Coria; Rainer Schuettler; Carlos Moya; David Nalbandian; Mark Philippoussis; Sebastien Grosjean
2004-01-05,24.2,11.0,22.9,5.0,4.0,0.0,25.31,21.35,130.7,7.0,Andy Roddick; Roger Federer; Juan Carlos Ferrero; Andre Agassi; Guillermo Coria; Rainer Schuettler; Carlos Moya; David Nalbandian; Mark Philippoussis; Sebastien Grosjean
2004-01-12,24.0,11.0,22.8,5.0,4.0,0.0,25.33,21.37,131.7,7.0,Andy Roddick; Roger Federer; Juan Carlos Ferrero; Andre Agassi; Guillermo Coria; Rainer Schuettler; Carlos Moya; David Nalbandian; Sebastien Grosjean; Mark Philippoussis
2004-01-19,24.0,11.0,24.2,5.0,4.0,0.0,25.35,21.39,132.7,7.0,Andy Roddick; Roger Federer; Juan Carlos Ferrero; Andre Agassi; Guillermo Coria; Rainer Schuettler; Carlos Moya; David Nalbandian; Mark Philippoussis; Sebastien Grosjean
2004-01-26,18.7,7.5,24.2,4.0,4.0,0.0,25.37,21.41,133.7,7.0,Andy Roddick; Roger Federer; Juan Carlos Ferrero; Andre Agassi; Guillermo Coria; Rainer Schuettler; Carlos Moya; David Nalbandian; Mark Philippoussis; Sebastien Grosjean
2004-02-02,18.8,7.5,37.0,4.0,4.0,1.0,25.29,21.43,125.7,7.0,Roger Federer; Juan Carlos Ferrero; Andy Roddick; Guillermo Coria; Andre Agassi; Rainer Schuettler; Carlos Moya; David Nalbandian; Mark Philippoussis; Paradorn Srichaphan
2004-02-09,18.9,7.5,37.3,4.0,4.0,0.0,25.31,21.45,126.7,7.0,Roger Federer; Juan Carlos Ferrero; Andy Roddick; Guillermo Coria; Andre Agassi; Rainer Schuettler; Carlos Moya; David Nalbandian; Mark Philippoussis; Paradorn Srichaphan
2004-02-16,18.5,7.5,37.0,4.0,5.0,0.0,25.33,21.46,127.7,7.0,Roger Federer; Andy Roddick; Juan Carlos Ferrero; Guillermo Coria; Andre Agassi; Rainer Schuettler; Carlos Moya; David Nalbandian; Mark Philippoussis; Paradorn Srichaphan
2004-02-23,16.8,5.5,37.5,3.0,3.0,1.0,25.17,21.48,145.4,6.0,Roger Federer; Juan Carlos Ferrero; Andy Roddick; Guillermo Coria; Andre Agassi; Rainer Schuettler; Carlos Moya; David Nalbandian; Lleyton Hewitt; Mark Philippoussis
2004-03-01,16.9,5.5,36.3,3.0,3.0,0.0,25.19,21.5,146.4,6.0,Roger Federer; Juan Carlos Ferrero; Andy Roddick; Guillermo Coria; Andre Agassi; Rainer Schuettler; Carlos Moya; David Nalbandian; Lleyton Hewitt; Mark Philippoussis
2004-03-08,9.2,5.5,17.4,3.0,2.0,1.0,25.43,21.52,161.9,7.0,Roger Federer; Juan Carlos Ferrero; Andy Roddick; Guillermo Coria; Andre Agassi; Rainer Schuettler; Carlos Moya; David Nalbandian; Lleyton Hewitt; Tim Henman
2004-03-15,9.2,5.5,17.4,3.0,2.0,0.0,25.45,21.54,162.9,7.0,Roger Federer; Juan Carlos Ferrero; Andy Roddick; Guillermo Coria; Andre Agassi; Rainer Schuettler; Carlos Moya; David Nalbandian; Lleyton Hewitt; Tim Henman
2004-03-22,10.4,8.0,19.7,4.0,3.0,1.0,25.64,21.56,146.8,7.0,Roger Federer; Juan Carlos Ferrero; Andy Roddick; Guillermo Coria; Andre Agassi; Carlos Moya; Rainer Schuettler; Tim Henman; David Nalbandian; Paradorn Srichaphan
2004-03-29,10.3,8.0,19.7,4.0,3.0,0.0,25.66,21.58,147.8,7.0,Roger Federer; Juan Carlos Ferrero; Andy Roddick; Guillermo Coria; Andre Agassi; Carlos Moya; Rainer Schuettler; Tim Henman; David Nalbandian; Paradorn Srichaphan
2004-04-05,10.2,8.0,17.7,4.0,3.0,1.0,25.78,21.6,157.3,7.0,Roger Federer; Andy Roddick; Juan Carlos Ferrero; Guillermo Coria; Andre Agassi; Rainer Schuettler; Carlos Moya; Tim Henman; David Nalbandian; Sebastien Grosjean
2004-04-12,10.3,8.0,18.0,4.0,3.0,0.0,25.8,21.62,158.3,7.0,Roger Federer; Andy Roddick; Juan Carlos Ferrero; Guillermo Coria; Andre Agassi; Rainer Schuettler; Carlos Moya; Tim Henman; David Nalbandian; Sebastien Grosjean
2004-04-19,10.5,9.0,17.1,5.0,3.0,0.0,25.82,21.64,159.3,7.0,Roger Federer; Andy Roddick; Juan Carlos Ferrero; Guillermo Coria; Andre Agassi; Rainer Schuettler; Tim Henman; Carlos Moya; David Nalbandian; Sebastien Grosjean
2004-04-26,10.5,9.0,18.1,5.0,4.0,0.0,25.84,21.66,160.3,7.0,Roger Federer; Andy Roddick; Juan Carlos Ferrero; Guillermo Coria; Rainer Schuettler; Andre Agassi; Tim Henman; David Nalbandian; Carlos Moya; Sebastien Grosjean
2004-05-03,10.2,9.0,18.1,5.0,4.0,0.0,25.86,21.68,161.3,7.0,Roger Federer; Andy Roddick; Guillermo Coria; Juan Carlos Ferrero; Rainer Schuettler; Andre Agassi; Tim Henman; David Nalbandian; Carlos Moya; Sebastien Grosjean
2004-05-10,10.2,8.5,18.2,5.0,5.0,0.0,25.88,21.69,162.3,7.0,Roger Federer; Andy Roddick; Guillermo Coria; Juan Carlos Ferrero; Rainer Schuettler; David Nalbandian; Andre Agassi; Carlos Moya; Tim Henman; Sebastien Grosjean
2004-05-17,8.9,6.5,17.6,3.0,5.0,0.0,25.9,21.71,163.3,7.0,Roger Federer; Andy Roddick; Guillermo Coria; Juan Carlos Ferrero; Carlos Moya; Andre Agassi; Rainer Schuettler; David Nalbandian; Tim Henman; Sebastien Grosjean
2004-05-24,8.9,6.5,17.6,3.0,5.0,0.0,25.91,21.73,164.3,7.0,Roger Federer; Andy Roddick; Guillermo Coria; Juan Carlos Ferrero; Carlos Moya; Andre Agassi; Rainer Schuettler; David Nalbandian; Tim Henman; Sebastien Grosjean
2004-05-31,8.9,6.5,17.6,3.0,5.0,0.0,25.93,21.75,165.3,7.0,Roger Federer; Andy Roddick; Guillermo Coria; Juan Carlos Ferrero; Carlos Moya; Andre Agassi; Rainer Schuettler; David Nalbandian; Tim Henman; Sebastien Grosjean
2004-06-07,9.7,6.5,18.1,2.0,6.0,1.0,25.9,21.77,155.4,6.0,Roger Federer; Andy Roddick; Guillermo Coria; David Nalbandian; Tim Henman; Juan Carlos Ferrero; Carlos Moya; Rainer Schuettler; Andre Agassi; Gaston Gaudio
2004-06-14,7.4,5.5,17.8,1.0,5.0,1.0,25.7,21.79,174.7,7.0,Roger Federer; Andy Roddick; Guillermo Coria; David Nalbandian; Juan Carlos Ferrero; Tim Henman; Carlos Moya; Rainer Schuettler; Andre Agassi; Lleyton Hewitt
2004-06-21,7.4,5.5,18.3,1.0,5.0,0.0,25.72,21.81,175.7,7.0,Roger Federer; Andy Roddick; Guillermo Coria; David Nalbandian; Juan Carlos Ferrero; Tim Henman; Carlos Moya; Rainer Schuettler; Andre Agassi; Lleyton Hewitt
2004-06-28,7.4,5.5,18.3,1.0,5.0,0.0,25.74,21.83,176.7,7.0,Roger Federer; Andy Roddick; Guillermo Coria; David Nalbandian; Juan Carlos Ferrero; Tim Henman; Carlos Moya; Rainer Schuettler; Andre Agassi; Lleyton Hewitt
2004-07-05,9.2,5.5,18.9,2.0,5.0,0.0,25.76,21.85,177.7,7.0,Roger Federer; Andy Roddick; Guillermo Coria; Carlos Moya; Tim Henman; David Nalbandian; Juan Carlos Ferrero; Rainer Schuettler; Lleyton Hewitt; Andre Agassi
2004-07-12,9.2,5.5,19.8,2.0,5.0,0.0,25.77,21.87,178.7,7.0,Roger Federer; Andy Roddick; Guillermo Coria; Carlos Moya; Tim Henman; David Nalbandian; Juan Carlos Ferrero; Rainer Schuettler; Lleyton Hewitt; Andre Agassi
2004-07-19,9.2,5.5,19.5,2.0,5.0,0.0,25.79,21.89,179.7,7.0,Roger Federer; Andy Roddick; Guillermo Coria; Carlos Moya; Tim Henman; David Nalbandian; Juan Carlos Ferrero; Rainer Schuettler; Lleyton Hewitt; Andre Agassi
2004-07-26,12.2,6.5,22.8,3.0,7.0,1.0,24.95,21.91,114.6,7.0,Roger Federer; Andy Roddick; Guillermo Coria; Carlos Moya; Tim Henman; David Nalbandian; Juan Carlos Ferrero; Rainer Schuettler; Gaston Gaudio; Lleyton Hewitt
2004-08-02,11.4,6.5,21.2,3.0,5.0,0.0,24.97,21.92,115.6,7.0,Roger Federer; Andy Roddick; Guillermo Coria; Carlos Moya; David Nalbandian; Tim Henman; Juan Carlos Ferrero; Rainer Schuettler; Gaston Gaudio; Lleyton Hewitt
2004-08-09,10.3,5.5,11.7,3.0,4.0,1.0,25.59,21.94,176.7,6.0,Roger Federer; Andy Roddick; Guillermo Coria; Carlos Moya; Tim Henman; Juan Carlos Ferrero; Andre Agassi; Lleyton Hewitt; David Nalbandian; Gaston Gaudio
2004-08-16,10.4,5.5,11.3,3.0,4.0,0.0,25.61,21.96,177.7,6.0,Roger Federer; Andy Roddick; Guillermo Coria; Carlos Moya; Tim Henman; Andre Agassi; Juan Carlos Ferrero; Lleyton Hewitt; David Nalbandian; Gaston Gaudio
2004-08-23,10.4,5.5,10.9,3.0,4.0,0.0,25.63,21.98,178.7,6.0,Roger Federer; Andy Roddick; Guillermo Coria; Carlos Moya; Lleyton Hewitt; Tim Henman; Andre Agassi; Juan Carlos Ferrero; David Nalbandian; Gaston Gaudio
2004-08-30,10.4,5.5,11.0,3.0,4.0,0.0,25.65,22.0,179.7,6.0,Roger Federer; Andy Roddick; Guillermo Coria; Carlos Moya; Lleyton Hewitt; Tim Henman; Andre Agassi; Juan Carlos Ferrero; David Nalbandian; Gaston Gaudio
2004-09-06,10.8,5.5,11.0,2.0,4.0,0.0,25.67,22.02,180.7,6.0,Roger Federer; Andy Roddick; Guillermo Coria; Carlos Moya; Lleyton Hewitt; Tim Henman; Andre Agassi; Juan Carlos Ferrero; David Nalbandian; Gaston Gaudio
2004-09-13,14.6,6.5,17.6,3.0,5.0,2.0,26.08,22.04,168.0,8.0,Roger Federer; Andy Roddick; Lleyton Hewitt; Tim Henman; Guillermo Coria; Carlos Moya; Andre Agassi; Gaston Gaudio; Nicolas Massu; Sebastien Grosjean
2004-09-20,15.3,6.5,14.5,4.0,4.0,1.0,25.93,22.06,172.3,8.0,Roger Federer; Andy Roddick; Lleyton Hewitt; Tim Henman; Guillermo Coria; Carlos Moya; Andre Agassi; Gaston Gaudio; Marat Safin; Nicolas Massu
2004-09-27,13.6,6.5,13.1,3.0,4.0,1.0,26.09,22.08,184.1,8.0,Roger Federer; Andy Roddick; Lleyton Hewitt; Tim Henman; Guillermo Coria; Carlos Moya; Andre Agassi; Gaston Gaudio; Marat Safin; Sebastien Grosjean
2004-10-04,14.4,7.5,10.6,3.0,3.0,1.0,25.75,22.1,181.1,7.0,Roger Federer; Andy Roddick; Lleyton Hewitt; Tim Henman; Guillermo Coria; Carlos Moya; Andre Agassi; Gaston Gaudio; Marat Safin; David Nalbandian
2004-10-11,14.3,7.5,10.5,3.0,3.0,0.0,25.77,22.12,182.1,7.0,Roger Federer; Andy Roddick; Lleyton Hewitt; Guillermo Coria; Tim Henman; Carlos Moya; Andre Agassi; Gaston Gaudio; Marat Safin; David Nalbandian
2004-10-18,14.3,7.5,10.5,3.0,3.0,0.0,25.79,22.14,183.1,7.0,Roger Federer; Andy Roddick; Lleyton Hewitt; Guillermo Coria; Tim Henman; Carlos Moya; Andre Agassi; Gaston Gaudio; Marat Safin; David Nalbandian
2004-10-25,14.0,7.5,10.6,3.0,3.0,0.0,25.8,22.15,184.1,7.0,Roger Federer; Andy Roddick; Lleyton Hewitt; Tim Henman; Guillermo Coria; Carlos Moya; Andre Agassi; Marat Safin; Gaston Gaudio; David Nalbandian
2004-11-01,17.1,7.5,11.0,4.0,4.0,0.0,25.82,22.17,185.1,7.0,Roger Federer; Andy Roddick; Lleyton Hewitt; Carlos Moya; Guillermo Coria; Andre Agassi; Marat Safin; Tim Henman; David Nalbandian; Gaston Gaudio
2004-11-08,17.1,7.5,11.9,4.0,4.0,0.0,25.84,22.19,186.1,7.0,Roger Federer; Andy Roddick; Lleyton Hewitt; Marat Safin; Carlos Moya; Guillermo Coria; Tim Henman; Andre Agassi; David Nalbandian; Gaston Gaudio
2004-11-15,17.0,7.5,11.9,4.0,4.0,0.0,25.86,22.21,187.1,7.0,Roger Federer; Andy Roddick; Lleyton Hewitt; Marat Safin; Carlos Moya; Guillermo Coria; Tim Henman; Andre Agassi; David Nalbandian; Gaston Gaudio
2004-11-22,17.1,7.5,12.1,4.0,3.0,0.0,25.88,22.23,188.1,7.0,Roger Federer; Andy Roddick; Lleyton Hewitt; Marat Safin; Carlos Moya; Tim Henman; Guillermo Coria; Andre Agassi; David Nalbandian; Gaston Gaudio
2004-11-29,17.0,7.5,12.1,4.0,3.0,0.0,25.9,22.25,189.1,7.0,Roger Federer; Andy Roddick; Lleyton Hewitt; Marat Safin; Carlos Moya; Tim Henman; Guillermo Coria; Andre Agassi; David Nalbandian; Gaston Gaudio
2004-12-06,17.0,7.5,12.1,4.0,3.0,0.0,25.92,22.27,190.1,7.0,Roger Federer; Andy Roddick; Lleyton Hewitt; Marat Safin; Carlos Moya; Tim Henman; Guillermo Coria; Andre Agassi; David Nalbandian; Gaston Gaudio
2004-12-13,17.0,7.5,12.0,4.0,3.0,0.0,25.94,22.29,191.1,7.0,Roger Federer; Andy Roddick; Lleyton Hewitt; Marat Safin; Carlos Moya; Tim Henman; Guillermo Coria; Andre Agassi; David Nalbandian; Gaston Gaudio
2004-12-20,17.0,7.5,12.0,4.0,3.0,0.0,25.96,22.31,192.1,7.0,Roger Federer; Andy Roddick; Lleyton Hewitt; Marat Safin; Carlos Moya; Tim Henman; Guillermo Coria; Andre Agassi; David Nalbandian; Gaston Gaudio
2004-12-27,17.0,7.5,11.8,4.0,3.0,0.0,25.98,22.33,193.1,7.0,Roger Federer; Andy Roddick; Lleyton Hewitt; Marat Safin; Carlos Moya; Tim Henman; Guillermo Coria; Andre Agassi; David Nalbandian; Gaston Gaudio
2005-01-03,17.0,7.5,11.8,4.0,3.0,0.0,26.0,22.35,194.1,7.0,Roger Federer; Andy Roddick; Lleyton Hewitt; Marat Safin; Carlos Moya; Tim Henman; Guillermo Coria; Andre Agassi; David Nalbandian; Gaston Gaudio
2005-01-10,17.3,7.5,12.1,4.0,3.0,0.0,26.02,22.37,195.1,7.0,Roger Federer; Andy Roddick; Lleyton Hewitt; Marat Safin; Carlos Moya; Guillermo Coria; Tim Henman; Andre Agassi; David Nalbandian; Gaston Gaudio
2005-01-17,17.0,7.5,12.2,4.0,3.0,0.0,26.03,22.38,196.1,7.0,Roger Federer; Andy Roddick; Lleyton Hewitt; Marat Safin; Carlos Moya; Guillermo Coria; Tim Henman; Andre Agassi; David Nalbandian; Gaston Gaudio
2005-01-24,17.0,7.5,12.2,4.0,3.0,0.0,26.05,22.4,197.1,7.0,Roger Federer; Andy Roddick; Lleyton Hewitt; Marat Safin; Carlos Moya; Guillermo Coria; Tim Henman; Andre Agassi; David Nalbandian; Gaston Gaudio
2005-01-31,11.8,7.5,17.1,4.0,4.0,0.0,26.07,22.42,198.1,7.0,Roger Federer; Lleyton Hewitt; Andy Roddick; Marat Safin; Guillermo Coria; Carlos Moya; Tim Henman; Gaston Gaudio; David Nalbandian; Andre Agassi
2005-02-07,11.8,7.5,16.5,4.0,4.0,0.0,26.09,22.44,199.1,7.0,Roger Federer; Lleyton Hewitt; Andy Roddick; Marat Safin; Guillermo Coria; Carlos Moya; Tim Henman; Gaston Gaudio; David Nalbandian; Andre Agassi
2005-02-14,18.4,9.5,38.8,5.0,5.0,1.0,24.89,22.46,131.2,8.0,Roger Federer; Lleyton Hewitt; Andy Roddick; Marat Safin; Guillermo Coria; Carlos Moya; Tim Henman; Gaston Gaudio; Joachim Johansson; David Nalbandian
2005-02-21,11.2,7.5,16.2,3.0,3.0,1.0,26.13,22.48,201.0,7.0,Roger Federer; Lleyton Hewitt; Andy Roddick; Marat Safin; Guillermo Coria; Carlos Moya; Tim Henman; Gaston Gaudio; David Nalbandian; Andre Agassi
2005-02-28,11.1,7.5,17.4,3.0,3.0,0.0,26.15,22.5,202.0,7.0,Roger Federer; Lleyton Hewitt; Andy Roddick; Marat Safin; Guillermo Coria; Carlos Moya; Tim Henman; Gaston Gaudio; Andre Agassi; David Nalbandian
2005-03-07,11.4,7.5,17.0,2.0,3.0,0.0,26.17,22.52,203.0,7.0,Roger Federer; Lleyton Hewitt; Andy Roddick; Marat Safin; Guillermo Coria; Tim Henman; Carlos Moya; Gaston Gaudio; Andre Agassi; David Nalbandian
2005-03-14,11.4,7.5,17.0,2.0,3.0,0.0,26.19,22.54,204.0,7.0,Roger Federer; Lleyton Hewitt; Andy Roddick; Marat Safin; Guillermo Coria; Tim Henman; Carlos Moya; Gaston Gaudio; Andre Agassi; David Nalbandian
2005-03-21,11.9,7.0,18.5,3.0,4.0,0.0,26.21,22.56,205.0,7.0,Roger Federer; Lleyton Hewitt; Andy Roddick; Marat Safin; Guillermo Coria; Carlos Moya; Tim Henman; Gaston Gaudio; David Nalbandian; Andre Agassi
2005-03-28,11.9,7.0,18.5,3.0,4.0,0.0,26.23,22.58,206.0,7.0,Roger Federer; Lleyton Hewitt; Andy Roddick; Marat Safin; Guillermo Coria; Carlos Moya; Tim Henman; Gaston Gaudio; David Nalbandian; Andre Agassi
2005-04-04,12.1,7.5,19.6,3.0,5.0,0.0,26.25,22.6,207.0,7.0,Roger Federer; Lleyton Hewitt; Andy Roddick; Marat Safin; Tim Henman; Gaston Gaudio; Carlos Moya; David Nalbandian; Guillermo Coria; Andre Agassi
2005-04-11,11.8,7.5,19.6,3.0,5.0,0.0,26.26,22.61,208.0,7.0,Roger Federer; Lleyton Hewitt; Andy Roddick; Marat Safin; Tim Henman; Gaston Gaudio; Carlos Moya; David Nalbandian; Guillermo Coria; Andre Agassi
2005-04-18,11.5,7.5,19.2,3.0,4.0,0.0,26.28,22.63,209.0,7.0,Roger Federer; Lleyton Hewitt; Marat Safin; Andy Roddick; Guillermo Coria; Tim Henman; Carlos Moya; Gaston Gaudio; David Nalbandian; Andre Agassi
2005-04-25,15.1,8.5,19.4,4.0,5.0,1.0,25.86,18.89,199.9,7.0,Roger Federer; Lleyton Hewitt; Andy Roddick; Marat Safin; Gaston Gaudio; Tim Henman; Rafael Nadal; Andre Agassi; Carlos Moya; David Nalbandian
2005-05-02,14.8,8.5,20.4,4.0,5.0,0.0,25.88,18.91,200.9,7.0,Roger Federer; Lleyton Hewitt; Andy Roddick; Marat Safin; Gaston Gaudio; Tim Henman; Rafael Nadal; Carlos Moya; Andre Agassi; David Nalbandian
2005-05-09,20.6,13.0,34.8,5.0,6.0,2.0,25.77,18.93,176.4,7.0,Roger Federer; Lleyton Hewitt; Andy Roddick; Marat Safin; Rafael Nadal; Gaston Gaudio; Andre Agassi; Guillermo Coria; Tim Henman; Guillermo Canas
2005-05-16,21.7,10.5,35.7,5.0,5.0,0.0,25.79,18.95,177.4,7.0,Roger Federer; Lleyton Hewitt; Andy Roddick; Marat Safin; Rafael Nadal; Gaston Gaudio; Andre Agassi; Tim Henman; Guillermo Coria; Guillermo Canas
2005-05-23,21.8,10.5,36.5,5.0,6.0,0.0,25.81,18.97,178.4,7.0,Roger Federer; Lleyton Hewitt; Andy Roddick; Marat Safin; Rafael Nadal; Gaston Gaudio; Andre Agassi; Tim Henman; Guillermo Coria; Guillermo Canas
2005-05-30,21.8,10.5,32.9,5.0,6.0,0.0,25.83,18.99,179.4,7.0,Roger Federer; Lleyton Hewitt; Andy Roddick; Marat Safin; Rafael Nadal; Gaston Gaudio; Andre Agassi; Tim Henman; Guillermo Coria; Guillermo Canas
2005-06-06,27.0,13.0,65.2,6.0,6.0,2.0,25.56,19.01,165.4,8.0,Roger Federer; Lleyton Hewitt; Rafael Nadal; Andy Roddick; Marat Safin; Andre Agassi; Nikolay Davydenko; Guillermo Canas; Tim Henman; Joachim Johansson
2005-06-13,26.6,12.5,64.22,5.0,6.0,0.0,25.58,19.03,166.4,8.0,Roger Federer; Lleyton Hewitt; Rafael Nadal; Andy Roddick; Marat Safin; Andre Agassi; Nikolay Davydenko; Guillermo Canas; Tim Henman; Joachim Johansson
2005-06-20,26.4,12.5,61.89,5.0,5.0,0.0,25.6,19.05,167.4,8.0,Roger Federer; Lleyton Hewitt; Rafael Nadal; Andy Roddick; Marat Safin; Andre Agassi; Nikolay Davydenko; Guillermo Canas; Tim Henman; Joachim Johansson
2005-06-27,26.4,12.5,62.44,5.0,5.0,0.0,25.61,19.07,168.4,8.0,Roger Federer; Lleyton Hewitt; Rafael Nadal; Andy Roddick; Marat Safin; Andre Agassi; Nikolay Davydenko; Guillermo Canas; Tim Henman; Joachim Johansson
2005-07-04,33.1,12.5,17.11,5.0,4.0,2.0,25.63,19.09,157.3,7.0,Roger Federer; Lleyton Hewitt; Rafael Nadal; Andy Roddick; Marat Safin; Andre Agassi; Nikolay Davydenko; Guillermo Canas; Thomas Johansson; David Nalbandian
2005-07-11,33.2,12.5,20.78,5.0,6.0,0.0,25.65,19.1,158.3,7.0,Roger Federer; Lleyton Hewitt; Rafael Nadal; Andy Roddick; Marat Safin; Andre Agassi; Nikolay Davydenko; Guillermo Canas; Thomas Johansson; David Nalbandian
2005-07-18,28.6,12.5,21.0,5.0,6.0,0.0,25.67,19.12,159.3,7.0,Roger Federer; Lleyton Hewitt; Rafael Nadal; Andy Roddick; Marat Safin; Andre Agassi; Nikolay Davydenko; Guillermo Canas; Thomas Johansson; David Nalbandian
2005-07-25,67.4,22.5,23.25,7.0,6.0,1.0,26.01,19.14,149.8,7.0,Roger Federer; Rafael Nadal; Lleyton Hewitt; Andy Roddick; Marat Safin; Andre Agassi; Nikolay Davydenko; Thomas Johansson; Guillermo Canas; Mariano Puerta
2005-08-01,20.4,10.5,22.0,5.0,6.0,2.0,25.33,19.16,162.9,6.0,Roger Federer; Rafael Nadal; Lleyton Hewitt; Marat Safin; Andy Roddick; Andre Agassi; Nikolay Davydenko; Gaston Gaudio; Guillermo Coria; Guillermo Canas
2005-08-08,20.2,9.0,21.33,4.0,7.0,0.0,25.35,19.18,163.9,6.0,Roger Federer; Rafael Nadal; Lleyton Hewitt; Marat Safin; Andy Roddick; Nikolay Davydenko; Andre Agassi; Gaston Gaudio; Guillermo Coria; Guillermo Canas
2005-08-15,55.5,9.0,23.0,4.0,7.0,1.0,25.29,19.2,163.6,6.0,Roger Federer; Rafael Nadal; Lleyton Hewitt; Marat Safin; Andy Roddick; Andre Agassi; Nikolay Davydenko; Gaston Gaudio; Mariano Puerta; Guillermo Coria
2005-08-22,43.9,8.5,27.11,4.0,6.0,0.0,25.31,19.22,164.6,6.0,Roger Federer; Rafael Nadal; Lleyton Hewitt; Andy Roddick; Marat Safin; Nikolay Davydenko; Andre Agassi; Guillermo Coria; Gaston Gaudio; Mariano Puerta
2005-08-29,43.9,8.5,27.22,4.0,6.0,0.0,25.33,19.24,165.6,6.0,Roger Federer; Rafael Nadal; Andy Roddick; Lleyton Hewitt; Marat Safin; Nikolay Davydenko; Andre Agassi; Guillermo Coria; Gaston Gaudio; Mariano Puerta
2005-09-05,43.9,8.5,27.22,4.0,6.0,0.0,25.34,19.26,166.6,6.0,Roger Federer; Rafael Nadal; Andy Roddick; Lleyton Hewitt; Marat Safin; Nikolay Davydenko; Andre Agassi; Guillermo Coria; Gaston Gaudio; Mariano Puerta
2005-09-12,44.3,10.0,35.22,5.0,5.0,1.0,25.06,19.28,172.9,6.0,Roger Federer; Rafael Nadal; Marat Safin; Andy Roddick; Lleyton Hewitt; Andre Agassi; Nikolay Davydenko; Guillermo Coria; David Nalbandian; Mariano Puerta
2005-09-19,37.8,8.0,37.11,4.0,5.0,0.0,25.08,19.3,173.9,6.0,Roger Federer; Rafael Nadal; Andy Roddick; Marat Safin; Lleyton Hewitt; Andre Agassi; Nikolay Davydenko; Guillermo Coria; David Nalbandian; Mariano Puerta
2005-09-26,39.1,8.0,37.33,4.0,5.0,0.0,25.1,19.32,174.9,6.0,Roger Federer; Rafael Nadal; Andy Roddick; Marat Safin; Lleyton Hewitt; Andre Agassi; Nikolay Davydenko; Guillermo Coria; David Nalbandian; Mariano Puerta
2005-10-03,38.4,8.0,36.89,3.0,5.0,0.0,25.12,19.33,175.9,6.0,Roger Federer; Rafael Nadal; Lleyton Hewitt; Andy Roddick; Marat Safin; Andre Agassi; Nikolay Davydenko; Guillermo Coria; David Nalbandian; Mariano Puerta
2005-10-10,38.6,8.0,37.0,3.0,5.0,0.0,25.13,19.35,176.9,6.0,Roger Federer; Rafael Nadal; Andy Roddick; Marat Safin; Lleyton Hewitt; Andre Agassi; Nikolay Davydenko; Guillermo Coria; David Nalbandian; Mariano Puerta
2005-10-17,37.2,8.0,35.56,3.0,5.0,0.0,25.15,19.37,177.9,6.0,Roger Federer; Rafael Nadal; Andy Roddick; Lleyton Hewitt; Marat Safin; Andre Agassi; Guillermo Coria; Nikolay Davydenko; David Nalbandian; Mariano Puerta
2005-10-24,36.4,7.5,36.11,3.0,5.0,0.0,25.17,19.39,178.9,6.0,Roger Federer; Rafael Nadal; Andy Roddick; Lleyton Hewitt; Marat Safin; Andre Agassi; Guillermo Coria; Nikolay Davydenko; Mariano Puerta; David Nalbandian
2005-10-31,37.6,6.5,37.0,4.0,5.0,1.0,25.47,19.41,168.7,7.0,Roger Federer; Rafael Nadal; Andy Roddick; Lleyton Hewitt; Marat Safin; Andre Agassi; Guillermo Coria; Nikolay Davydenko; Mariano Puerta; Ivan Ljubicic
2005-11-07,36.2,9.0,37.11,4.0,5.0,1.0,25.6,19.43,154.7,7.0,Roger Federer; Rafael Nadal; Andy Roddick; Lleyton Hewitt; Andre Agassi; Guillermo Coria; Nikolay Davydenko; Ivan Ljubicic; Gaston Gaudio; Mariano Puerta
2005-11-14,35.8,9.0,37.11,4.0,5.0,0.0,25.62,19.45,155.7,7.0,Roger Federer; Rafael Nadal; Andy Roddick; Lleyton Hewitt; Andre Agassi; Guillermo Coria; Nikolay Davydenko; Ivan Ljubicic; Gaston Gaudio; Mariano Puerta
2005-11-21,14.1,8.5,34.5,3.0,4.0,1.0,25.31,19.47,166.4,7.0,Roger Federer; Rafael Nadal; Andy Roddick; Lleyton Hewitt; Nikolay Davydenko; David Nalbandian; Andre Agassi; Guillermo Coria; Ivan Ljubicic; Gaston Gaudio
2005-11-28,14.1,8.5,34.4,3.0,4.0,0.0,25.33,19.49,167.4,7.0,Roger Federer; Rafael Nadal; Andy Roddick; Lleyton Hewitt; Nikolay Davydenko; David Nalbandian; Andre Agassi; Guillermo Coria; Ivan Ljubicic; Gaston Gaudio
2005-12-05,14.1,8.5,34.5,3.0,4.0,0.0,25.35,19.51,168.4,7.0,Roger Federer; Rafael Nadal; Andy Roddick; Lleyton Hewitt; Nikolay Davydenko; David Nalbandian; Andre Agassi; Guillermo Coria; Ivan Ljubicic; Gaston Gaudio
2005-12-12,14.1,8.5,34.5,3.0,4.0,0.0,25.37,19.53,169.4,7.0,Roger Federer; Rafael Nadal; Andy Roddick; Lleyton Hewitt; Nikolay Davydenko; David Nalbandian; Andre Agassi; Guillermo Coria; Ivan Ljubicic; Gaston Gaudio
2005-12-19,14.1,8.5,34.5,3.0,4.0,0.0,25.39,19.55,170.4,7.0,Roger Federer; Rafael Nadal; Andy Roddick; Lleyton Hewitt; Nikolay Davydenko; David Nalbandian; Andre Agassi; Guillermo Coria; Ivan Ljubicic; Gaston Gaudio
2005-12-26,14.1,8.5,34.5,3.0,4.0,0.0,25.41,19.56,171.4,7.0,Roger Federer; Rafael Nadal; Andy Roddick; Lleyton Hewitt; Nikolay Davydenko; David Nalbandian; Andre Agassi; Guillermo Coria; Ivan Ljubicic; Gaston Gaudio
2006-01-02,14.1,8.5,34.2,3.0,4.0,0.0,25.43,19.58,172.4,7.0,Roger Federer; Rafael Nadal; Andy Roddick; Lleyton Hewitt; Nikolay Davydenko; David Nalbandian; Andre Agassi; Guillermo Coria; Ivan Ljubicic; Gaston Gaudio
2006-01-09,13.8,8.5,34.1,3.0,4.0,0.0,25.45,19.6,173.4,7.0,Roger Federer; Rafael Nadal; Andy Roddick; Lleyton Hewitt; David Nalbandian; Nikolay Davydenko; Andre Agassi; Guillermo Coria; Ivan Ljubicic; Gaston Gaudio
2006-01-16,14.3,8.5,34.1,3.0,4.0,0.0,25.47,19.62,174.4,7.0,Roger Federer; Rafael Nadal; Andy Roddick; David Nalbandian; Nikolay Davydenko; Lleyton Hewitt; Andre Agassi; Ivan Ljubicic; Guillermo Coria; Gaston Gaudio
2006-01-23,14.3,8.5,34.1,3.0,4.0,0.0,25.49,19.64,175.4,7.0,Roger Federer; Rafael Nadal; Andy Roddick; David Nalbandian; Nikolay Davydenko; Lleyton Hewitt; Andre Agassi; Ivan Ljubicic; Guillermo Coria; Gaston Gaudio
2006-01-30,17.5,9.5,38.1,4.0,5.0,1.0,25.39,19.66,149.5,6.0,Roger Federer; Rafael Nadal; Andy Roddick; David Nalbandian; Ivan Ljubicic; Nikolay Davydenko; Guillermo Coria; Gaston Gaudio; Andre Agassi; David Ferrer
2006-02-06,16.8,9.5,38.8,4.0,5.0,0.0,25.41,19.68,150.5,6.0,Roger Federer; Rafael Nadal; Andy Roddick; David Nalbandian; Ivan Ljubicic; Nikolay Davydenko; Guillermo Coria; Andre Agassi; Gaston Gaudio; David Ferrer
2006-02-13,16.7,10.5,39.0,5.0,5.0,0.0,25.43,19.7,151.5,6.0,Roger Federer; Rafael Nadal; Andy Roddick; David Nalbandian; Ivan Ljubicic; Nikolay Davydenko; Guillermo Coria; Andre Agassi; Gaston Gaudio; David Ferrer
2006-02-20,10.7,8.5,39.7,3.0,4.0,1.0,25.56,19.72,179.1,7.0,Roger Federer; Rafael Nadal; Andy Roddick; David Nalbandian; Ivan Ljubicic; Nikolay Davydenko; Guillermo Coria; Andre Agassi; Gaston Gaudio; Lleyton Hewitt
2006-02-27,9.8,8.5,39.9,3.0,4.0,0.0,25.58,19.74,180.1,7.0,Roger Federer; Rafael Nadal; Andy Roddick; David Nalbandian; Nikolay Davydenko; Ivan Ljubicic; Guillermo Coria; Gaston Gaudio; Andre Agassi; Lleyton Hewitt
2006-03-06,9.6,8.5,41.0,3.0,4.0,0.0,25.6,19.76,181.1,7.0,Roger Federer; Rafael Nadal; Andy Roddick; David Nalbandian; Nikolay Davydenko; Ivan Ljubicic; Guillermo Coria; Gaston Gaudio; Andre Agassi; Lleyton Hewitt
2006-03-13,9.6,8.5,41.0,3.0,4.0,0.0,25.62,19.78,182.1,7.0,Roger Federer; Rafael Nadal; Andy Roddick; David Nalbandian; Nikolay Davydenko; Ivan Ljubicic; Guillermo Coria; Gaston Gaudio; Andre Agassi; Lleyton Hewitt
2006-03-20,28.8,9.5,42.7,4.0,4.0,1.0,25.75,19.79,155.8,6.0,Roger Federer; Rafael Nadal; David Nalbandian; Andy Roddick; Nikolay Davydenko; Ivan Ljubicic; Guillermo Coria; Gaston Gaudio; James Blake; Andre Agassi
2006-03-27,28.8,9.5,42.7,4.0,4.0,0.0,25.77,19.81,156.8,6.0,Roger Federer; Rafael Nadal; David Nalbandian; Andy Roddick; Nikolay Davydenko; Ivan Ljubicic; Guillermo Coria; Gaston Gaudio; James Blake; Andre Agassi
2006-04-03,29.1,10.5,25.8,5.0,4.0,1.0,24.6,19.83,83.4,6.0,Roger Federer; Rafael Nadal; David Nalbandian; Andy Roddick; Ivan Ljubicic; Nikolay Davydenko; Guillermo Coria; James Blake; Gaston Gaudio; David Ferrer
2006-04-10,28.8,10.5,25.8,5.0,4.0,0.0,24.62,19.85,84.4,6.0,Roger Federer; Rafael Nadal; David Nalbandian; Andy Roddick; Ivan Ljubicic; Nikolay Davydenko; Guillermo Coria; James Blake; Gaston Gaudio; David Ferrer
2006-04-17,28.8,9.5,45.2,4.0,4.0,1.0,25.83,19.87,159.6,6.0,Roger Federer; Rafael Nadal; David Nalbandian; Andy Roddick; Ivan Ljubicic; Nikolay Davydenko; James Blake; Gaston Gaudio; Guillermo Coria; Andre Agassi
2006-04-24,27.6,10.5,39.6,5.0,3.0,1.0,24.83,19.89,85.8,7.0,Roger Federer; Rafael Nadal; David Nalbandian; Ivan Ljubicic; Andy Roddick; Nikolay Davydenko; Gaston Gaudio; James Blake; Guillermo Coria; Fernando Gonzalez
2006-05-01,27.4,10.5,42.7,5.0,3.0,0.0,24.84,19.91,86.8,7.0,Roger Federer; Rafael Nadal; Ivan Ljubicic; David Nalbandian; Andy Roddick; Nikolay Davydenko; James Blake; Gaston Gaudio; Guillermo Coria; Fernando Gonzalez
2006-05-08,26.2,12.0,12.8,6.0,2.0,1.0,24.83,19.93,73.3,7.0,Roger Federer; Rafael Nadal; David Nalbandian; Ivan Ljubicic; Andy Roddick; Nikolay Davydenko; James Blake; Gaston Gaudio; Fernando Gonzalez; Tommy Robredo
2006-05-15,21.3,8.5,13.3,5.0,3.0,1.0,24.97,19.95,101.5,8.0,Roger Federer; Rafael Nadal; David Nalbandian; Andy Roddick; Ivan Ljubicic; Nikolay Davydenko; James Blake; Fernando Gonzalez; Gaston Gaudio; Lleyton Hewitt
2006-05-22,22.1,11.5,12.7,6.0,2.0,1.0,24.87,19.97,75.2,7.0,Roger Federer; Rafael Nadal; David Nalbandian; Ivan Ljubicic; Andy Roddick; Nikolay Davydenko; Tommy Robredo; James Blake; Fernando Gonzalez; Gaston Gaudio
2006-05-29,22.1,11.5,12.9,6.0,2.0,0.0,24.89,19.99,76.2,7.0,Roger Federer; Rafael Nadal; David Nalbandian; Ivan Ljubicic; Andy Roddick; Nikolay Davydenko; Tommy Robredo; James Blake; Fernando Gonzalez; Gaston Gaudio
2006-06-05,21.0,12.5,12.9,6.0,2.0,0.0,24.91,20.01,77.2,7.0,Roger Federer; Rafael Nadal; David Nalbandian; Ivan Ljubicic; Andy Roddick; Nikolay Davydenko; Tommy Robredo; James Blake; Fernando Gonzalez; Gaston Gaudio
2006-06-12,19.9,12.5,18.5,6.0,4.0,1.0,24.56,20.02,77.5,6.0,Roger Federer; Rafael Nadal; David Nalbandian; Ivan Ljubicic; Andy Roddick; Nikolay Davydenko; James Blake; Tommy Robredo; Mario Ancic; Gaston Gaudio
2006-06-19,19.2,10.5,9.0,5.0,3.0,2.0,24.73,20.04,98.1,8.0,Roger Federer; Rafael Nadal; David Nalbandian; Ivan Ljubicic; Andy Roddick; Nikolay Davydenko; James Blake; Tommy Robredo; Lleyton Hewitt; Fernando Gonzalez
2006-06-26,18.5,10.5,10.8,5.0,4.0,1.0,24.38,20.06,98.4,7.0,Roger Federer; Rafael Nadal; David Nalbandian; Ivan Ljubicic; Andy Roddick; Nikolay Davydenko; James Blake; Tommy Robredo; Lleyton Hewitt; Mario Ancic
2006-07-03,20.4,8.5,10.8,4.0,4.0,0.0,24.4,20.08,99.4,7.0,Roger Federer; Rafael Nadal; David Nalbandian; Ivan Ljubicic; Andy Roddick; Nikolay Davydenko; James Blake; Tommy Robredo; Lleyton Hewitt; Mario Ancic
2006-07-10,28.4,17.0,24.5,6.0,5.0,2.0,24.36,20.1,53.3,8.0,Roger Federer; Rafael Nadal; David Nalbandian; Ivan Ljubicic; Nikolay Davydenko; James Blake; Mario Ancic; Radek Stepanek; Tommy Robredo; Marcos Baghdatis
2006-07-17,28.5,17.0,21.7,6.0,5.0,0.0,24.38,20.12,54.3,8.0,Roger Federer; Rafael Nadal; David Nalbandian; Ivan Ljubicic; Nikolay Davydenko; James Blake; Tommy Robredo; Mario Ancic; Radek Stepanek; Marcos Baghdatis
2006-07-24,21.7,13.5,16.8,6.0,4.0,1.0,24.68,20.14,74.5,7.0,Roger Federer; Rafael Nadal; David Nalbandian; Ivan Ljubicic; James Blake; Nikolay Davydenko; Tommy Robredo; Mario Ancic; Radek Stepanek; Andy Roddick
2006-07-31,20.7,13.0,16.7,6.0,4.0,0.0,24.7,20.16,75.5,7.0,Roger Federer; Rafael Nadal; David Nalbandian; Ivan Ljubicic; James Blake; Nikolay Davydenko; Tommy Robredo; Mario Ancic; Radek Stepanek; Andy Roddick
2006-08-07,24.9,16.5,17.8,7.0,5.0,1.0,24.44,20.18,57.1,8.0,Roger Federer; Rafael Nadal; David Nalbandian; Ivan Ljubicic; Nikolay Davydenko; James Blake; Tommy Robredo; Mario Ancic; Radek Stepanek; Marcos Baghdatis
2006-08-14,24.4,16.5,14.9,7.0,5.0,0.0,24.46,20.2,58.1,8.0,Roger Federer; Rafael Nadal; Ivan Ljubicic; David Nalbandian; James Blake; Nikolay Davydenko; Tommy Robredo; Radek Stepanek; Mario Ancic; Marcos Baghdatis
2006-08-21,22.1,14.0,11.4,6.0,4.0,1.0,24.64,20.22,77.8,8.0,Roger Federer; Rafael Nadal; Ivan Ljubicic; David Nalbandian; James Blake; Tommy Robredo; Nikolay Davydenko; Marcos Baghdatis; Radek Stepanek; Andy Roddick
2006-08-28,20.2,14.5,11.5,6.0,4.0,0.0,24.66,20.24,78.8,8.0,Roger Federer; Rafael Nadal; Ivan Ljubicic; David Nalbandian; Tommy Robredo; Nikolay Davydenko; James Blake; Marcos Baghdatis; Radek Stepanek; Andy Roddick
2006-09-04,20.2,14.5,11.5,6.0,4.0,0.0,24.68,20.25,79.8,8.0,Roger Federer; Rafael Nadal; Ivan Ljubicic; David Nalbandian; Tommy Robredo; Nikolay Davydenko; James Blake; Marcos Baghdatis; Radek Stepanek; Andy Roddick
2006-09-11,18.9,11.5,11.7,5.0,5.0,0.0,24.69,20.27,80.8,8.0,Roger Federer; Rafael Nadal; Ivan Ljubicic; David Nalbandian; Nikolay Davydenko; Andy Roddick; Tommy Robredo; James Blake; Marcos Baghdatis; Radek Stepanek
2006-09-18,18.4,12.0,11.6,5.0,4.0,0.0,24.71,20.29,81.8,8.0,Roger Federer; Rafael Nadal; Ivan Ljubicic; David Nalbandian; Nikolay Davydenko; Andy Roddick; Tommy Robredo; Marcos Baghdatis; James Blake; Radek Stepanek
2006-09-25,18.2,12.0,11.7,5.0,4.0,0.0,24.73,20.31,82.8,8.0,Roger Federer; Rafael Nadal; Ivan Ljubicic; David Nalbandian; Nikolay Davydenko; Andy Roddick; Tommy Robredo; Marcos Baghdatis; James Blake; Radek Stepanek
2006-10-02,19.4,12.5,13.0,5.0,4.0,1.0,24.22,20.33,83.5,7.0,Roger Federer; Rafael Nadal; Ivan Ljubicic; David Nalbandian; Nikolay Davydenko; Andy Roddick; James Blake; Tommy Robredo; Marcos Baghdatis; Mario Ancic
2006-10-09,17.7,11.0,9.0,5.0,3.0,1.0,24.6,20.35,84.3,8.0,Roger Federer; Rafael Nadal; Ivan Ljubicic; David Nalbandian; Nikolay Davydenko; Andy Roddick; Tommy Robredo; James Blake; Marcos Baghdatis; Fernando Gonzalez
2006-10-16,16.3,10.5,9.5,5.0,3.0,0.0,24.62,20.37,85.3,8.0,Roger Federer; Rafael Nadal; Ivan Ljubicic; David Nalbandian; Nikolay Davydenko; Andy Roddick; James Blake; Tommy Robredo; Marcos Baghdatis; Fernando Gonzalez
2006-10-23,14.7,10.5,8.1,5.0,3.0,1.0,24.62,20.39,85.0,8.0,Roger Federer; Rafael Nadal; David Nalbandian; Ivan Ljubicic; Andy Roddick; Nikolay Davydenko; Fernando Gonzalez; Tommy Robredo; James Blake; Tomas Berdych
2006-10-30,14.4,11.0,8.3,5.0,3.0,0.0,24.64,20.41,86.0,8.0,Roger Federer; Rafael Nadal; David Nalbandian; Ivan Ljubicic; Nikolay Davydenko; Andy Roddick; Tommy Robredo; Fernando Gonzalez; James Blake; Tomas Berdych
2006-11-06,11.1,10.0,15.2,5.0,3.0,1.0,24.8,20.43,87.8,7.0,Roger Federer; Rafael Nadal; Nikolay Davydenko; Ivan Ljubicic; Andy Roddick; Tommy Robredo; David Nalbandian; James Blake; Mario Ancic; Fernando Gonzalez
2006-11-13,11.2,10.0,15.5,5.0,3.0,0.0,24.82,20.45,88.8,7.0,Roger Federer; Rafael Nadal; Nikolay Davydenko; Ivan Ljubicic; Andy Roddick; Tommy Robredo; David Nalbandian; James Blake; Mario Ancic; Fernando Gonzalez
2006-11-20,10.3,7.5,15.5,4.0,3.0,0.0,24.84,20.47,89.8,7.0,Roger Federer; Rafael Nadal; Nikolay Davydenko; James Blake; Ivan Ljubicic; Andy Roddick; Tommy Robredo; David Nalbandian; Mario Ancic; Fernando Gonzalez
2006-11-27,10.3,7.5,15.3,4.0,3.0,0.0,24.86,20.48,90.8,7.0,Roger Federer; Rafael Nadal; Nikolay Davydenko; James Blake; Ivan Ljubicic; Andy Roddick; Tommy Robredo; David Nalbandian; Mario Ancic; Fernando Gonzalez
2006-12-04,10.3,7.5,15.3,4.0,3.0,0.0,24.88,20.5,91.8,7.0,Roger Federer; Rafael Nadal; Nikolay Davydenko; James Blake; Ivan Ljubicic; Andy Roddick; Tommy Robredo; David Nalbandian; Mario Ancic; Fernando Gonzalez
2006-12-11,10.3,7.5,15.3,4.0,3.0,0.0,24.9,20.52,92.8,7.0,Roger Federer; Rafael Nadal; Nikolay Davydenko; James Blake; Ivan Ljubicic; Andy Roddick; Tommy Robredo; David Nalbandian; Mario Ancic; Fernando Gonzalez
2006-12-18,10.3,7.5,15.3,4.0,3.0,0.0,24.92,20.54,93.8,7.0,Roger Federer; Rafael Nadal; Nikolay Davydenko; James Blake; Ivan Ljubicic; Andy Roddick; Tommy Robredo; David Nalbandian; Mario Ancic; Fernando Gonzalez
2006-12-25,10.0,7.5,15.3,4.0,3.0,0.0,24.94,20.56,94.8,7.0,Roger Federer; Rafael Nadal; Nikolay Davydenko; James Blake; Ivan Ljubicic; Andy Roddick; Tommy Robredo; David Nalbandian; Mario Ancic; Fernando Gonzalez
2007-01-01,10.0,7.5,15.3,4.0,3.0,0.0,24.96,20.58,95.8,7.0,Roger Federer; Rafael Nadal; Nikolay Davydenko; James Blake; Ivan Ljubicic; Andy Roddick; Tommy Robredo; David Nalbandian; Mario Ancic; Fernando Gonzalez
2007-01-08,10.0,7.5,15.8,4.0,4.0,0.0,24.97,20.6,96.8,7.0,Roger Federer; Rafael Nadal; Nikolay Davydenko; Ivan Ljubicic; James Blake; Andy Roddick; Tommy Robredo; David Nalbandian; Mario Ancic; Fernando Gonzalez
2007-01-15,9.7,6.5,16.5,4.0,4.0,0.0,24.99,20.62,97.8,7.0,Roger Federer; Rafael Nadal; Nikolay Davydenko; Ivan Ljubicic; James Blake; Tommy Robredo; Andy Roddick; David Nalbandian; Fernando Gonzalez; Mario Ancic
2007-01-22,9.7,6.5,16.5,4.0,4.0,0.0,25.01,20.64,98.8,7.0,Roger Federer; Rafael Nadal; Nikolay Davydenko; Ivan Ljubicic; James Blake; Tommy Robredo; Andy Roddick; David Nalbandian; Fernando Gonzalez; Mario Ancic
2007-01-29,11.8,10.0,24.8,5.0,5.0,1.0,25.41,20.66,88.0,7.0,Roger Federer; Rafael Nadal; Nikolay Davydenko; Andy Roddick; Fernando Gonzalez; James Blake; Tommy Robredo; Ivan Ljubicic; Tommy Haas; Mario Ancic
2007-02-05,11.6,10.0,24.6,5.0,6.0,0.0,25.43,20.68,89.0,7.0,Roger Federer; Rafael Nadal; Nikolay Davydenko; Andy Roddick; Fernando Gonzalez; James Blake; Tommy Robredo; Ivan Ljubicic; Mario Ancic; Tommy Haas
2007-02-12,11.6,10.0,24.6,5.0,6.0,0.0,25.45,20.7,90.0,7.0,Roger Federer; Rafael Nadal; Nikolay Davydenko; Andy Roddick; Fernando Gonzalez; James Blake; Tommy Robredo; Ivan Ljubicic; Mario Ancic; Tommy Haas
2007-02-19,10.0,5.5,11.4,4.0,5.0,1.0,25.69,20.71,105.9,8.0,Roger Federer; Rafael Nadal; Nikolay Davydenko; Andy Roddick; Fernando Gonzalez; James Blake; Tommy Robredo; Ivan Ljubicic; Tommy Haas; David Nalbandian
2007-02-26,10.2,5.5,11.6,4.0,4.0,0.0,25.71,20.73,106.9,8.0,Roger Federer; Rafael Nadal; Andy Roddick; Nikolay Davydenko; Fernando Gonzalez; James Blake; Tommy Robredo; Ivan Ljubicic; Tommy Haas; David Nalbandian
2007-03-05,9.7,5.5,11.6,4.0,4.0,0.0,25.73,20.75,107.9,8.0,Roger Federer; Rafael Nadal; Andy Roddick; Nikolay Davydenko; Fernando Gonzalez; James Blake; Tommy Robredo; Ivan Ljubicic; Tommy Haas; David Nalbandian
2007-03-12,9.7,5.5,11.5,4.0,4.0,0.0,25.75,20.77,108.9,8.0,Roger Federer; Rafael Nadal; Andy Roddick; Nikolay Davydenko; Fernando Gonzalez; James Blake; Tommy Robredo; Ivan Ljubicic; Tommy Haas; David Nalbandian
2007-03-19,16.2,7.5,11.1,4.0,4.0,1.0,25.23,19.82,92.1,8.0,Roger Federer; Rafael Nadal; Andy Roddick; Nikolay Davydenko; Fernando Gonzalez; Tommy Robredo; Ivan Ljubicic; James Blake; Tommy Haas; Novak Djokovic
2007-03-26,16.2,7.5,11.7,4.0,4.0,0.0,25.25,19.84,93.1,8.0,Roger Federer; Rafael Nadal; Andy Roddick; Nikolay Davydenko; Fernando Gonzalez; Tommy Robredo; Ivan Ljubicic; James Blake; Tommy Haas; Novak Djokovic
2007-04-02,15.9,7.0,11.7,4.0,4.0,0.0,25.27,19.86,94.1,8.0,Roger Federer; Rafael Nadal; Andy Roddick; Nikolay Davydenko; Fernando Gonzalez; Tommy Robredo; Novak Djokovic; Ivan Ljubicic; James Blake; Tommy Haas
2007-04-09,15.9,7.0,12.2,4.0,4.0,0.0,25.28,19.88,95.1,8.0,Roger Federer; Rafael Nadal; Andy Roddick; Nikolay Davydenko; Fernando Gonzalez; Tommy Robredo; Novak Djokovic; Ivan Ljubicic; James Blake; Tommy Haas
2007-04-16,17.7,6.5,10.6,4.0,4.0,1.0,24.39,19.9,89.4,8.0,Roger Federer; Rafael Nadal; Andy Roddick; Nikolay Davydenko; Fernando Gonzalez; Tommy Robredo; Novak Djokovic; Ivan Ljubicic; James Blake; Andy Murray
2007-04-23,16.0,7.0,10.6,3.0,4.0,0.0,24.41,19.92,90.4,8.0,Roger Federer; Rafael Nadal; Andy Roddick; Nikolay Davydenko; Tommy Robredo; Novak Djokovic; Fernando Gonzalez; Ivan Ljubicic; James Blake; Andy Murray
2007-04-30,15.8,6.5,10.5,3.0,4.0,0.0,24.43,19.94,91.4,8.0,Roger Federer; Rafael Nadal; Andy Roddick; Nikolay Davydenko; Novak Djokovic; Fernando Gonzalez; Tommy Robredo; Ivan Ljubicic; James Blake; Andy Murray
2007-05-07,15.5,6.5,9.8,2.0,4.0,0.0,24.45,19.96,92.4,8.0,Roger Federer; Rafael Nadal; Andy Roddick; Nikolay Davydenko; Novak Djokovic; Fernando Gonzalez; Tommy Robredo; Ivan Ljubicic; James Blake; Andy Murray
2007-05-14,16.2,6.5,10.5,3.0,4.0,0.0,24.47,19.98,93.4,8.0,Roger Federer; Rafael Nadal; Nikolay Davydenko; Andy Roddick; Fernando Gonzalez; Novak Djokovic; Tommy Robredo; Ivan Ljubicic; James Blake; Andy Murray
2007-05-21,13.0,6.5,12.8,2.0,4.0,1.0,25.4,20.0,100.6,8.0,Roger Federer; Rafael Nadal; Andy Roddick; Nikolay Davydenko; Fernando Gonzalez; Novak Djokovic; Ivan Ljubicic; James Blake; Tommy Robredo; Tommy Haas
2007-05-28,13.0,6.5,13.0,2.0,4.0,0.0,25.42,20.02,101.6,8.0,Roger Federer; Rafael Nadal; Andy Roddick; Nikolay Davydenko; Fernando Gonzalez; Novak Djokovic; Ivan Ljubicic; James Blake; Tommy Robredo; Tommy Haas
2007-06-04,13.0,6.5,13.0,2.0,4.0,0.0,25.44,20.04,102.6,8.0,Roger Federer; Rafael Nadal; Andy Roddick; Nikolay Davydenko; Fernando Gonzalez; Novak Djokovic; Ivan Ljubicic; James Blake; Tommy Robredo; Tommy Haas
2007-06-11,15.1,7.5,10.5,4.0,4.0,1.0,24.64,20.05,95.7,8.0,Roger Federer; Rafael Nadal; Nikolay Davydenko; Novak Djokovic; Andy Roddick; Fernando Gonzalez; Tommy Robredo; James Blake; Andy Murray; Tommy Haas
2007-06-18,14.8,7.5,10.5,3.0,4.0,0.0,24.66,20.07,96.7,8.0,Roger Federer; Rafael Nadal; Andy Roddick; Nikolay Davydenko; Novak Djokovic; Fernando Gonzalez; Tommy Robredo; Andy Murray; James Blake; Tommy Haas
2007-06-25,14.7,7.5,10.6,4.0,4.0,0.0,24.68,20.09,97.7,8.0,Roger Federer; Rafael Nadal; Andy Roddick; Nikolay Davydenko; Novak Djokovic; Fernando Gonzalez; Tommy Robredo; Andy Murray; James Blake; Tommy Haas
2007-07-02,14.7,7.5,10.6,4.0,4.0,0.0,24.7,20.11,98.7,8.0,Roger Federer; Rafael Nadal; Andy Roddick; Nikolay Davydenko; Novak Djokovic; Fernando Gonzalez; Tommy Robredo; Andy Murray; James Blake; Tommy Haas
2007-07-09,16.0,10.0,9.4,5.0,4.0,2.0,24.06,20.13,91.6,8.0,Roger Federer; Rafael Nadal; Novak Djokovic; Andy Roddick; Nikolay Davydenko; Fernando Gonzalez; Richard Gasquet; Tommy Robredo; James Blake; Tomas Berdych
2007-07-16,14.7,9.0,8.6,5.0,4.0,0.0,24.08,20.15,92.6,8.0,Roger Federer; Rafael Nadal; Novak Djokovic; Andy Roddick; Nikolay Davydenko; Fernando Gonzalez; Tommy Robredo; Richard Gasquet; James Blake; Tomas Berdych
2007-07-23,14.6,8.5,11.1,4.0,4.0,1.0,24.85,20.17,100.6,8.0,Roger Federer; Rafael Nadal; Novak Djokovic; Nikolay Davydenko; Andy Roddick; Fernando Gonzalez; Tommy Robredo; Richard Gasquet; Tommy Haas; James Blake
2007-07-30,13.5,8.5,8.8,4.0,4.0,1.0,24.12,20.19,94.5,8.0,Roger Federer; Rafael Nadal; Novak Djokovic; Nikolay Davydenko; Andy Roddick; Fernando Gonzalez; Tommy Robredo; Richard Gasquet; James Blake; Tomas Berdych
2007-08-06,13.6,9.0,9.6,5.0,4.0,0.0,24.14,20.21,95.5,8.0,Roger Federer; Rafael Nadal; Andy Roddick; Novak Djokovic; Nikolay Davydenko; Fernando Gonzalez; Tommy Robredo; Richard Gasquet; James Blake; Tomas Berdych
2007-08-13,13.1,9.5,12.9,5.0,4.0,2.0,25.3,20.23,102.9,7.0,Roger Federer; Rafael Nadal; Novak Djokovic; Andy Roddick; Nikolay Davydenko; Fernando Gonzalez; Tommy Robredo; James Blake; Tommy Haas; Mikhail Youzhny
2007-08-20,9.5,8.5,11.5,4.0,4.0,1.0,25.0,20.25,104.4,8.0,Roger Federer; Rafael Nadal; Novak Djokovic; Nikolay Davydenko; Andy Roddick; James Blake; Fernando Gonzalez; Tommy Robredo; Tomas Berdych; Tommy Haas
2007-08-27,9.5,8.5,11.5,4.0,4.0,0.0,25.02,20.27,105.4,8.0,Roger Federer; Rafael Nadal; Novak Djokovic; Nikolay Davydenko; Andy Roddick; James Blake; Fernando Gonzalez; Tommy Robredo; Tomas Berdych; Tommy Haas
2007-09-03,9.5,8.5,11.5,4.0,4.0,0.0,25.04,20.28,106.4,8.0,Roger Federer; Rafael Nadal; Novak Djokovic; Nikolay Davydenko; Andy Roddick; James Blake; Fernando Gonzalez; Tommy Robredo; Tomas Berdych; Tommy Haas
2007-09-10,9.6,9.5,13.0,5.0,3.0,1.0,25.06,20.3,101.0,8.0,Roger Federer; Rafael Nadal; Novak Djokovic; Nikolay Davydenko; Andy Roddick; James Blake; Fernando Gonzalez; David Ferrer; Tomas Berdych; Tommy Haas
2007-09-17,9.1,8.0,8.9,4.0,3.0,1.0,24.68,20.32,100.9,7.0,Roger Federer; Rafael Nadal; Novak Djokovic; Nikolay Davydenko; Andy Roddick; Fernando Gonzalez; James Blake; David Ferrer; Tommy Robredo; Tomas Berdych
2007-09-24,9.1,8.0,8.9,4.0,3.0,0.0,24.69,20.34,101.9,7.0,Roger Federer; Rafael Nadal; Novak Djokovic; Nikolay Davydenko; Andy Roddick; Fernando Gonzalez; James Blake; David Ferrer; Tommy Robredo; Tomas Berdych
2007-10-01,8.9,7.5,9.0,4.0,3.0,0.0,24.71,20.36,102.9,7.0,Roger Federer; Rafael Nadal; Novak Djokovic; Nikolay Davydenko; Andy Roddick; Fernando Gonzalez; James Blake; David Ferrer; Tommy Robredo; Tomas Berdych
2007-10-08,8.1,7.5,8.9,3.0,4.0,0.0,24.73,20.38,103.9,7.0,Roger Federer; Rafael Nadal; Novak Djokovic; Nikolay Davydenko; Andy Roddick; Fernando Gonzalez; James Blake; David Ferrer; Tommy Robredo; Tomas Berdych
2007-10-15,8.4,7.5,13.4,3.0,3.0,1.0,25.5,20.4,111.5,7.0,Roger Federer; Rafael Nadal; Novak Djokovic; Nikolay Davydenko; Andy Roddick; Fernando Gonzalez; David Ferrer; James Blake; Tommy Robredo; Tommy Haas
2007-10-22,8.2,7.5,13.8,3.0,4.0,0.0,25.52,20.42,112.5,7.0,Roger Federer; Rafael Nadal; Novak Djokovic; Nikolay Davydenko; Andy Roddick; David Ferrer; James Blake; Fernando Gonzalez; Tommy Robredo; Tommy Haas
2007-10-29,8.1,7.5,13.7,3.0,4.0,0.0,25.54,20.44,113.5,7.0,Roger Federer; Rafael Nadal; Novak Djokovic; Nikolay Davydenko; Andy Roddick; David Ferrer; James Blake; Tommy Robredo; Fernando Gonzalez; Tommy Haas
2007-11-05,8.2,6.5,10.0,3.0,5.0,2.0,24.53,20.46,116.0,8.0,Roger Federer; Rafael Nadal; Novak Djokovic; Nikolay Davydenko; Andy Roddick; David Ferrer; Fernando Gonzalez; Richard Gasquet; David Nalbandian; Tommy Robredo
2007-11-12,8.2,6.5,10.0,3.0,5.0,0.0,24.55,20.48,117.0,8.0,Roger Federer; Rafael Nadal; Novak Djokovic; Nikolay Davydenko; Andy Roddick; David Ferrer; Fernando Gonzalez; Richard Gasquet; David Nalbandian; Tommy Robredo
2007-11-19,8.5,7.5,10.2,3.0,5.0,0.0,24.57,20.5,118.0,8.0,Roger Federer; Rafael Nadal; Novak Djokovic; Nikolay Davydenko; David Ferrer; Andy Roddick; Fernando Gonzalez; Richard Gasquet; David Nalbandian; Tommy Robredo
2007-11-26,8.5,7.5,10.3,3.0,5.0,0.0,24.59,20.51,119.0,8.0,Roger Federer; Rafael Nadal; Novak Djokovic; Nikolay Davydenko; David Ferrer; Andy Roddick; Fernando Gonzalez; Richard Gasquet; David Nalbandian; Tommy Robredo
2007-12-03,8.5,7.5,10.3,3.0,5.0,0.0,24.61,20.53,120.0,8.0,Roger Federer; Rafael Nadal; Novak Djokovic; Nikolay Davydenko; David Ferrer; Andy Roddick; Fernando Gonzalez; Richard Gasquet; David Nalbandian; Tommy Robredo
2007-12-10,8.5,7.5,10.3,3.0,5.0,0.0,24.63,20.55,121.0,8.0,Roger Federer; Rafael Nadal; Novak Djokovic; Nikolay Davydenko; David Ferrer; Andy Roddick; Fernando Gonzalez; Richard Gasquet; David Nalbandian; Tommy Robredo
2007-12-17,8.5,7.5,10.3,3.0,5.0,0.0,24.65,20.57,122.0,8.0,Roger Federer; Rafael Nadal; Novak Djokovic; Nikolay Davydenko; David Ferrer; Andy Roddick; Fernando Gonzalez; Richard Gasquet; David Nalbandian; Tommy Robredo
2007-12-24,8.5,7.5,10.3,3.0,5.0,0.0,24.67,20.59,123.0,8.0,Roger Federer; Rafael Nadal; Novak Djokovic; Nikolay Davydenko; David Ferrer; Andy Roddick; Fernando Gonzalez; Richard Gasquet; David Nalbandian; Tommy Robredo
2007-12-31,8.5,7.5,10.3,3.0,5.0,0.0,24.69,20.61,124.0,8.0,Roger Federer; Rafael Nadal; Novak Djokovic; Nikolay Davydenko; David Ferrer; Andy Roddick; Fernando Gonzalez; Richard Gasquet; David Nalbandian; Tommy Robredo
2008-01-07,9.3,9.0,8.3,4.0,4.0,1.0,24.2,20.63,117.4,9.0,Roger Federer; Rafael Nadal; Novak Djokovic; Nikolay Davydenko; David Ferrer; Andy Roddick; Fernando Gonzalez; Richard Gasquet; Andy Murray; David Nalbandian
2008-01-14,9.2,8.5,8.5,4.0,4.0,0.0,24.22,20.65,118.4,9.0,Roger Federer; Rafael Nadal; Novak Djokovic; Nikolay Davydenko; David Ferrer; Andy Roddick; Fernando Gonzalez; Richard Gasquet; Andy Murray; David Nalbandian
2008-01-21,9.2,8.5,8.6,4.0,4.0,0.0,24.24,20.67,119.4,9.0,Roger Federer; Rafael Nadal; Novak Djokovic; Nikolay Davydenko; David Ferrer; Andy Roddick; Fernando Gonzalez; Richard Gasquet; Andy Murray; David Nalbandian
2008-01-28,9.3,8.5,11.8,5.0,4.0,2.0,24.81,20.69,120.2,7.0,Roger Federer; Rafael Nadal; Novak Djokovic; Nikolay Davydenko; David Ferrer; Andy Roddick; Richard Gasquet; Mikhail Youzhny; James Blake; David Nalbandian
2008-02-04,10.0,11.5,15.1,6.0,4.0,1.0,24.25,20.71,114.0,8.0,Roger Federer; Rafael Nadal; Novak Djokovic; Nikolay Davydenko; David Ferrer; Andy Roddick; Richard Gasquet; Mikhail Youzhny; David Nalbandian; Tomas Berdych
2008-02-11,10.0,11.5,15.2,6.0,4.0,0.0,24.27,20.73,115.0,8.0,Roger Federer; Rafael Nadal; Novak Djokovic; Nikolay Davydenko; David Ferrer; Andy Roddick; Richard Gasquet; Mikhail Youzhny; David Nalbandian; Tomas Berdych
2008-02-18,9.6,9.5,13.7,5.0,4.0,2.0,24.33,20.74,104.9,7.0,Roger Federer; Rafael Nadal; Novak Djokovic; Nikolay Davydenko; David Ferrer; Andy Roddick; Richard Gasquet; Mikhail Youzhny; James Blake; Andy Murray
2008-02-25,8.3,8.0,10.5,4.0,5.0,2.0,24.56,20.76,125.0,8.0,Roger Federer; Rafael Nadal; Novak Djokovic; David Ferrer; Nikolay Davydenko; Andy Roddick; Richard Gasquet; David Nalbandian; James Blake; Tomas Berdych
2008-03-03,8.2,8.0,10.2,4.0,5.0,0.0,24.58,20.78,126.0,8.0,Roger Federer; Rafael Nadal; Novak Djokovic; David Ferrer; Nikolay Davydenko; Andy Roddick; David Nalbandian; Richard Gasquet; James Blake; Tomas Berdych
2008-03-10,8.2,8.0,10.3,4.0,5.0,0.0,24.6,20.8,127.0,8.0,Roger Federer; Rafael Nadal; Novak Djokovic; Nikolay Davydenko; David Ferrer; Andy Roddick; David Nalbandian; Richard Gasquet; James Blake; Tomas Berdych
2008-03-17,8.4,9.0,10.3,4.0,5.0,0.0,24.62,20.82,128.0,8.0,Roger Federer; Rafael Nadal; Novak Djokovic; Nikolay Davydenko; David Ferrer; Andy Roddick; David Nalbandian; Richard Gasquet; James Blake; Tomas Berdych
2008-03-24,8.4,9.0,10.5,4.0,5.0,0.0,24.64,20.84,129.0,8.0,Roger Federer; Rafael Nadal; Novak Djokovic; Nikolay Davydenko; David Ferrer; Andy Roddick; David Nalbandian; Richard Gasquet; James Blake; Tomas Berdych
2008-03-31,8.3,8.0,10.5,4.0,5.0,0.0,24.66,20.86,130.0,8.0,Roger Federer; Rafael Nadal; Novak Djokovic; Nikolay Davydenko; David Ferrer; Andy Roddick; David Nalbandian; Richard Gasquet; James Blake; Tomas Berdych
2008-04-07,8.3,8.0,11.3,4.0,5.0,0.0,24.68,20.88,131.0,8.0,Roger Federer; Rafael Nadal; Novak Djokovic; Nikolay Davydenko; David Ferrer; Andy Roddick; David Nalbandian; James Blake; Tomas Berdych; Richard Gasquet
2008-04-14,8.3,8.0,11.3,4.0,5.0,0.0,24.69,20.9,132.0,8.0,Roger Federer; Rafael Nadal; Novak Djokovic; Nikolay Davydenko; David Ferrer; Andy Roddick; David Nalbandian; James Blake; Tomas Berdych; Richard Gasquet
2008-04-21,8.2,7.5,11.4,4.0,5.0,0.0,24.71,20.92,133.0,8.0,Roger Federer; Rafael Nadal; Novak Djokovic; Nikolay Davydenko; David Ferrer; Andy Roddick; David Nalbandian; James Blake; Richard Gasquet; Tomas Berdych
2008-04-28,8.0,7.0,12.0,4.0,6.0,0.0,24.73,20.94,134.0,8.0,Roger Federer; Rafael Nadal; Novak Djokovic; Nikolay Davydenko; David Ferrer; Andy Roddick; David Nalbandian; James Blake; Richard Gasquet; Tomas Berdych
2008-05-05,8.1,7.0,12.3,4.0,6.0,0.0,24.75,20.96,135.0,8.0,Roger Federer; Rafael Nadal; Novak Djokovic; Nikolay Davydenko; David Ferrer; Andy Roddick; David Nalbandian; James Blake; Richard Gasquet; Tomas Berdych
2008-05-12,11.5,7.5,10.7,4.0,6.0,1.0,24.82,20.97,133.3,7.0,Roger Federer; Rafael Nadal; Novak Djokovic; Nikolay Davydenko; David Ferrer; Andy Roddick; David Nalbandian; James Blake; Richard Gasquet; Stan Wawrinka
2008-05-19,11.2,7.0,10.7,4.0,5.0,0.0,24.84,20.99,134.3,7.0,Roger Federer; Rafael Nadal; Novak Djokovic; Nikolay Davydenko; David Ferrer; Andy Roddick; David Nalbandian; James Blake; Richard Gasquet; Stan Wawrinka
2008-05-26,11.3,7.0,10.8,4.0,6.0,0.0,24.86,21.01,135.3,7.0,Roger Federer; Rafael Nadal; Novak Djokovic; Nikolay Davydenko; David Ferrer; Andy Roddick; David Nalbandian; James Blake; Richard Gasquet; Stan Wawrinka
2008-06-02,11.3,7.0,10.8,4.0,6.0,0.0,24.88,21.03,136.3,7.0,Roger Federer; Rafael Nadal; Novak Djokovic; Nikolay Davydenko; David Ferrer; Andy Roddick; David Nalbandian; James Blake; Richard Gasquet; Stan Wawrinka
2008-06-09,11.5,6.5,11.4,4.0,6.0,0.0,24.9,21.05,137.3,7.0,Roger Federer; Rafael Nadal; Novak Djokovic; Nikolay Davydenko; David Ferrer; Andy Roddick; James Blake; David Nalbandian; Stan Wawrinka; Richard Gasquet
2008-06-16,12.0,7.0,11.4,4.0,6.0,0.0,24.91,21.07,138.3,7.0,Roger Federer; Rafael Nadal; Novak Djokovic; Nikolay Davydenko; David Ferrer; Andy Roddick; David Nalbandian; James Blake; Richard Gasquet; Stan Wawrinka
2008-06-23,12.1,7.0,11.5,4.0,6.0,0.0,24.93,21.09,139.3,7.0,Roger Federer; Rafael Nadal; Novak Djokovic; Nikolay Davydenko; David Ferrer; Andy Roddick; David Nalbandian; James Blake; Stan Wawrinka; Richard Gasquet
2008-06-30,12.1,7.0,11.5,4.0,6.0,0.0,24.95,21.11,140.3,7.0,Roger Federer; Rafael Nadal; Novak Djokovic; Nikolay Davydenko; David Ferrer; Andy Roddick; David Nalbandian; James Blake; Stan Wawrinka; Richard Gasquet
2008-07-07,12.6,7.0,10.0,4.0,5.0,1.0,24.88,21.13,138.6,7.0,Roger Federer; Rafael Nadal; Novak Djokovic; David Ferrer; Nikolay Davydenko; Andy Roddick; David Nalbandian; James Blake; Andy Murray; Stan Wawrinka
2008-07-14,12.7,7.0,10.0,4.0,5.0,0.0,24.9,21.15,139.6,7.0,Roger Federer; Rafael Nadal; Novak Djokovic; Nikolay Davydenko; David Ferrer; Andy Roddick; David Nalbandian; James Blake; Andy Murray; Stan Wawrinka
2008-07-21,11.4,7.5,10.0,4.0,5.0,0.0,24.92,21.17,140.6,7.0,Roger Federer; Rafael Nadal; Novak Djokovic; Nikolay Davydenko; David Ferrer; Andy Roddick; David Nalbandian; James Blake; Andy Murray; Stan Wawrinka
2008-07-28,13.1,7.0,10.0,4.0,4.0,0.0,24.94,21.19,141.6,7.0,Roger Federer; Rafael Nadal; Novak Djokovic; David Ferrer; Nikolay Davydenko; Andy Roddick; David Nalbandian; James Blake; Andy Murray; Stan Wawrinka
2008-08-04,13.3,7.0,9.9,4.0,4.0,0.0,24.96,21.2,142.6,7.0,Roger Federer; Rafael Nadal; Novak Djokovic; Nikolay Davydenko; David Ferrer; Andy Murray; David Nalbandian; James Blake; Andy Roddick; Stan Wawrinka
2008-08-11,12.6,6.5,9.9,4.0,4.0,0.0,24.98,21.22,143.6,7.0,Roger Federer; Rafael Nadal; Novak Djokovic; David Ferrer; Nikolay Davydenko; Andy Murray; James Blake; David Nalbandian; Andy Roddick; Stan Wawrinka
2008-08-18,13.6,5.5,10.0,4.0,4.0,0.0,25.0,21.24,144.6,7.0,Rafael Nadal; Roger Federer; Novak Djokovic; David Ferrer; Nikolay Davydenko; Andy Murray; David Nalbandian; Andy Roddick; James Blake; Stan Wawrinka
2008-08-25,12.8,5.5,9.8,4.0,4.0,0.0,25.02,21.26,145.6,7.0,Rafael Nadal; Roger Federer; Novak Djokovic; David Ferrer; Nikolay Davydenko; Andy Murray; David Nalbandian; Andy Roddick; James Blake; Stan Wawrinka
2008-09-01,12.8,5.5,9.9,4.0,4.0,0.0,25.03,21.28,146.6,7.0,Rafael Nadal; Roger Federer; Novak Djokovic; David Ferrer; Nikolay Davydenko; Andy Murray; David Nalbandian; Andy Roddick; James Blake; Stan Wawrinka
2008-09-08,11.7,6.0,8.7,3.0,4.0,1.0,25.0,21.3,143.7,8.0,Rafael Nadal; Roger Federer; Novak Djokovic; Andy Murray; David Ferrer; Nikolay Davydenko; David Nalbandian; Andy Roddick; Fernando Gonzalez; Stan Wawrinka
2008-09-15,11.4,6.0,10.3,3.0,4.0,1.0,25.07,21.32,148.5,7.0,Rafael Nadal; Roger Federer; Novak Djokovic; Andy Murray; David Ferrer; Nikolay Davydenko; David Nalbandian; Andy Roddick; Stan Wawrinka; James Blake
2008-09-22,11.4,6.0,10.3,3.0,4.0,0.0,25.09,21.34,149.5,7.0,Rafael Nadal; Roger Federer; Novak Djokovic; Andy Murray; David Ferrer; Nikolay Davydenko; David Nalbandian; Andy Roddick; Stan Wawrinka; James Blake
2008-09-29,11.3,6.0,10.4,3.0,4.0,0.0,25.11,21.36,150.5,7.0,Rafael Nadal; Roger Federer; Novak Djokovic; Andy Murray; David Ferrer; Nikolay Davydenko; David Nalbandian; Andy Roddick; Stan Wawrinka; James Blake
2008-10-06,15.8,6.5,8.5,4.0,3.0,1.0,24.26,20.04,139.7,7.0,Rafael Nadal; Roger Federer; Novak Djokovic; Andy Murray; Nikolay Davydenko; David Ferrer; David Nalbandian; Andy Roddick; Juan Martin del Potro; Stan Wawrinka
2008-10-13,12.3,5.5,7.7,3.0,3.0,1.0,24.74,20.05,146.2,8.0,Rafael Nadal; Roger Federer; Novak Djokovic; Andy Murray; David Ferrer; Nikolay Davydenko; David Nalbandian; Andy Roddick; Juan Martin del Potro; Fernando Gonzalez
2008-10-20,13.6,5.5,7.8,4.0,3.0,1.0,24.32,20.07,139.4,8.0,Rafael Nadal; Roger Federer; Novak Djokovic; Andy Murray; David Ferrer; Nikolay Davydenko; Andy Roddick; David Nalbandian; Juan Martin del Potro; Gilles Simon
2008-10-27,13.8,5.5,8.5,4.0,3.0,0.0,24.34,20.09,140.4,8.0,Rafael Nadal; Roger Federer; Novak Djokovic; Andy Murray; David Ferrer; Nikolay Davydenko; Andy Roddick; David Nalbandian; Juan Martin del Potro; Gilles Simon
2008-11-03,15.6,8.0,9.0,5.0,2.0,2.0,24.26,20.11,123.8,8.0,Rafael Nadal; Roger Federer; Novak Djokovic; Andy Murray; Nikolay Davydenko; Andy Roddick; Jo-Wilfried Tsonga; Juan Martin del Potro; Gilles Simon; James Blake
2008-11-10,15.5,8.0,9.0,5.0,2.0,0.0,24.27,20.13,124.8,8.0,Rafael Nadal; Roger Federer; Novak Djokovic; Andy Murray; Nikolay Davydenko; Andy Roddick; Jo-Wilfried Tsonga; Juan Martin del Potro; Gilles Simon; James Blake
2008-11-17,15.6,8.5,9.7,5.0,2.0,0.0,24.29,20.15,125.8,8.0,Rafael Nadal; Roger Federer; Novak Djokovic; Andy Murray; Nikolay Davydenko; Jo-Wilfried Tsonga; Gilles Simon; Andy Roddick; Juan Martin del Potro; James Blake
2008-11-24,15.6,8.5,9.7,5.0,2.0,0.0,24.31,20.17,126.8,8.0,Rafael Nadal; Roger Federer; Novak Djokovic; Andy Murray; Nikolay Davydenko; Jo-Wilfried Tsonga; Gilles Simon; Andy Roddick; Juan Martin del Potro; James Blake
2008-12-01,15.6,8.5,9.7,5.0,2.0,0.0,24.33,20.19,127.8,8.0,Rafael Nadal; Roger Federer; Novak Djokovic; Andy Murray; Nikolay Davydenko; Jo-Wilfried Tsonga; Gilles Simon; Andy Roddick; Juan Martin del Potro; James Blake
2008-12-08,15.6,8.5,9.7,5.0,2.0,0.0,24.35,20.21,128.8,8.0,Rafael Nadal; Roger Federer; Novak Djokovic; Andy Murray; Nikolay Davydenko; Jo-Wilfried Tsonga; Gilles Simon; Andy Roddick; Juan Martin del Potro; James Blake
2008-12-15,15.6,8.5,9.7,5.0,2.0,0.0,24.37,20.23,129.8,8.0,Rafael Nadal; Roger Federer; Novak Djokovic; Andy Murray; Nikolay Davydenko; Jo-Wilfried Tsonga; Gilles Simon; Andy Roddick; Juan Martin del Potro; James Blake
2008-12-22,15.6,8.5,9.7,5.0,2.0,0.0,24.39,20.25,130.8,8.0,Rafael Nadal; Roger Federer; Novak Djokovic; Andy Murray; Nikolay Davydenko; Jo-Wilfried Tsonga; Gilles Simon; Andy Roddick; Juan Martin del Potro; James Blake
2008-12-29,15.6,8.5,9.7,5.0,2.0,0.0,24.41,20.27,131.8,8.0,Rafael Nadal; Roger Federer; Novak Djokovic; Andy Murray; Nikolay Davydenko; Jo-Wilfried Tsonga; Gilles Simon; Andy Roddick; Juan Martin del Potro; James Blake
2009-01-05,15.6,7.5,9.7,4.0,2.0,0.0,24.43,20.28,132.8,8.0,Rafael Nadal; Roger Federer; Novak Djokovic; Andy Murray; Nikolay Davydenko; Gilles Simon; Jo-Wilfried Tsonga; Andy Roddick; Juan Martin del Potro; James Blake
2009-01-12,16.4,7.5,9.7,4.0,2.0,0.0,24.45,20.3,133.8,8.0,Rafael Nadal; Roger Federer; Novak Djokovic; Andy Murray; Nikolay Davydenko; Jo-Wilfried Tsonga; Gilles Simon; Andy Roddick; Juan Martin del Potro; James Blake
2009-01-19,16.4,7.5,9.8,4.0,2.0,0.0,24.47,20.32,134.8,8.0,Rafael Nadal; Roger Federer; Novak Djokovic; Andy Murray; Nikolay Davydenko; Juan Martin del Potro; Jo-Wilfried Tsonga; Gilles Simon; Andy Roddick; James Blake
2009-01-26,13.5,7.5,9.8,4.0,2.0,0.0,24.49,20.34,135.8,8.0,Rafael Nadal; Roger Federer; Novak Djokovic; Andy Murray; Nikolay Davydenko; Juan Martin del Potro; Jo-Wilfried Tsonga; Gilles Simon; Andy Roddick; James Blake
2009-02-02,14.4,7.5,19.6,4.0,3.0,2.0,24.45,20.36,145.3,8.0,Rafael Nadal; Roger Federer; Novak Djokovic; Andy Murray; Nikolay Davydenko; Andy Roddick; Juan Martin del Potro; Gilles Simon; Fernando Verdasco; David Nalbandian
2009-02-09,14.4,7.5,19.5,4.0,3.0,0.0,24.46,20.38,146.3,8.0,Rafael Nadal; Roger Federer; Novak Djokovic; Andy Murray; Nikolay Davydenko; Andy Roddick; Juan Martin del Potro; Gilles Simon; Fernando Verdasco; David Nalbandian
2009-02-16,15.3,8.0,19.5,4.0,3.0,0.0,24.48,20.4,147.3,8.0,Rafael Nadal; Roger Federer; Novak Djokovic; Andy Murray; Nikolay Davydenko; Andy Roddick; Juan Martin del Potro; Gilles Simon; Fernando Verdasco; David Nalbandian
2009-02-23,19.4,9.0,7.0,5.0,2.0,1.0,24.04,20.42,125.1,8.0,Rafael Nadal; Roger Federer; Novak Djokovic; Andy Murray; Nikolay Davydenko; Andy Roddick; Juan Martin del Potro; Gilles Simon; Fernando Verdasco; Gael Monfils
2009-03-02,20.0,8.5,7.7,5.0,3.0,0.0,24.06,20.44,126.1,8.0,Rafael Nadal; Roger Federer; Novak Djokovic; Andy Murray; Nikolay Davydenko; Andy Roddick; Juan Martin del Potro; Gilles Simon; Gael Monfils; Fernando Verdasco
2009-03-09,20.4,8.5,7.7,5.0,3.0,0.0,24.07,20.46,127.1,8.0,Rafael Nadal; Roger Federer; Novak Djokovic; Andy Murray; Nikolay Davydenko; Juan Martin del Potro; Andy Roddick; Gilles Simon; Gael Monfils; Fernando Verdasco
2009-03-16,20.4,8.5,7.7,5.0,3.0,0.0,24.09,20.48,128.1,8.0,Rafael Nadal; Roger Federer; Novak Djokovic; Andy Murray; Nikolay Davydenko; Juan Martin del Potro; Andy Roddick; Gilles Simon; Gael Monfils; Fernando Verdasco
2009-03-23,22.4,9.5,8.1,5.0,3.0,0.0,24.11,20.5,129.1,8.0,Rafael Nadal; Roger Federer; Novak Djokovic; Andy Murray; Nikolay Davydenko; Andy Roddick; Juan Martin del Potro; Gilles Simon; Fernando Verdasco; Gael Monfils
2009-03-30,22.4,9.5,8.1,5.0,3.0,0.0,24.13,20.51,130.1,8.0,Rafael Nadal; Roger Federer; Novak Djokovic; Andy Murray; Nikolay Davydenko; Andy Roddick; Juan Martin del Potro; Gilles Simon; Fernando Verdasco; Gael Monfils
2009-04-06,24.7,14.0,8.4,5.0,3.0,0.0,24.15,20.53,131.1,8.0,Rafael Nadal; Roger Federer; Novak Djokovic; Andy Murray; Juan Martin del Potro; Andy Roddick; Gilles Simon; Fernando Verdasco; Nikolay Davydenko; Gael Monfils
2009-04-13,24.2,13.5,8.4,5.0,3.0,0.0,24.17,20.55,132.1,8.0,Rafael Nadal; Roger Federer; Novak Djokovic; Andy Murray; Juan Martin del Potro; Andy Roddick; Gilles Simon; Fernando Verdasco; Nikolay Davydenko; Gael Monfils
2009-04-20,23.5,13.0,8.0,5.0,2.0,0.0,24.19,20.57,133.1,8.0,Rafael Nadal; Roger Federer; Novak Djokovic; Andy Murray; Juan Martin del Potro; Andy Roddick; Fernando Verdasco; Nikolay Davydenko; Gilles Simon; Gael Monfils
2009-04-27,23.4,16.0,8.5,6.0,2.0,1.0,23.82,20.59,115.1,7.0,Rafael Nadal; Roger Federer; Novak Djokovic; Andy Murray; Juan Martin del Potro; Andy Roddick; Gilles Simon; Fernando Verdasco; Gael Monfils; Jo-Wilfried Tsonga
2009-05-04,23.3,17.5,8.5,6.0,2.0,0.0,23.84,20.61,116.1,7.0,Rafael Nadal; Roger Federer; Novak Djokovic; Andy Murray; Juan Martin del Potro; Andy Roddick; Fernando Verdasco; Gilles Simon; Jo-Wilfried Tsonga; Gael Monfils
2009-05-11,22.7,16.0,8.5,6.0,2.0,0.0,23.86,20.63,117.1,7.0,Rafael Nadal; Roger Federer; Andy Murray; Novak Djokovic; Juan Martin del Potro; Andy Roddick; Gilles Simon; Fernando Verdasco; Jo-Wilfried Tsonga; Gael Monfils
2009-05-18,16.9,8.5,8.0,5.0,1.0,1.0,24.4,20.65,137.2,8.0,Rafael Nadal; Roger Federer; Andy Murray; Novak Djokovic; Juan Martin del Potro; Andy Roddick; Gilles Simon; Fernando Verdasco; Jo-Wilfried Tsonga; Nikolay Davydenko
2009-05-25,21.4,11.5,9.0,6.0,2.0,1.0,23.9,20.67,119.0,7.0,Rafael Nadal; Roger Federer; Andy Murray; Novak Djokovic; Juan Martin del Potro; Andy Roddick; Gilles Simon; Fernando Verdasco; Jo-Wilfried Tsonga; Gael Monfils
2009-06-01,21.4,11.5,9.0,6.0,2.0,0.0,23.92,20.69,120.0,7.0,Rafael Nadal; Roger Federer; Andy Murray; Novak Djokovic; Juan Martin del Potro; Andy Roddick; Gilles Simon; Fernando Verdasco; Jo-Wilfried Tsonga; Gael Monfils
2009-06-08,16.4,12.5,9.8,6.0,2.0,1.0,24.55,20.71,127.4,8.0,Rafael Nadal; Roger Federer; Andy Murray; Novak Djokovic; Juan Martin del Potro; Andy Roddick; Gilles Simon; Fernando Verdasco; Jo-Wilfried Tsonga; Fernando Gonzalez
2009-06-15,16.5,12.0,9.8,6.0,2.0,0.0,24.56,20.73,128.4,8.0,Rafael Nadal; Roger Federer; Andy Murray; Novak Djokovic; Juan Martin del Potro; Andy Roddick; Gilles Simon; Fernando Verdasco; Jo-Wilfried Tsonga; Fernando Gonzalez
2009-06-22,15.9,12.0,9.8,6.0,2.0,0.0,24.58,20.74,129.4,8.0,Rafael Nadal; Roger Federer; Andy Murray; Novak Djokovic; Juan Martin del Potro; Andy Roddick; Gilles Simon; Fernando Verdasco; Jo-Wilfried Tsonga; Fernando Gonzalez
2009-06-29,15.9,12.0,9.8,6.0,2.0,0.0,24.6,20.76,130.4,8.0,Rafael Nadal; Roger Federer; Andy Murray; Novak Djokovic; Juan Martin del Potro; Andy Roddick; Gilles Simon; Fernando Verdasco; Jo-Wilfried Tsonga; Fernando Gonzalez
2009-07-06,15.8,11.0,10.4,5.0,3.0,0.0,24.62,20.78,131.4,8.0,Roger Federer; Rafael Nadal; Andy Murray; Novak Djokovic; Juan Martin del Potro; Andy Roddick; Gilles Simon; Jo-Wilfried Tsonga; Fernando Verdasco; Fernando Gonzalez
2009-07-13,13.9,12.0,10.3,5.0,3.0,0.0,24.64,20.8,132.4,8.0,Roger Federer; Rafael Nadal; Andy Murray; Novak Djokovic; Andy Roddick; Juan Martin del Potro; Gilles Simon; Jo-Wilfried Tsonga; Fernando Verdasco; Fernando Gonzalez
2009-07-20,11.1,10.0,10.3,5.0,3.0,0.0,24.66,20.82,133.4,8.0,Roger Federer; Rafael Nadal; Andy Murray; Novak Djokovic; Andy Roddick; Juan Martin del Potro; Gilles Simon; Jo-Wilfried Tsonga; Fernando Verdasco; Fernando Gonzalez
2009-07-27,9.5,7.5,8.6,4.0,2.0,1.0,24.6,20.84,146.3,8.0,Roger Federer; Rafael Nadal; Andy Murray; Novak Djokovic; Andy Roddick; Juan Martin del Potro; Jo-Wilfried Tsonga; Gilles Simon; Nikolay Davydenko; Fernando Verdasco
2009-08-03,9.0,7.5,8.6,4.0,2.0,0.0,24.61,20.86,147.3,8.0,Roger Federer; Rafael Nadal; Andy Murray; Novak Djokovic; Andy Roddick; Juan Martin del Potro; Jo-Wilfried Tsonga; Nikolay Davydenko; Gilles Simon; Fernando Verdasco
2009-08-10,9.2,7.5,10.4,4.0,3.0,1.0,24.96,20.88,154.1,9.0,Roger Federer; Rafael Nadal; Andy Murray; Novak Djokovic; Andy Roddick; Juan Martin del Potro; Jo-Wilfried Tsonga; Nikolay Davydenko; Gilles Simon; Fernando Gonzalez
2009-08-17,9.0,7.0,9.0,4.0,2.0,1.0,24.65,20.9,149.2,8.0,Roger Federer; Andy Murray; Rafael Nadal; Novak Djokovic; Andy Roddick; Juan Martin del Potro; Jo-Wilfried Tsonga; Nikolay Davydenko; Gilles Simon; Fernando Verdasco
2009-08-24,9.0,7.0,9.4,4.0,2.0,0.0,24.67,20.92,150.2,8.0,Roger Federer; Andy Murray; Rafael Nadal; Novak Djokovic; Andy Roddick; Juan Martin del Potro; Jo-Wilfried Tsonga; Nikolay Davydenko; Gilles Simon; Fernando Verdasco
2009-08-31,9.0,7.0,9.6,4.0,2.0,0.0,24.69,20.94,151.2,8.0,Roger Federer; Andy Murray; Rafael Nadal; Novak Djokovic; Andy Roddick; Juan Martin del Potro; Jo-Wilfried Tsonga; Nikolay Davydenko; Gilles Simon; Fernando Verdasco
2009-09-07,8.8,7.0,9.6,4.0,2.0,0.0,24.71,20.96,152.2,8.0,Roger Federer; Andy Murray; Rafael Nadal; Novak Djokovic; Andy Roddick; Juan Martin del Potro; Jo-Wilfried Tsonga; Nikolay Davydenko; Gilles Simon; Fernando Verdasco
2009-09-14,8.9,7.0,12.2,4.0,4.0,0.0,24.73,20.97,153.2,8.0,Roger Federer; Rafael Nadal; Andy Murray; Novak Djokovic; Juan Martin del Potro; Andy Roddick; Jo-Wilfried Tsonga; Nikolay Davydenko; Fernando Verdasco; Gilles Simon
2009-09-21,8.9,7.0,12.2,4.0,3.0,0.0,24.75,20.99,154.2,8.0,Roger Federer; Rafael Nadal; Andy Murray; Novak Djokovic; Juan Martin del Potro; Andy Roddick; Jo-Wilfried Tsonga; Nikolay Davydenko; Fernando Verdasco; Gilles Simon
2009-09-28,8.5,7.0,11.5,4.0,3.0,0.0,24.77,21.01,155.2,8.0,Roger Federer; Rafael Nadal; Andy Murray; Novak Djokovic; Juan Martin del Potro; Andy Roddick; Jo-Wilfried Tsonga; Nikolay Davydenko; Fernando Verdasco; Gilles Simon
2009-10-05,7.8,6.5,12.6,3.0,3.0,0.0,24.79,21.03,156.2,8.0,Roger Federer; Rafael Nadal; Andy Murray; Novak Djokovic; Juan Martin del Potro; Andy Roddick; Jo-Wilfried Tsonga; Nikolay Davydenko; Fernando Verdasco; Gilles Simon
2009-10-12,7.7,7.0,12.4,3.0,4.0,0.0,24.81,21.05,157.2,8.0,Roger Federer; Rafael Nadal; Andy Murray; Novak Djokovic; Juan Martin del Potro; Andy Roddick; Jo-Wilfried Tsonga; Nikolay Davydenko; Fernando Verdasco; Gilles Simon
2009-10-19,8.9,6.5,9.2,3.0,3.0,1.0,24.86,21.07,153.0,9.0,Roger Federer; Rafael Nadal; Novak Djokovic; Andy Murray; Juan Martin del Potro; Nikolay Davydenko; Andy Roddick; Jo-Wilfried Tsonga; Fernando Verdasco; Robin Soderling
2009-10-26,8.1,6.5,9.3,3.0,3.0,0.0,24.88,21.09,154.0,9.0,Roger Federer; Rafael Nadal; Novak Djokovic; Andy Murray; Juan Martin del Potro; Nikolay Davydenko; Andy Roddick; Jo-Wilfried Tsonga; Fernando Verdasco; Robin Soderling
2009-11-02,6.9,5.5,9.2,2.0,3.0,0.0,24.9,21.11,155.0,9.0,Roger Federer; Rafael Nadal; Novak Djokovic; Andy Murray; Juan Martin del Potro; Andy Roddick; Nikolay Davydenko; Fernando Verdasco; Jo-Wilfried Tsonga; Robin Soderling
2009-11-09,6.9,5.5,9.1,2.0,3.0,0.0,24.92,21.13,156.0,9.0,Roger Federer; Rafael Nadal; Novak Djokovic; Andy Murray; Juan Martin del Potro; Andy Roddick; Nikolay Davydenko; Fernando Verdasco; Jo-Wilfried Tsonga; Robin Soderling
2009-11-16,7.1,5.5,32.6,2.0,3.0,0.0,24.94,21.15,157.0,9.0,Roger Federer; Rafael Nadal; Novak Djokovic; Andy Murray; Juan Martin del Potro; Andy Roddick; Nikolay Davydenko; Fernando Verdasco; Robin Soderling; Jo-Wilfried Tsonga
2009-11-23,7.1,5.5,32.9,2.0,3.0,0.0,24.96,21.17,158.0,9.0,Roger Federer; Rafael Nadal; Novak Djokovic; Andy Murray; Juan Martin del Potro; Andy Roddick; Nikolay Davydenko; Fernando Verdasco; Robin Soderling; Jo-Wilfried Tsonga
2009-11-30,7.1,5.5,32.6,2.0,3.0,0.0,24.98,21.19,159.0,9.0,Roger Federer; Rafael Nadal; Novak Djokovic; Andy Murray; Juan Martin del Potro; Nikolay Davydenko; Andy Roddick; Robin Soderling; Fernando Verdasco; Jo-Wilfried Tsonga
2009-12-07,7.1,5.5,32.4,2.0,3.0,0.0,25.0,21.2,160.0,9.0,Roger Federer; Rafael Nadal; Novak Djokovic; Andy Murray; Juan Martin del Potro; Nikolay Davydenko; Andy Roddick; Robin Soderling; Fernando Verdasco; Jo-Wilfried Tsonga
2009-12-14,7.1,5.5,32.4,2.0,3.0,0.0,25.02,21.22,161.0,9.0,Roger Federer; Rafael Nadal; Novak Djokovic; Andy Murray; Juan Martin del Potro; Nikolay Davydenko; Andy Roddick; Robin Soderling; Fernando Verdasco; Jo-Wilfried Tsonga
2009-12-21,7.1,5.5,32.5,2.0,3.0,0.0,25.03,21.24,162.0,9.0,Roger Federer; Rafael Nadal; Novak Djokovic; Andy Murray; Juan Martin del Potro; Nikolay Davydenko; Andy Roddick; Robin Soderling; Fernando Verdasco; Jo-Wilfried Tsonga
2009-12-28,7.1,5.5,32.5,2.0,3.0,0.0,25.05,21.26,163.0,9.0,Roger Federer; Rafael Nadal; Novak Djokovic; Andy Murray; Juan Martin del Potro; Nikolay Davydenko; Andy Roddick; Robin Soderling; Fernando Verdasco; Jo-Wilfried Tsonga
2010-01-04,7.1,6.0,32.5,2.0,3.0,0.0,25.07,21.28,164.0,9.0,Roger Federer; Rafael Nadal; Novak Djokovic; Andy Murray; Juan Martin del Potro; Nikolay Davydenko; Andy Roddick; Robin Soderling; Fernando Verdasco; Jo-Wilfried Tsonga
2010-01-11,7.0,5.5,32.7,2.0,3.0,0.0,25.09,21.3,165.0,9.0,Roger Federer; Rafael Nadal; Novak Djokovic; Juan Martin del Potro; Andy Murray; Nikolay Davydenko; Andy Roddick; Robin Soderling; Fernando Verdasco; Jo-Wilfried Tsonga
2010-01-18,6.9,5.5,30.6,2.0,3.0,0.0,25.11,21.32,166.0,9.0,Roger Federer; Rafael Nadal; Novak Djokovic; Andy Murray; Juan Martin del Potro; Nikolay Davydenko; Andy Roddick; Robin Soderling; Fernando Verdasco; Jo-Wilfried Tsonga
2010-01-25,6.9,5.5,30.6,2.0,3.0,0.0,25.13,21.34,167.0,9.0,Roger Federer; Rafael Nadal; Novak Djokovic; Andy Murray; Juan Martin del Potro; Nikolay Davydenko; Andy Roddick; Robin Soderling; Fernando Verdasco; Jo-Wilfried Tsonga
2010-02-01,7.9,5.5,58.1,3.0,4.0,1.0,24.66,21.34,162.9,10.0,Roger Federer; Novak Djokovic; Andy Murray; Rafael Nadal; Juan Martin del Potro; Nikolay Davydenko; Andy Roddick; Robin Soderling; Jo-Wilfried Tsonga; Marin Cilic
2010-02-08,7.7,5.5,58.7,3.0,4.0,0.0,24.68,21.36,163.9,10.0,Roger Federer; Novak Djokovic; Andy Murray; Rafael Nadal; Juan Martin del Potro; Nikolay Davydenko; Andy Roddick; Robin Soderling; Jo-Wilfried Tsonga; Marin Cilic
2010-02-15,7.6,5.5,40.4,3.0,4.0,0.0,24.7,21.38,164.9,10.0,Roger Federer; Novak Djokovic; Rafael Nadal; Andy Murray; Juan Martin del Potro; Nikolay Davydenko; Andy Roddick; Robin Soderling; Jo-Wilfried Tsonga; Marin Cilic
2010-02-22,7.8,5.5,25.8,2.0,3.0,1.0,24.86,21.4,165.4,9.0,Roger Federer; Novak Djokovic; Rafael Nadal; Andy Murray; Juan Martin del Potro; Nikolay Davydenko; Robin Soderling; Andy Roddick; Marin Cilic; Fernando Verdasco
2010-03-01,9.0,5.5,36.9,3.0,4.0,1.0,25.21,21.42,169.8,10.0,Roger Federer; Novak Djokovic; Rafael Nadal; Andy Murray; Juan Martin del Potro; Nikolay Davydenko; Robin Soderling; Andy Roddick; Marin Cilic; Fernando Gonzalez
2010-03-08,9.0,5.5,42.5,3.0,4.0,0.0,25.23,21.44,170.8,10.0,Roger Federer; Novak Djokovic; Rafael Nadal; Andy Murray; Juan Martin del Potro; Nikolay Davydenko; Robin Soderling; Andy Roddick; Marin Cilic; Fernando Gonzalez
2010-03-15,9.0,5.5,42.5,3.0,4.0,0.0,25.25,21.46,171.8,10.0,Roger Federer; Novak Djokovic; Rafael Nadal; Andy Murray; Juan Martin del Potro; Nikolay Davydenko; Robin Soderling; Andy Roddick; Marin Cilic; Fernando Gonzalez
2010-03-22,8.1,5.5,15.2,3.0,4.0,1.0,24.8,21.48,169.5,10.0,Roger Federer; Novak Djokovic; Andy Murray; Rafael Nadal; Juan Martin del Potro; Nikolay Davydenko; Robin Soderling; Andy Roddick; Marin Cilic; Jo-Wilfried Tsonga
2010-03-29,8.1,5.5,15.2,3.0,4.0,0.0,24.82,21.5,170.5,10.0,Roger Federer; Novak Djokovic; Andy Murray; Rafael Nadal; Juan Martin del Potro; Nikolay Davydenko; Robin Soderling; Andy Roddick; Marin Cilic; Jo-Wilfried Tsonga
2010-04-05,8.3,5.5,15.5,3.0,5.0,0.0,24.84,21.52,171.5,10.0,Roger Federer; Novak Djokovic; Rafael Nadal; Andy Murray; Juan Martin del Potro; Nikolay Davydenko; Andy Roddick; Robin Soderling; Marin Cilic; Jo-Wilfried Tsonga
2010-04-12,8.3,5.5,15.4,3.0,5.0,0.0,24.85,21.54,172.5,10.0,Roger Federer; Novak Djokovic; Rafael Nadal; Andy Murray; Juan Martin del Potro; Nikolay Davydenko; Andy Roddick; Robin Soderling; Marin Cilic; Jo-Wilfried Tsonga
2010-04-19,7.1,5.5,14.3,2.0,5.0,1.0,25.36,21.57,177.6,9.0,Roger Federer; Novak Djokovic; Rafael Nadal; Juan Martin del Potro; Andy Murray; Nikolay Davydenko; Andy Roddick; Robin Soderling; Fernando Verdasco; Jo-Wilfried Tsonga
2010-04-26,7.7,5.5,14.6,2.0,5.0,0.0,25.38,21.59,178.6,9.0,Roger Federer; Novak Djokovic; Rafael Nadal; Juan Martin del Potro; Andy Murray; Nikolay Davydenko; Robin Soderling; Andy Roddick; Fernando Verdasco; Jo-Wilfried Tsonga
2010-05-03,7.3,5.5,12.6,2.0,5.0,0.0,25.4,21.61,179.6,9.0,Roger Federer; Novak Djokovic; Rafael Nadal; Andy Murray; Juan Martin del Potro; Nikolay Davydenko; Robin Soderling; Andy Roddick; Fernando Verdasco; Jo-Wilfried Tsonga
2010-05-10,7.2,5.5,12.3,2.0,5.0,0.0,25.42,21.63,180.6,9.0,Roger Federer; Novak Djokovic; Rafael Nadal; Andy Murray; Juan Martin del Potro; Nikolay Davydenko; Robin Soderling; Andy Roddick; Fernando Verdasco; Jo-Wilfried Tsonga
2010-05-17,7.3,5.5,11.8,1.0,5.0,0.0,25.44,21.65,181.6,9.0,Roger Federer; Rafael Nadal; Novak Djokovic; Andy Murray; Juan Martin del Potro; Nikolay Davydenko; Robin Soderling; Andy Roddick; Fernando Verdasco; Jo-Wilfried Tsonga
2010-05-24,7.4,5.5,11.9,2.0,5.0,0.0,25.46,21.66,182.6,9.0,Roger Federer; Rafael Nadal; Novak Djokovic; Andy Murray; Nikolay Davydenko; Juan Martin del Potro; Robin Soderling; Andy Roddick; Fernando Verdasco; Jo-Wilfried Tsonga
2010-05-31,7.4,5.5,11.9,2.0,5.0,0.0,25.48,21.68,183.6,9.0,Roger Federer; Rafael Nadal; Novak Djokovic; Andy Murray; Nikolay Davydenko; Juan Martin del Potro; Robin Soderling; Andy Roddick; Fernando Verdasco; Jo-Wilfried Tsonga
2010-06-07,6.1,5.5,11.8,2.0,4.0,0.0,25.49,21.7,184.6,9.0,Rafael Nadal; Roger Federer; Novak Djokovic; Andy Murray; Nikolay Davydenko; Robin Soderling; Andy Roddick; Juan Martin del Potro; Fernando Verdasco; Jo-Wilfried Tsonga
2010-06-14,6.1,5.5,11.7,2.0,4.0,0.0,25.51,21.72,185.6,9.0,Rafael Nadal; Roger Federer; Novak Djokovic; Andy Murray; Nikolay Davydenko; Robin Soderling; Andy Roddick; Juan Martin del Potro; Fernando Verdasco; Jo-Wilfried Tsonga
2010-06-21,6.1,5.5,11.4,2.0,4.0,0.0,25.53,21.74,186.6,9.0,Rafael Nadal; Roger Federer; Novak Djokovic; Andy Murray; Nikolay Davydenko; Robin Soderling; Andy Roddick; Juan Martin del Potro; Fernando Verdasco; Jo-Wilfried Tsonga
2010-06-28,6.1,5.5,11.4,2.0,4.0,0.0,25.55,21.76,187.6,9.0,Rafael Nadal; Roger Federer; Novak Djokovic; Andy Murray; Nikolay Davydenko; Robin Soderling; Andy Roddick; Juan Martin del Potro; Fernando Verdasco; Jo-Wilfried Tsonga
2010-07-05,7.3,5.5,10.6,3.0,3.0,1.0,25.53,21.78,184.2,9.0,Rafael Nadal; Novak Djokovic; Roger Federer; Andy Murray; Robin Soderling; Nikolay Davydenko; Juan Martin del Potro; Tomas Berdych; Andy Roddick; Fernando Verdasco
2010-07-12,7.4,5.5,10.3,3.0,3.0,0.0,25.55,21.8,185.2,9.0,Rafael Nadal; Novak Djokovic; Roger Federer; Andy Murray; Robin Soderling; Nikolay Davydenko; Juan Martin del Potro; Tomas Berdych; Andy Roddick; Fernando Verdasco
2010-07-19,7.4,5.5,10.3,3.0,3.0,0.0,25.57,21.82,186.2,9.0,Rafael Nadal; Novak Djokovic; Roger Federer; Andy Murray; Robin Soderling; Nikolay Davydenko; Juan Martin del Potro; Tomas Berdych; Andy Roddick; Fernando Verdasco
2010-07-26,7.1,5.5,10.3,2.0,4.0,0.0,25.59,21.84,187.2,9.0,Rafael Nadal; Novak Djokovic; Roger Federer; Andy Murray; Robin Soderling; Nikolay Davydenko; Juan Martin del Potro; Tomas Berdych; Andy Roddick; Fernando Verdasco
2010-08-02,6.9,5.5,10.5,2.0,4.0,0.0,25.61,21.86,188.2,9.0,Rafael Nadal; Novak Djokovic; Roger Federer; Andy Murray; Robin Soderling; Nikolay Davydenko; Juan Martin del Potro; Tomas Berdych; Andy Roddick; Fernando Verdasco
2010-08-09,7.2,6.5,10.9,3.0,4.0,1.0,25.36,21.88,156.0,9.0,Rafael Nadal; Novak Djokovic; Roger Federer; Andy Murray; Robin Soderling; Nikolay Davydenko; Tomas Berdych; Juan Martin del Potro; Fernando Verdasco; Jo-Wilfried Tsonga
2010-08-16,7.0,6.5,10.5,2.0,3.0,0.0,25.38,21.89,157.0,9.0,Rafael Nadal; Roger Federer; Novak Djokovic; Andy Murray; Robin Soderling; Nikolay Davydenko; Tomas Berdych; Fernando Verdasco; Juan Martin del Potro; Jo-Wilfried Tsonga
2010-08-23,6.9,5.5,12.2,2.0,4.0,1.0,25.66,21.91,191.0,9.0,Rafael Nadal; Roger Federer; Novak Djokovic; Andy Murray; Robin Soderling; Nikolay Davydenko; Tomas Berdych; Fernando Verdasco; Andy Roddick; Juan Martin del Potro
2010-08-30,6.9,5.5,12.2,2.0,4.0,0.0,25.68,21.93,192.0,9.0,Rafael Nadal; Roger Federer; Novak Djokovic; Andy Murray; Robin Soderling; Nikolay Davydenko; Tomas Berdych; Fernando Verdasco; Andy Roddick; Juan Martin del Potro
2010-09-06,6.9,5.5,12.2,2.0,4.0,0.0,25.7,21.95,193.0,9.0,Rafael Nadal; Roger Federer; Novak Djokovic; Andy Murray; Robin Soderling; Nikolay Davydenko; Tomas Berdych; Fernando Verdasco; Andy Roddick; Juan Martin del Potro
2010-09-13,12.7,8.5,12.0,4.0,3.0,2.0,26.39,23.31,150.3,7.0,Rafael Nadal; Novak Djokovic; Roger Federer; Andy Murray; Robin Soderling; Nikolay Davydenko; Tomas Berdych; Fernando Verdasco; Mikhail Youzhny; David Ferrer
2010-09-20,11.1,7.0,12.9,3.0,4.0,1.0,26.36,23.33,185.3,8.0,Rafael Nadal; Novak Djokovic; Roger Federer; Andy Murray; Robin Soderling; Nikolay Davydenko; Tomas Berdych; Fernando Verdasco; Mikhail Youzhny; Andy Roddick
2010-09-27,11.2,7.0,13.0,3.0,4.0,0.0,26.38,23.35,186.3,8.0,Rafael Nadal; Novak Djokovic; Roger Federer; Andy Murray; Robin Soderling; Nikolay Davydenko; Tomas Berdych; Fernando Verdasco; Mikhail Youzhny; Andy Roddick
2010-10-04,11.4,7.0,13.5,3.0,4.0,0.0,26.4,23.37,187.3,8.0,Rafael Nadal; Novak Djokovic; Roger Federer; Andy Murray; Robin Soderling; Nikolay Davydenko; Tomas Berdych; Mikhail Youzhny; Fernando Verdasco; Andy Roddick
2010-10-11,10.9,8.5,12.3,4.0,3.0,1.0,26.46,23.39,154.0,7.0,Rafael Nadal; Novak Djokovic; Roger Federer; Andy Murray; Robin Soderling; Nikolay Davydenko; Tomas Berdych; Mikhail Youzhny; Fernando Verdasco; David Ferrer
2010-10-18,10.3,8.0,9.9,3.0,3.0,1.0,26.36,23.41,169.1,8.0,Rafael Nadal; Roger Federer; Novak Djokovic; Andy Murray; Robin Soderling; Tomas Berdych; Fernando Verdasco; David Ferrer; Mikhail Youzhny; Andy Roddick
2010-10-25,9.8,8.0,9.9,3.0,3.0,0.0,26.38,23.43,170.1,8.0,Rafael Nadal; Roger Federer; Novak Djokovic; Andy Murray; Robin Soderling; Tomas Berdych; Fernando Verdasco; David Ferrer; Andy Roddick; Mikhail Youzhny
2010-11-01,9.4,7.0,10.4,3.0,3.0,0.0,26.4,23.45,171.1,8.0,Rafael Nadal; Roger Federer; Novak Djokovic; Andy Murray; Robin Soderling; Tomas Berdych; Fernando Verdasco; David Ferrer; Andy Roddick; Mikhail Youzhny
2010-11-08,9.1,7.0,10.3,3.0,3.0,0.0,26.42,23.47,172.1,8.0,Rafael Nadal; Roger Federer; Novak Djokovic; Andy Murray; Robin Soderling; Tomas Berdych; David Ferrer; Andy Roddick; Fernando Verdasco; Mikhail Youzhny
2010-11-15,9.0,7.0,10.8,3.0,4.0,0.0,26.44,23.49,173.1,8.0,Rafael Nadal; Roger Federer; Novak Djokovic; Robin Soderling; Andy Murray; Tomas Berdych; David Ferrer; Andy Roddick; Fernando Verdasco; Mikhail Youzhny
2010-11-22,9.0,7.0,10.8,3.0,4.0,0.0,26.45,23.5,174.1,8.0,Rafael Nadal; Roger Federer; Novak Djokovic; Robin Soderling; Andy Murray; Tomas Berdych; David Ferrer; Andy Roddick; Fernando Verdasco; Mikhail Youzhny
2010-11-29,9.1,7.5,10.8,3.0,4.0,0.0,26.47,23.52,175.1,8.0,Rafael Nadal; Roger Federer; Novak Djokovic; Andy Murray; Robin Soderling; Tomas Berdych; David Ferrer; Andy Roddick; Fernando Verdasco; Mikhail Youzhny
2010-12-06,9.0,7.5,10.8,3.0,4.0,0.0,26.49,23.54,176.1,8.0,Rafael Nadal; Roger Federer; Novak Djokovic; Andy Murray; Robin Soderling; Tomas Berdych; David Ferrer; Andy Roddick; Fernando Verdasco; Mikhail Youzhny
2010-12-13,9.0,7.5,10.8,3.0,4.0,0.0,26.51,23.56,177.1,8.0,Rafael Nadal; Roger Federer; Novak Djokovic; Andy Murray; Robin Soderling; Tomas Berdych; David Ferrer; Andy Roddick; Fernando Verdasco; Mikhail Youzhny
2010-12-20,9.0,7.5,10.8,3.0,4.0,0.0,26.53,23.58,178.1,8.0,Rafael Nadal; Roger Federer; Novak Djokovic; Andy Murray; Robin Soderling; Tomas Berdych; David Ferrer; Andy Roddick; Fernando Verdasco; Mikhail Youzhny
2010-12-27,9.0,7.5,10.8,3.0,4.0,0.0,26.55,23.6,179.1,8.0,Rafael Nadal; Roger Federer; Novak Djokovic; Andy Murray; Robin Soderling; Tomas Berdych; David Ferrer; Andy Roddick; Fernando Verdasco; Mikhail Youzhny
2011-01-03,9.0,7.5,10.8,3.0,4.0,0.0,26.57,23.62,180.1,8.0,Rafael Nadal; Roger Federer; Novak Djokovic; Andy Murray; Robin Soderling; Tomas Berdych; David Ferrer; Andy Roddick; Fernando Verdasco; Mikhail Youzhny
2011-01-10,9.3,7.5,11.0,3.0,4.0,0.0,26.59,23.64,181.1,8.0,Rafael Nadal; Roger Federer; Novak Djokovic; Robin Soderling; Andy Murray; Tomas Berdych; David Ferrer; Andy Roddick; Fernando Verdasco; Mikhail Youzhny
2011-01-17,9.3,7.5,10.9,3.0,4.0,0.0,26.61,23.66,182.1,8.0,Rafael Nadal; Roger Federer; Novak Djokovic; Robin Soderling; Andy Murray; Tomas Berdych; David Ferrer; Andy Roddick; Fernando Verdasco; Mikhail Youzhny
2011-01-24,9.3,7.5,10.9,3.0,4.0,0.0,26.63,23.68,183.1,8.0,Rafael Nadal; Roger Federer; Novak Djokovic; Robin Soderling; Andy Murray; Tomas Berdych; David Ferrer; Andy Roddick; Fernando Verdasco; Mikhail Youzhny
2011-01-31,11.0,7.5,12.0,4.0,4.0,1.0,26.76,23.7,181.6,8.0,Rafael Nadal; Roger Federer; Novak Djokovic; Robin Soderling; Andy Murray; David Ferrer; Tomas Berdych; Andy Roddick; Fernando Verdasco; Jurgen Melzer
2011-02-07,9.7,7.5,11.3,4.0,4.0,1.0,26.67,23.72,185.0,8.0,Rafael Nadal; Roger Federer; Novak Djokovic; Robin Soderling; Andy Murray; David Ferrer; Tomas Berdych; Andy Roddick; Fernando Verdasco; Mikhail Youzhny
2011-02-14,10.7,7.5,12.4,4.0,4.0,1.0,26.79,23.73,183.5,8.0,Rafael Nadal; Roger Federer; Novak Djokovic; Robin Soderling; Andy Murray; David Ferrer; Tomas Berdych; Andy Roddick; Fernando Verdasco; Jurgen Melzer
2011-02-21,10.8,7.5,13.6,3.0,4.0,0.0,26.81,23.75,184.5,8.0,Rafael Nadal; Roger Federer; Novak Djokovic; Robin Soderling; Andy Murray; David Ferrer; Tomas Berdych; Andy Roddick; Fernando Verdasco; Jurgen Melzer
2011-02-28,10.6,7.5,12.4,4.0,4.0,0.0,26.83,23.77,185.5,8.0,Rafael Nadal; Roger Federer; Novak Djokovic; Robin Soderling; Andy Murray; David Ferrer; Tomas Berdych; Andy Roddick; Fernando Verdasco; Jurgen Melzer
2011-03-07,10.6,7.5,12.1,4.0,4.0,0.0,26.85,23.79,186.5,8.0,Rafael Nadal; Roger Federer; Novak Djokovic; Robin Soderling; Andy Murray; David Ferrer; Tomas Berdych; Andy Roddick; Fernando Verdasco; Jurgen Melzer
2011-03-14,10.6,7.5,12.1,4.0,4.0,0.0,26.87,23.81,187.5,8.0,Rafael Nadal; Roger Federer; Novak Djokovic; Robin Soderling; Andy Murray; David Ferrer; Tomas Berdych; Andy Roddick; Fernando Verdasco; Jurgen Melzer
2011-03-21,10.2,7.5,12.8,4.0,4.0,0.0,26.89,23.83,188.5,8.0,Rafael Nadal; Novak Djokovic; Roger Federer; Robin Soderling; Andy Murray; David Ferrer; Tomas Berdych; Andy Roddick; Fernando Verdasco; Jurgen Melzer
2011-03-28,10.2,7.5,12.8,4.0,4.0,0.0,26.91,23.85,189.5,8.0,Rafael Nadal; Novak Djokovic; Roger Federer; Robin Soderling; Andy Murray; David Ferrer; Tomas Berdych; Andy Roddick; Fernando Verdasco; Jurgen Melzer
2011-04-04,10.9,10.0,10.6,5.0,4.0,1.0,26.53,23.87,148.6,8.0,Rafael Nadal; Novak Djokovic; Roger Federer; Andy Murray; Robin Soderling; David Ferrer; Tomas Berdych; Fernando Verdasco; Jurgen Melzer; Gael Monfils
2011-04-11,10.7,10.0,10.7,5.0,4.0,0.0,26.55,23.89,149.6,8.0,Rafael Nadal; Novak Djokovic; Roger Federer; Andy Murray; Robin Soderling; David Ferrer; Tomas Berdych; Fernando Verdasco; Jurgen Melzer; Gael Monfils
2011-04-18,18.3,11.0,10.3,5.0,3.0,1.0,26.76,23.91,140.2,9.0,Rafael Nadal; Novak Djokovic; Roger Federer; Andy Murray; Robin Soderling; David Ferrer; Tomas Berdych; Jurgen Melzer; Gael Monfils; Mardy Fish
2011-04-25,12.8,10.5,11.3,5.0,4.0,1.0,26.41,23.93,141.1,8.0,Rafael Nadal; Novak Djokovic; Roger Federer; Andy Murray; Robin Soderling; David Ferrer; Tomas Berdych; Jurgen Melzer; Gael Monfils; Nicolas Almagro
2011-05-02,12.9,9.5,11.7,5.0,4.0,0.0,26.43,23.95,142.1,8.0,Rafael Nadal; Novak Djokovic; Roger Federer; Andy Murray; Robin Soderling; David Ferrer; Tomas Berdych; Jurgen Melzer; Nicolas Almagro; Gael Monfils
2011-05-09,12.8,9.5,12.9,5.0,4.0,0.0,26.45,23.96,143.1,8.0,Rafael Nadal; Novak Djokovic; Roger Federer; Andy Murray; Robin Soderling; David Ferrer; Tomas Berdych; Jurgen Melzer; Gael Monfils; Nicolas Almagro
2011-05-16,18.3,9.0,13.5,5.0,4.0,1.0,26.84,23.98,143.9,9.0,Rafael Nadal; Novak Djokovic; Roger Federer; Andy Murray; Robin Soderling; Tomas Berdych; David Ferrer; Jurgen Melzer; Gael Monfils; Mardy Fish
2011-05-23,18.4,9.0,14.4,5.0,3.0,0.0,26.85,24.0,144.9,9.0,Rafael Nadal; Novak Djokovic; Roger Federer; Andy Murray; Robin Soderling; Tomas Berdych; David Ferrer; Jurgen Melzer; Gael Monfils; Mardy Fish
2011-05-30,18.4,9.0,14.7,5.0,3.0,0.0,26.87,24.02,145.9,9.0,Rafael Nadal; Novak Djokovic; Roger Federer; Andy Murray; Robin Soderling; Tomas Berdych; David Ferrer; Jurgen Melzer; Gael Monfils; Mardy Fish
2011-06-06,15.7,6.5,14.4,4.0,3.0,1.0,26.77,24.04,188.5,8.0,Rafael Nadal; Novak Djokovic; Roger Federer; Andy Murray; Robin Soderling; David Ferrer; Tomas Berdych; Gael Monfils; Mardy Fish; Andy Roddick
2011-06-13,13.7,6.5,23.7,4.0,4.0,0.0,26.78,24.06,189.5,8.0,Rafael Nadal; Novak Djokovic; Roger Federer; Andy Murray; Robin Soderling; David Ferrer; Tomas Berdych; Gael Monfils; Mardy Fish; Andy Roddick
2011-06-20,14.0,6.5,23.7,4.0,4.0,0.0,26.8,24.08,190.5,8.0,Rafael Nadal; Novak Djokovic; Roger Federer; Andy Murray; Robin Soderling; David Ferrer; Tomas Berdych; Gael Monfils; Mardy Fish; Andy Roddick
2011-06-27,14.0,6.5,22.8,4.0,4.0,0.0,26.82,24.1,191.5,8.0,Rafael Nadal; Novak Djokovic; Roger Federer; Andy Murray; Robin Soderling; David Ferrer; Tomas Berdych; Gael Monfils; Mardy Fish; Andy Roddick
2011-07-04,14.0,6.5,22.8,3.0,4.0,0.0,26.84,24.12,192.5,8.0,Novak Djokovic; Rafael Nadal; Roger Federer; Andy Murray; Robin Soderling; David Ferrer; Gael Monfils; Mardy Fish; Tomas Berdych; Andy Roddick
2011-07-11,11.0,6.5,27.4,3.0,4.0,0.0,26.86,24.14,193.5,8.0,Novak Djokovic; Rafael Nadal; Roger Federer; Andy Murray; Robin Soderling; David Ferrer; Gael Monfils; Tomas Berdych; Mardy Fish; Andy Roddick
2011-07-18,11.0,6.5,8.78,3.0,4.0,0.0,26.88,24.16,194.5,8.0,Novak Djokovic; Rafael Nadal; Roger Federer; Andy Murray; Robin Soderling; David Ferrer; Gael Monfils; Tomas Berdych; Mardy Fish; Andy Roddick
2011-07-25,10.5,6.5,7.44,4.0,4.0,1.0,26.6,24.18,151.8,8.0,Novak Djokovic; Rafael Nadal; Roger Federer; Andy Murray; Robin Soderling; David Ferrer; Gael Monfils; Tomas Berdych; Mardy Fish; Nicolas Almagro
2011-08-01,10.4,6.5,7.56,4.0,4.0,0.0,26.62,24.19,152.8,8.0,Novak Djokovic; Rafael Nadal; Roger Federer; Andy Murray; Robin Soderling; David Ferrer; Gael Monfils; Mardy Fish; Tomas Berdych; Nicolas Almagro
2011-08-08,10.2,6.0,8.33,4.0,4.0,0.0,26.64,24.21,153.8,8.0,Novak Djokovic; Rafael Nadal; Roger Federer; Andy Murray; Robin Soderling; David Ferrer; Gael Monfils; Mardy Fish; Tomas Berdych; Nicolas Almagro
2011-08-15,9.7,6.0,9.22,3.0,3.0,1.0,26.69,24.23,161.5,8.0,Novak Djokovic; Rafael Nadal; Roger Federer; Andy Murray; Robin Soderling; David Ferrer; Mardy Fish; Gael Monfils; Tomas Berdych; Jo-Wilfried Tsonga
2011-08-22,9.0,6.0,11.0,4.0,4.0,1.0,26.68,24.25,155.7,8.0,Novak Djokovic; Rafael Nadal; Roger Federer; Andy Murray; David Ferrer; Robin Soderling; Gael Monfils; Mardy Fish; Tomas Berdych; Nicolas Almagro
2011-08-29,9.0,6.0,11.11,4.0,4.0,0.0,26.7,24.27,156.7,8.0,Novak Djokovic; Rafael Nadal; Roger Federer; Andy Murray; David Ferrer; Robin Soderling; Gael Monfils; Mardy Fish; Tomas Berdych; Nicolas Almagro
2011-09-05,9.0,6.0,11.11,4.0,4.0,0.0,26.72,24.29,157.7,8.0,Novak Djokovic; Rafael Nadal; Roger Federer; Andy Murray; David Ferrer; Robin Soderling; Gael Monfils; Mardy Fish; Tomas Berdych; Nicolas Almagro
2011-09-12,7.8,6.0,10.44,3.0,3.0,1.0,26.77,24.31,165.2,8.0,Novak Djokovic; Rafael Nadal; Roger Federer; Andy Murray; David Ferrer; Robin Soderling; Gael Monfils; Mardy Fish; Tomas Berdych; Jo-Wilfried Tsonga
2011-09-19,7.9,6.0,10.44,4.0,3.0,0.0,26.79,24.33,166.2,8.0,Novak Djokovic; Rafael Nadal; Roger Federer; Andy Murray; David Ferrer; Robin Soderling; Mardy Fish; Gael Monfils; Tomas Berdych; Jo-Wilfried Tsonga
2011-09-26,7.9,6.0,10.56,4.0,3.0,0.0,26.81,24.35,167.2,8.0,Novak Djokovic; Rafael Nadal; Roger Federer; Andy Murray; David Ferrer; Robin Soderling; Jo-Wilfried Tsonga; Mardy Fish; Gael Monfils; Tomas Berdych
2011-10-03,7.9,6.0,10.44,4.0,3.0,0.0,26.83,24.37,168.2,8.0,Novak Djokovic; Rafael Nadal; Roger Federer; Andy Murray; David Ferrer; Robin Soderling; Jo-Wilfried Tsonga; Mardy Fish; Gael Monfils; Tomas Berdych
2011-10-10,7.8,6.0,11.78,3.0,3.0,0.0,26.85,24.39,169.2,8.0,Novak Djokovic; Rafael Nadal; Roger Federer; Andy Murray; David Ferrer; Robin Soderling; Tomas Berdych; Jo-Wilfried Tsonga; Mardy Fish; Gael Monfils
2011-10-17,7.5,5.5,11.22,3.0,3.0,0.0,26.87,24.41,170.2,8.0,Novak Djokovic; Rafael Nadal; Andy Murray; Roger Federer; David Ferrer; Robin Soderling; Tomas Berdych; Mardy Fish; Jo-Wilfried Tsonga; Gael Monfils
2011-10-24,7.5,5.5,13.56,3.0,3.0,0.0,26.89,24.42,171.2,8.0,Novak Djokovic; Rafael Nadal; Andy Murray; Roger Federer; David Ferrer; Robin Soderling; Tomas Berdych; Mardy Fish; Jo-Wilfried Tsonga; Gael Monfils
2011-10-31,7.4,5.5,16.33,3.0,3.0,0.0,26.9,24.44,172.2,8.0,Novak Djokovic; Rafael Nadal; Andy Murray; Roger Federer; David Ferrer; Robin Soderling; Tomas Berdych; Jo-Wilfried Tsonga; Mardy Fish; Gael Monfils
2011-11-07,7.3,5.5,14.44,3.0,3.0,0.0,26.92,24.46,173.2,8.0,Novak Djokovic; Rafael Nadal; Andy Murray; Roger Federer; David Ferrer; Robin Soderling; Tomas Berdych; Jo-Wilfried Tsonga; Mardy Fish; Gael Monfils
2011-11-14,11.7,6.5,7.6,4.0,2.0,2.0,27.06,24.48,159.7,7.0,Novak Djokovic; Rafael Nadal; Andy Murray; Roger Federer; David Ferrer; Jo-Wilfried Tsonga; Tomas Berdych; Mardy Fish; Janko Tipsarevic; Nicolas Almagro
2011-11-21,11.7,6.5,7.6,4.0,2.0,0.0,27.08,24.5,160.7,7.0,Novak Djokovic; Rafael Nadal; Andy Murray; Roger Federer; David Ferrer; Jo-Wilfried Tsonga; Tomas Berdych; Mardy Fish; Janko Tipsarevic; Nicolas Almagro
2011-11-28,11.6,6.5,7.6,4.0,2.0,0.0,27.1,24.52,161.7,7.0,Novak Djokovic; Rafael Nadal; Roger Federer; Andy Murray; David Ferrer; Jo-Wilfried Tsonga; Tomas Berdych; Mardy Fish; Janko Tipsarevic; Nicolas Almagro
2011-12-05,11.6,6.5,7.6,4.0,2.0,0.0,27.12,24.54,162.7,7.0,Novak Djokovic; Rafael Nadal; Roger Federer; Andy Murray; David Ferrer; Jo-Wilfried Tsonga; Tomas Berdych; Mardy Fish; Janko Tipsarevic; Nicolas Almagro
2011-12-12,11.6,6.5,7.6,4.0,2.0,0.0,27.14,24.56,163.7,7.0,Novak Djokovic; Rafael Nadal; Roger Federer; Andy Murray; David Ferrer; Jo-Wilfried Tsonga; Tomas Berdych; Mardy Fish; Janko Tipsarevic; Nicolas Almagro
2011-12-19,11.6,6.5,7.6,4.0,2.0,0.0,27.16,24.58,164.7,7.0,Novak Djokovic; Rafael Nadal; Roger Federer; Andy Murray; David Ferrer; Jo-Wilfried Tsonga; Tomas Berdych; Mardy Fish; Janko Tipsarevic; Nicolas Almagro
2011-12-26,11.6,6.5,7.6,4.0,2.0,0.0,27.18,24.6,165.7,7.0,Novak Djokovic; Rafael Nadal; Roger Federer; Andy Murray; David Ferrer; Jo-Wilfried Tsonga; Tomas Berdych; Mardy Fish; Janko Tipsarevic; Nicolas Almagro
2012-01-02,11.6,6.5,7.6,4.0,2.0,0.0,27.19,24.62,166.7,7.0,Novak Djokovic; Rafael Nadal; Roger Federer; Andy Murray; David Ferrer; Jo-Wilfried Tsonga; Tomas Berdych; Mardy Fish; Janko Tipsarevic; Nicolas Almagro
2012-01-09,11.5,6.5,7.6,4.0,2.0,0.0,27.21,24.64,167.7,7.0,Novak Djokovic; Rafael Nadal; Roger Federer; Andy Murray; David Ferrer; Jo-Wilfried Tsonga; Tomas Berdych; Mardy Fish; Janko Tipsarevic; Nicolas Almagro
2012-01-16,11.7,6.5,7.6,4.0,2.0,0.0,27.23,24.65,168.7,7.0,Novak Djokovic; Rafael Nadal; Roger Federer; Andy Murray; David Ferrer; Jo-Wilfried Tsonga; Tomas Berdych; Mardy Fish; Janko Tipsarevic; Nicolas Almagro
2012-01-23,11.7,6.5,7.6,4.0,2.0,0.0,27.25,24.67,169.7,7.0,Novak Djokovic; Rafael Nadal; Roger Federer; Andy Murray; David Ferrer; Jo-Wilfried Tsonga; Tomas Berdych; Mardy Fish; Janko Tipsarevic; Nicolas Almagro
2012-01-30,59.4,6.5,7.6,4.0,1.0,1.0,26.96,23.35,178.8,8.0,Novak Djokovic; Rafael Nadal; Roger Federer; Andy Murray; David Ferrer; Jo-Wilfried Tsonga; Tomas Berdych; Mardy Fish; Janko Tipsarevic; Juan Martin del Potro
2012-02-06,59.4,6.5,7.5,4.0,1.0,0.0,26.98,23.37,179.8,8.0,Novak Djokovic; Rafael Nadal; Roger Federer; Andy Murray; David Ferrer; Jo-Wilfried Tsonga; Tomas Berdych; Mardy Fish; Janko Tipsarevic; Juan Martin del Potro
2012-02-13,40.6,6.5,7.7,4.0,1.0,0.0,27.0,23.39,180.8,8.0,Novak Djokovic; Rafael Nadal; Roger Federer; Andy Murray; David Ferrer; Jo-Wilfried Tsonga; Tomas Berdych; Mardy Fish; Janko Tipsarevic; Juan Martin del Potro
2012-02-20,27.5,6.5,7.8,4.0,1.0,0.0,27.02,23.41,181.8,8.0,Novak Djokovic; Rafael Nadal; Roger Federer; Andy Murray; David Ferrer; Jo-Wilfried Tsonga; Tomas Berdych; Mardy Fish; Janko Tipsarevic; Juan Martin del Potro
2012-02-27,19.0,6.5,7.7,4.0,1.0,0.0,27.04,23.43,182.8,8.0,Novak Djokovic; Rafael Nadal; Roger Federer; Andy Murray; Jo-Wilfried Tsonga; David Ferrer; Tomas Berdych; Mardy Fish; Janko Tipsarevic; Juan Martin del Potro
2012-03-05,19.1,6.5,7.7,4.0,1.0,0.0,27.06,23.45,183.8,8.0,Novak Djokovic; Rafael Nadal; Roger Federer; Andy Murray; David Ferrer; Jo-Wilfried Tsonga; Tomas Berdych; Mardy Fish; Juan Martin del Potro; Janko Tipsarevic
2012-03-12,19.1,6.5,7.7,4.0,1.0,0.0,27.08,23.47,184.8,8.0,Novak Djokovic; Rafael Nadal; Roger Federer; Andy Murray; David Ferrer; Jo-Wilfried Tsonga; Tomas Berdych; Mardy Fish; Juan Martin del Potro; Janko Tipsarevic
2012-03-19,13.2,6.5,9.4,4.0,2.0,1.0,27.44,24.83,175.0,7.0,Novak Djokovic; Rafael Nadal; Roger Federer; Andy Murray; David Ferrer; Jo-Wilfried Tsonga; Tomas Berdych; Mardy Fish; Janko Tipsarevic; John Isner
2012-03-26,13.2,6.5,9.4,4.0,2.0,0.0,27.46,24.85,176.0,7.0,Novak Djokovic; Rafael Nadal; Roger Federer; Andy Murray; David Ferrer; Jo-Wilfried Tsonga; Tomas Berdych; Mardy Fish; Janko Tipsarevic; John Isner
2012-04-02,13.4,6.5,8.8,4.0,1.0,1.0,27.13,23.52,187.6,8.0,Novak Djokovic; Rafael Nadal; Roger Federer; Andy Murray; David Ferrer; Jo-Wilfried Tsonga; Tomas Berdych; Janko Tipsarevic; Mardy Fish; Juan Martin del Potro
2012-04-09,11.6,6.5,10.4,4.0,2.0,1.0,27.5,24.88,177.9,7.0,Novak Djokovic; Rafael Nadal; Roger Federer; Andy Murray; Jo-Wilfried Tsonga; David Ferrer; Tomas Berdych; Janko Tipsarevic; Mardy Fish; John Isner
2012-04-16,11.6,6.5,10.4,3.0,2.0,0.0,27.51,24.9,178.9,7.0,Novak Djokovic; Rafael Nadal; Roger Federer; Andy Murray; Jo-Wilfried Tsonga; David Ferrer; Tomas Berdych; Janko Tipsarevic; John Isner; Mardy Fish
2012-04-23,13.4,6.5,8.8,4.0,1.0,1.0,27.19,23.58,190.4,8.0,Novak Djokovic; Rafael Nadal; Roger Federer; Andy Murray; Jo-Wilfried Tsonga; David Ferrer; Tomas Berdych; Janko Tipsarevic; Mardy Fish; Juan Martin del Potro
2012-04-30,12.3,6.5,10.5,4.0,2.0,1.0,27.55,24.94,180.8,7.0,Novak Djokovic; Rafael Nadal; Roger Federer; Andy Murray; Jo-Wilfried Tsonga; David Ferrer; Tomas Berdych; Janko Tipsarevic; Mardy Fish; John Isner
2012-05-07,12.0,6.5,10.2,4.0,2.0,0.0,27.57,24.96,181.8,7.0,Novak Djokovic; Rafael Nadal; Roger Federer; Andy Murray; Jo-Wilfried Tsonga; David Ferrer; Tomas Berdych; Janko Tipsarevic; Mardy Fish; John Isner
2012-05-14,13.9,6.5,6.7,4.0,2.0,1.0,26.91,23.64,188.5,8.0,Novak Djokovic; Roger Federer; Rafael Nadal; Andy Murray; Jo-Wilfried Tsonga; David Ferrer; Tomas Berdych; Janko Tipsarevic; Juan Martin del Potro; John Isner
2012-05-21,10.8,6.5,8.7,3.0,1.0,1.0,27.27,23.66,194.1,8.0,Novak Djokovic; Rafael Nadal; Roger Federer; Andy Murray; Jo-Wilfried Tsonga; David Ferrer; Tomas Berdych; Janko Tipsarevic; Juan Martin del Potro; Mardy Fish
2012-05-28,10.8,6.5,8.9,3.0,2.0,0.0,27.29,23.68,195.1,8.0,Novak Djokovic; Rafael Nadal; Roger Federer; Andy Murray; Jo-Wilfried Tsonga; David Ferrer; Tomas Berdych; Janko Tipsarevic; Juan Martin del Potro; Mardy Fish
2012-06-04,10.4,6.5,8.9,3.0,2.0,0.0,27.31,23.7,196.1,8.0,Novak Djokovic; Rafael Nadal; Roger Federer; Andy Murray; Jo-Wilfried Tsonga; David Ferrer; Tomas Berdych; Janko Tipsarevic; Juan Martin del Potro; Mardy Fish
2012-06-11,14.0,6.5,7.1,4.0,2.0,1.0,26.99,23.72,192.2,8.0,Novak Djokovic; Rafael Nadal; Roger Federer; Andy Murray; Jo-Wilfried Tsonga; David Ferrer; Tomas Berdych; Janko Tipsarevic; Juan Martin del Potro; John Isner
2012-06-18,13.9,6.5,7.1,4.0,2.0,0.0,27.01,23.73,193.2,8.0,Novak Djokovic; Rafael Nadal; Roger Federer; Andy Murray; Jo-Wilfried Tsonga; David Ferrer; Tomas Berdych; Janko Tipsarevic; Juan Martin del Potro; John Isner
2012-06-25,13.9,6.5,7.1,4.0,2.0,0.0,27.03,23.75,194.2,8.0,Novak Djokovic; Rafael Nadal; Roger Federer; Andy Murray; David Ferrer; Jo-Wilfried Tsonga; Tomas Berdych; Janko Tipsarevic; Juan Martin del Potro; John Isner
2012-07-02,13.3,7.5,7.1,4.0,2.0,0.0,27.05,23.77,195.2,8.0,Novak Djokovic; Rafael Nadal; Roger Federer; Andy Murray; David Ferrer; Jo-Wilfried Tsonga; Tomas Berdych; Janko Tipsarevic; Juan Martin del Potro; John Isner
2012-07-09,9.5,7.0,6.6,4.0,2.0,1.0,27.03,23.79,197.1,7.0,Roger Federer; Novak Djokovic; Rafael Nadal; Andy Murray; David Ferrer; Jo-Wilfried Tsonga; Tomas Berdych; Janko Tipsarevic; Juan Martin del Potro; Nicolas Almagro
2012-07-16,9.5,7.0,6.7,4.0,2.0,0.0,27.05,23.81,198.1,7.0,Roger Federer; Novak Djokovic; Rafael Nadal; Andy Murray; David Ferrer; Jo-Wilfried Tsonga; Tomas Berdych; Janko Tipsarevic; Juan Martin del Potro; Nicolas Almagro
2012-07-23,12.1,7.0,8.4,4.0,2.0,1.0,27.21,23.83,196.9,7.0,Roger Federer; Novak Djokovic; Rafael Nadal; Andy Murray; David Ferrer; Jo-Wilfried Tsonga; Tomas Berdych; Janko Tipsarevic; Juan Martin del Potro; Juan Monaco
2012-07-30,12.6,7.5,8.6,4.0,2.0,0.0,27.23,23.85,197.9,7.0,Roger Federer; Novak Djokovic; Rafael Nadal; Andy Murray; David Ferrer; Jo-Wilfried Tsonga; Tomas Berdych; Janko Tipsarevic; Juan Martin del Potro; Juan Monaco
2012-08-06,12.3,7.5,8.5,4.0,2.0,0.0,27.25,23.87,198.9,7.0,Roger Federer; Novak Djokovic; Rafael Nadal; Andy Murray; David Ferrer; Jo-Wilfried Tsonga; Tomas Berdych; Juan Martin del Potro; Janko Tipsarevic; Juan Monaco
2012-08-13,10.1,7.5,7.8,3.0,2.0,1.0,27.16,23.89,200.7,8.0,Roger Federer; Novak Djokovic; Rafael Nadal; Andy Murray; David Ferrer; Jo-Wilfried Tsonga; Tomas Berdych; Janko Tipsarevic; Juan Martin del Potro; John Isner
2012-08-20,10.1,7.0,7.1,4.0,2.0,0.0,27.18,23.91,201.7,8.0,Roger Federer; Novak Djokovic; Rafael Nadal; Andy Murray; David Ferrer; Jo-Wilfried Tsonga; Tomas Berdych; Juan Martin del Potro; Janko Tipsarevic; John Isner
2012-08-27,9.5,7.0,7.4,4.0,2.0,0.0,27.2,23.93,202.7,8.0,Roger Federer; Novak Djokovic; Rafael Nadal; Andy Murray; David Ferrer; Jo-Wilfried Tsonga; Tomas Berdych; Juan Martin del Potro; Janko Tipsarevic; John Isner
2012-09-03,9.5,7.0,7.4,4.0,2.0,0.0,27.22,23.95,203.7,8.0,Roger Federer; Novak Djokovic; Rafael Nadal; Andy Murray; David Ferrer; Jo-Wilfried Tsonga; Tomas Berdych; Juan Martin del Potro; Janko Tipsarevic; John Isner
2012-09-10,8.2,7.0,7.4,3.0,2.0,0.0,27.24,23.96,204.7,8.0,Roger Federer; Novak Djokovic; Andy Murray; Rafael Nadal; David Ferrer; Tomas Berdych; Jo-Wilfried Tsonga; Juan Martin del Potro; Janko Tipsarevic; John Isner
2012-09-17,8.2,7.0,7.4,3.0,2.0,0.0,27.26,23.98,205.7,8.0,Roger Federer; Novak Djokovic; Andy Murray; Rafael Nadal; David Ferrer; Tomas Berdych; Jo-Wilfried Tsonga; Juan Martin del Potro; Janko Tipsarevic; John Isner
2012-09-24,8.0,6.0,7.5,3.0,2.0,0.0,27.28,24.0,206.7,8.0,Roger Federer; Novak Djokovic; Andy Murray; Rafael Nadal; David Ferrer; Tomas Berdych; Jo-Wilfried Tsonga; Juan Martin del Potro; Janko Tipsarevic; John Isner
2012-10-01,8.6,6.0,9.5,3.0,2.0,1.0,27.4,24.02,206.2,7.0,Roger Federer; Novak Djokovic; Andy Murray; Rafael Nadal; David Ferrer; Tomas Berdych; Jo-Wilfried Tsonga; Juan Martin del Potro; Janko Tipsarevic; Juan Monaco
2012-10-08,8.4,6.0,9.6,3.0,2.0,0.0,27.42,24.04,207.2,7.0,Roger Federer; Novak Djokovic; Andy Murray; Rafael Nadal; David Ferrer; Jo-Wilfried Tsonga; Tomas Berdych; Juan Martin del Potro; Janko Tipsarevic; Juan Monaco
2012-10-15,10.3,6.0,10.0,3.0,2.0,0.0,27.44,24.06,208.2,7.0,Roger Federer; Novak Djokovic; Andy Murray; Rafael Nadal; David Ferrer; Tomas Berdych; Jo-Wilfried Tsonga; Juan Martin del Potro; Janko Tipsarevic; Juan Monaco
2012-10-22,10.0,6.0,10.2,3.0,2.0,0.0,27.46,24.08,209.2,7.0,Roger Federer; Novak Djokovic; Andy Murray; Rafael Nadal; David Ferrer; Tomas Berdych; Jo-Wilfried Tsonga; Juan Martin del Potro; Janko Tipsarevic; Juan Monaco
2012-10-29,9.8,6.0,10.5,3.0,2.0,0.0,27.48,24.1,210.2,7.0,Roger Federer; Novak Djokovic; Andy Murray; Rafael Nadal; David Ferrer; Tomas Berdych; Jo-Wilfried Tsonga; Juan Martin del Potro; Janko Tipsarevic; Juan Monaco
2012-11-05,7.5,6.0,8.3,3.0,1.0,1.0,27.28,24.12,214.4,7.0,Novak Djokovic; Roger Federer; Andy Murray; Rafael Nadal; David Ferrer; Tomas Berdych; Juan Martin del Potro; Jo-Wilfried Tsonga; Janko Tipsarevic; Richard Gasquet
2012-11-12,6.7,5.5,8.3,2.0,1.0,0.0,27.3,24.14,215.4,7.0,Novak Djokovic; Roger Federer; Andy Murray; Rafael Nadal; David Ferrer; Tomas Berdych; Juan Martin del Potro; Jo-Wilfried Tsonga; Janko Tipsarevic; Richard Gasquet
2012-11-19,6.7,5.5,8.3,2.0,1.0,0.0,27.31,24.16,216.4,7.0,Novak Djokovic; Roger Federer; Andy Murray; Rafael Nadal; David Ferrer; Tomas Berdych; Juan Martin del Potro; Jo-Wilfried Tsonga; Janko Tipsarevic; Richard Gasquet
2012-11-26,6.7,5.5,8.3,2.0,1.0,0.0,27.33,24.18,217.4,7.0,Novak Djokovic; Roger Federer; Andy Murray; Rafael Nadal; David Ferrer; Tomas Berdych; Juan Martin del Potro; Jo-Wilfried Tsonga; Janko Tipsarevic; Richard Gasquet
2012-12-03,6.7,5.5,8.3,2.0,1.0,0.0,27.35,24.19,218.4,7.0,Novak Djokovic; Roger Federer; Andy Murray; Rafael Nadal; David Ferrer; Tomas Berdych; Juan Martin del Potro; Jo-Wilfried Tsonga; Janko Tipsarevic; Richard Gasquet
2012-12-10,6.7,5.5,8.3,2.0,1.0,0.0,27.37,24.21,219.4,7.0,Novak Djokovic; Roger Federer; Andy Murray; Rafael Nadal; David Ferrer; Tomas Berdych; Juan Martin del Potro; Jo-Wilfried Tsonga; Janko Tipsarevic; Richard Gasquet
2012-12-17,6.7,5.5,8.3,2.0,1.0,0.0,27.39,24.23,220.4,7.0,Novak Djokovic; Roger Federer; Andy Murray; Rafael Nadal; David Ferrer; Tomas Berdych; Juan Martin del Potro; Jo-Wilfried Tsonga; Janko Tipsarevic; Richard Gasquet
2012-12-24,6.7,5.5,8.3,2.0,1.0,0.0,27.41,24.25,221.4,7.0,Novak Djokovic; Roger Federer; Andy Murray; Rafael Nadal; David Ferrer; Tomas Berdych; Juan Martin del Potro; Jo-Wilfried Tsonga; Janko Tipsarevic; Richard Gasquet
2012-12-31,6.7,5.5,8.3,2.0,1.0,0.0,27.43,24.27,222.4,7.0,Novak Djokovic; Roger Federer; Andy Murray; Rafael Nadal; David Ferrer; Tomas Berdych; Juan Martin del Potro; Jo-Wilfried Tsonga; Janko Tipsarevic; Richard Gasquet
2013-01-07,6.6,5.5,10.0,2.0,1.0,0.0,27.45,24.29,223.4,7.0,Novak Djokovic; Roger Federer; Andy Murray; Rafael Nadal; David Ferrer; Tomas Berdych; Juan Martin del Potro; Jo-Wilfried Tsonga; Janko Tipsarevic; Richard Gasquet
2013-01-14,6.6,5.5,9.9,2.0,1.0,0.0,27.47,24.31,224.4,7.0,Novak Djokovic; Roger Federer; Andy Murray; Rafael Nadal; David Ferrer; Tomas Berdych; Juan Martin del Potro; Jo-Wilfried Tsonga; Janko Tipsarevic; Richard Gasquet
2013-01-21,6.6,5.5,9.9,2.0,1.0,0.0,27.49,24.33,225.4,7.0,Novak Djokovic; Roger Federer; Andy Murray; Rafael Nadal; David Ferrer; Tomas Berdych; Juan Martin del Potro; Jo-Wilfried Tsonga; Janko Tipsarevic; Richard Gasquet
2013-01-28,6.3,5.5,12.1,1.0,1.0,0.0,27.51,24.35,226.4,7.0,Novak Djokovic; Roger Federer; Andy Murray; David Ferrer; Rafael Nadal; Tomas Berdych; Juan Martin del Potro; Jo-Wilfried Tsonga; Janko Tipsarevic; Richard Gasquet
2013-02-04,6.3,5.5,12.1,1.0,1.0,0.0,27.53,24.37,227.4,7.0,Novak Djokovic; Roger Federer; Andy Murray; David Ferrer; Rafael Nadal; Tomas Berdych; Juan Martin del Potro; Jo-Wilfried Tsonga; Janko Tipsarevic; Richard Gasquet
2013-02-11,6.3,5.5,12.4,1.0,1.0,0.0,27.54,24.39,228.4,7.0,Novak Djokovic; Roger Federer; Andy Murray; David Ferrer; Rafael Nadal; Tomas Berdych; Juan Martin del Potro; Jo-Wilfried Tsonga; Janko Tipsarevic; Richard Gasquet
2013-02-18,6.2,5.5,12.3,1.0,1.0,0.0,27.56,24.41,229.4,7.0,Novak Djokovic; Roger Federer; Andy Murray; David Ferrer; Rafael Nadal; Tomas Berdych; Juan Martin del Potro; Jo-Wilfried Tsonga; Janko Tipsarevic; Richard Gasquet
2013-02-25,6.3,5.5,12.2,1.0,1.0,0.0,27.58,24.42,230.4,7.0,Novak Djokovic; Roger Federer; Andy Murray; David Ferrer; Rafael Nadal; Tomas Berdych; Juan Martin del Potro; Jo-Wilfried Tsonga; Janko Tipsarevic; Richard Gasquet
2013-03-04,6.3,5.5,12.0,1.0,1.0,0.0,27.6,24.44,231.4,7.0,Novak Djokovic; Roger Federer; Andy Murray; David Ferrer; Rafael Nadal; Tomas Berdych; Juan Martin del Potro; Jo-Wilfried Tsonga; Janko Tipsarevic; Richard Gasquet
2013-03-11,6.3,5.5,12.0,1.0,1.0,0.0,27.62,24.46,232.4,7.0,Novak Djokovic; Roger Federer; Andy Murray; David Ferrer; Rafael Nadal; Tomas Berdych; Juan Martin del Potro; Jo-Wilfried Tsonga; Janko Tipsarevic; Richard Gasquet
2013-03-18,6.5,5.5,12.2,2.0,2.0,0.0,27.64,24.48,233.4,7.0,Novak Djokovic; Roger Federer; Andy Murray; Rafael Nadal; David Ferrer; Tomas Berdych; Juan Martin del Potro; Jo-Wilfried Tsonga; Janko Tipsarevic; Richard Gasquet
2013-03-25,6.5,5.5,12.2,2.0,2.0,0.0,27.66,24.5,234.4,7.0,Novak Djokovic; Roger Federer; Andy Murray; Rafael Nadal; David Ferrer; Tomas Berdych; Juan Martin del Potro; Jo-Wilfried Tsonga; Janko Tipsarevic; Richard Gasquet
2013-04-01,6.4,5.5,14.6,1.0,3.0,0.0,27.68,24.52,235.4,7.0,Novak Djokovic; Andy Murray; Roger Federer; David Ferrer; Rafael Nadal; Tomas Berdych; Juan Martin del Potro; Jo-Wilfried Tsonga; Richard Gasquet; Janko Tipsarevic
2013-04-08,6.4,5.5,14.5,2.0,2.0,0.0,27.7,24.54,236.4,7.0,Novak Djokovic; Andy Murray; Roger Federer; David Ferrer; Rafael Nadal; Tomas Berdych; Juan Martin del Potro; Jo-Wilfried Tsonga; Richard Gasquet; Janko Tipsarevic
2013-04-15,6.5,5.5,14.4,2.0,2.0,0.0,27.72,24.56,237.4,7.0,Novak Djokovic; Andy Murray; Roger Federer; David Ferrer; Rafael Nadal; Tomas Berdych; Juan Martin del Potro; Jo-Wilfried Tsonga; Richard Gasquet; Janko Tipsarevic
2013-04-22,6.4,5.5,15.0,1.0,3.0,0.0,27.74,24.58,238.4,7.0,Novak Djokovic; Roger Federer; Andy Murray; David Ferrer; Rafael Nadal; Tomas Berdych; Juan Martin del Potro; Jo-Wilfried Tsonga; Richard Gasquet; Janko Tipsarevic
2013-04-29,6.6,5.5,16.2,2.0,3.0,0.0,27.76,24.6,239.4,7.0,Novak Djokovic; Roger Federer; Andy Murray; David Ferrer; Rafael Nadal; Tomas Berdych; Juan Martin del Potro; Jo-Wilfried Tsonga; Richard Gasquet; Janko Tipsarevic
2013-05-06,6.5,5.5,17.3,2.0,3.0,0.0,27.77,24.62,240.4,7.0,Novak Djokovic; Roger Federer; Andy Murray; David Ferrer; Rafael Nadal; Tomas Berdych; Juan Martin del Potro; Jo-Wilfried Tsonga; Richard Gasquet; Janko Tipsarevic
2013-05-13,7.9,5.5,6.1,2.0,2.0,1.0,27.72,24.64,235.8,7.0,Novak Djokovic; Andy Murray; Roger Federer; David Ferrer; Rafael Nadal; Tomas Berdych; Juan Martin del Potro; Jo-Wilfried Tsonga; Richard Gasquet; Stan Wawrinka
2013-05-20,6.5,5.5,17.8,1.0,3.0,1.0,27.81,24.65,242.3,7.0,Novak Djokovic; Andy Murray; Roger Federer; Rafael Nadal; David Ferrer; Tomas Berdych; Juan Martin del Potro; Jo-Wilfried Tsonga; Richard Gasquet; Janko Tipsarevic
2013-05-27,7.8,5.5,6.3,2.0,2.0,1.0,27.76,24.67,237.7,7.0,Novak Djokovic; Andy Murray; Roger Federer; Rafael Nadal; David Ferrer; Tomas Berdych; Juan Martin del Potro; Jo-Wilfried Tsonga; Richard Gasquet; Stan Wawrinka
2013-06-03,7.8,5.5,6.3,2.0,2.0,0.0,27.78,24.69,238.7,7.0,Novak Djokovic; Andy Murray; Roger Federer; Rafael Nadal; David Ferrer; Tomas Berdych; Juan Martin del Potro; Jo-Wilfried Tsonga; Richard Gasquet; Stan Wawrinka
2013-06-10,7.9,5.5,6.7,2.0,2.0,0.0,27.79,24.71,239.7,7.0,Novak Djokovic; Andy Murray; Roger Federer; David Ferrer; Rafael Nadal; Tomas Berdych; Jo-Wilfried Tsonga; Juan Martin del Potro; Richard Gasquet; Stan Wawrinka
2013-06-17,8.0,5.5,6.7,2.0,2.0,0.0,27.81,24.73,240.7,7.0,Novak Djokovic; Andy Murray; Roger Federer; David Ferrer; Rafael Nadal; Tomas Berdych; Jo-Wilfried Tsonga; Juan Martin del Potro; Richard Gasquet; Stan Wawrinka
2013-06-24,8.0,5.5,6.7,2.0,2.0,0.0,27.83,24.75,241.7,7.0,Novak Djokovic; Andy Murray; Roger Federer; David Ferrer; Rafael Nadal; Tomas Berdych; Jo-Wilfried Tsonga; Juan Martin del Potro; Richard Gasquet; Stan Wawrinka
2013-07-01,8.0,5.5,6.7,2.0,2.0,0.0,27.85,24.77,242.7,7.0,Novak Djokovic; Andy Murray; Roger Federer; David Ferrer; Rafael Nadal; Tomas Berdych; Jo-Wilfried Tsonga; Juan Martin del Potro; Richard Gasquet; Stan Wawrinka
2013-07-08,8.2,5.5,7.0,2.0,2.0,0.0,27.87,24.79,243.7,7.0,Novak Djokovic; Andy Murray; David Ferrer; Rafael Nadal; Roger Federer; Tomas Berdych; Juan Martin del Potro; Jo-Wilfried Tsonga; Richard Gasquet; Stan Wawrinka
2013-07-15,8.3,5.5,7.0,2.0,2.0,0.0,27.89,24.81,244.7,7.0,Novak Djokovic; Andy Murray; David Ferrer; Rafael Nadal; Roger Federer; Tomas Berdych; Juan Martin del Potro; Jo-Wilfried Tsonga; Richard Gasquet; Stan Wawrinka
2013-07-22,8.4,5.5,6.8,2.0,2.0,0.0,27.91,24.83,245.7,7.0,Novak Djokovic; Andy Murray; David Ferrer; Rafael Nadal; Roger Federer; Tomas Berdych; Juan Martin del Potro; Jo-Wilfried Tsonga; Richard Gasquet; Stan Wawrinka
2013-07-29,8.1,5.5,6.8,2.0,2.0,0.0,27.93,24.85,246.7,7.0,Novak Djokovic; Andy Murray; David Ferrer; Rafael Nadal; Roger Federer; Tomas Berdych; Juan Martin del Potro; Jo-Wilfried Tsonga; Richard Gasquet; Stan Wawrinka
2013-08-05,7.9,5.5,6.9,2.0,2.0,0.0,27.95,24.87,247.7,7.0,Novak Djokovic; Andy Murray; David Ferrer; Rafael Nadal; Roger Federer; Tomas Berdych; Juan Martin del Potro; Jo-Wilfried Tsonga; Richard Gasquet; Stan Wawrinka
2013-08-12,8.2,5.5,5.8,2.0,1.0,1.0,27.51,22.63,240.7,8.0,Novak Djokovic; Andy Murray; Rafael Nadal; David Ferrer; Roger Federer; Tomas Berdych; Juan Martin del Potro; Jo-Wilfried Tsonga; Stan Wawrinka; Milos Raonic
2013-08-19,6.9,5.5,6.8,2.0,2.0,1.0,27.99,24.9,249.6,7.0,Novak Djokovic; Rafael Nadal; Andy Murray; David Ferrer; Tomas Berdych; Juan Martin del Potro; Roger Federer; Jo-Wilfried Tsonga; Richard Gasquet; Stan Wawrinka
2013-08-26,6.9,5.5,6.8,2.0,2.0,0.0,28.01,24.92,250.6,7.0,Novak Djokovic; Rafael Nadal; Andy Murray; David Ferrer; Tomas Berdych; Juan Martin del Potro; Roger Federer; Jo-Wilfried Tsonga; Richard Gasquet; Stan Wawrinka
2013-09-02,6.9,5.5,6.8,2.0,2.0,0.0,28.02,24.94,251.6,7.0,Novak Djokovic; Rafael Nadal; Andy Murray; David Ferrer; Tomas Berdych; Juan Martin del Potro; Roger Federer; Jo-Wilfried Tsonga; Richard Gasquet; Stan Wawrinka
2013-09-09,6.7,5.5,7.9,2.0,4.0,0.0,28.04,24.96,252.6,7.0,Novak Djokovic; Rafael Nadal; Andy Murray; David Ferrer; Tomas Berdych; Roger Federer; Juan Martin del Potro; Jo-Wilfried Tsonga; Richard Gasquet; Stan Wawrinka
2013-09-16,6.6,5.5,8.0,2.0,4.0,0.0,28.06,24.98,253.6,7.0,Novak Djokovic; Rafael Nadal; Andy Murray; David Ferrer; Roger Federer; Tomas Berdych; Juan Martin del Potro; Jo-Wilfried Tsonga; Richard Gasquet; Stan Wawrinka
2013-09-23,6.6,5.5,8.0,2.0,4.0,0.0,28.08,25.0,254.6,7.0,Novak Djokovic; Rafael Nadal; Andy Murray; David Ferrer; Roger Federer; Tomas Berdych; Juan Martin del Potro; Jo-Wilfried Tsonga; Richard Gasquet; Stan Wawrinka
2013-09-30,6.6,5.5,8.0,2.0,4.0,0.0,28.1,25.02,255.6,7.0,Novak Djokovic; Rafael Nadal; Andy Murray; David Ferrer; Tomas Berdych; Roger Federer; Juan Martin del Potro; Jo-Wilfried Tsonga; Stan Wawrinka; Richard Gasquet
2013-10-07,6.6,5.5,8.6,2.0,4.0,0.0,28.12,25.04,256.6,7.0,Rafael Nadal; Novak Djokovic; Andy Murray; David Ferrer; Juan Martin del Potro; Tomas Berdych; Roger Federer; Stan Wawrinka; Jo-Wilfried Tsonga; Richard Gasquet
2013-10-14,6.6,5.5,9.6,2.0,4.0,0.0,28.14,25.06,257.6,7.0,Rafael Nadal; Novak Djokovic; David Ferrer; Andy Murray; Juan Martin del Potro; Tomas Berdych; Roger Federer; Jo-Wilfried Tsonga; Stan Wawrinka; Richard Gasquet
2013-10-21,6.6,5.5,9.4,2.0,3.0,0.0,28.16,25.08,258.6,7.0,Rafael Nadal; Novak Djokovic; David Ferrer; Andy Murray; Juan Martin del Potro; Roger Federer; Tomas Berdych; Stan Wawrinka; Jo-Wilfried Tsonga; Richard Gasquet
2013-10-28,6.5,5.5,12.8,2.0,3.0,0.0,28.18,25.1,259.6,7.0,Rafael Nadal; Novak Djokovic; David Ferrer; Andy Murray; Juan Martin del Potro; Roger Federer; Tomas Berdych; Stan Wawrinka; Jo-Wilfried Tsonga; Richard Gasquet
2013-11-04,6.3,5.5,21.0,1.0,3.0,0.0,28.2,25.11,260.6,7.0,Rafael Nadal; Novak Djokovic; David Ferrer; Andy Murray; Juan Martin del Potro; Tomas Berdych; Roger Federer; Stan Wawrinka; Richard Gasquet; Jo-Wilfried Tsonga
2013-11-11,6.3,5.5,21.0,1.0,3.0,0.0,28.22,25.13,261.6,7.0,Rafael Nadal; Novak Djokovic; David Ferrer; Andy Murray; Juan Martin del Potro; Roger Federer; Tomas Berdych; Stan Wawrinka; Richard Gasquet; Jo-Wilfried Tsonga
2013-11-18,6.3,5.5,21.1,1.0,3.0,0.0,28.24,25.15,262.6,7.0,Rafael Nadal; Novak Djokovic; David Ferrer; Andy Murray; Juan Martin del Potro; Roger Federer; Tomas Berdych; Stan Wawrinka; Richard Gasquet; Jo-Wilfried Tsonga
2013-11-25,6.3,5.5,20.9,1.0,3.0,0.0,28.25,25.17,263.6,7.0,Rafael Nadal; Novak Djokovic; David Ferrer; Andy Murray; Juan Martin del Potro; Roger Federer; Tomas Berdych; Stan Wawrinka; Richard Gasquet; Jo-Wilfried Tsonga
2013-12-02,6.3,5.5,20.9,1.0,3.0,0.0,28.27,25.19,264.6,7.0,Rafael Nadal; Novak Djokovic; David Ferrer; Andy Murray; Juan Martin del Potro; Roger Federer; Tomas Berdych; Stan Wawrinka; Richard Gasquet; Jo-Wilfried Tsonga
2013-12-09,6.3,5.5,20.9,1.0,3.0,0.0,28.29,25.21,265.6,7.0,Rafael Nadal; Novak Djokovic; David Ferrer; Andy Murray; Juan Martin del Potro; Roger Federer; Tomas Berdych; Stan Wawrinka; Richard Gasquet; Jo-Wilfried Tsonga
2013-12-16,6.3,5.5,20.9,1.0,3.0,0.0,28.31,25.23,266.6,7.0,Rafael Nadal; Novak Djokovic; David Ferrer; Andy Murray; Juan Martin del Potro; Roger Federer; Tomas Berdych; Stan Wawrinka; Richard Gasquet; Jo-Wilfried Tsonga
2013-12-23,6.3,5.5,20.8,1.0,3.0,0.0,28.33,25.25,267.6,7.0,Rafael Nadal; Novak Djokovic; David Ferrer; Andy Murray; Juan Martin del Potro; Roger Federer; Tomas Berdych; Stan Wawrinka; Richard Gasquet; Jo-Wilfried Tsonga
2013-12-30,6.3,5.5,20.8,1.0,3.0,0.0,28.35,25.27,268.6,7.0,Rafael Nadal; Novak Djokovic; David Ferrer; Andy Murray; Juan Martin del Potro; Roger Federer; Tomas Berdych; Stan Wawrinka; Richard Gasquet; Jo-Wilfried Tsonga
2014-01-06,6.3,5.5,20.6,1.0,3.0,0.0,28.37,25.29,269.6,7.0,Rafael Nadal; Novak Djokovic; David Ferrer; Andy Murray; Juan Martin del Potro; Roger Federer; Tomas Berdych; Stan Wawrinka; Richard Gasquet; Jo-Wilfried Tsonga
2014-01-13,6.3,5.5,40.9,1.0,3.0,0.0,28.39,25.31,270.6,7.0,Rafael Nadal; Novak Djokovic; David Ferrer; Andy Murray; Juan Martin del Potro; Roger Federer; Tomas Berdych; Stan Wawrinka; Richard Gasquet; Jo-Wilfried Tsonga
2014-01-20,6.3,5.5,34.9,1.0,3.0,0.0,28.41,25.33,271.6,7.0,Rafael Nadal; Novak Djokovic; David Ferrer; Andy Murray; Juan Martin del Potro; Roger Federer; Tomas Berdych; Stan Wawrinka; Richard Gasquet; Jo-Wilfried Tsonga
2014-01-27,6.3,5.5,34.9,1.0,3.0,0.0,28.43,25.34,272.6,7.0,Rafael Nadal; Novak Djokovic; Stan Wawrinka; Juan Martin del Potro; David Ferrer; Andy Murray; Tomas Berdych; Roger Federer; Richard Gasquet; Jo-Wilfried Tsonga
2014-02-03,6.3,5.5,41.5,1.0,3.0,0.0,28.45,25.36,273.6,7.0,Rafael Nadal; Novak Djokovic; Stan Wawrinka; Juan Martin del Potro; David Ferrer; Andy Murray; Tomas Berdych; Roger Federer; Richard Gasquet; Jo-Wilfried Tsonga
2014-02-10,6.3,5.5,41.0,1.0,3.0,0.0,28.47,25.38,274.6,7.0,Rafael Nadal; Novak Djokovic; Stan Wawrinka; Juan Martin del Potro; David Ferrer; Andy Murray; Tomas Berdych; Roger Federer; Richard Gasquet; Jo-Wilfried Tsonga
2014-02-17,6.3,5.5,69.2,1.0,3.0,0.0,28.48,25.4,275.6,7.0,Rafael Nadal; Novak Djokovic; Stan Wawrinka; David Ferrer; Juan Martin del Potro; Tomas Berdych; Andy Murray; Roger Federer; Richard Gasquet; Jo-Wilfried Tsonga
2014-02-24,6.3,5.5,68.6,1.0,3.0,0.0,28.5,25.42,276.6,7.0,Rafael Nadal; Novak Djokovic; Stan Wawrinka; David Ferrer; Juan Martin del Potro; Tomas Berdych; Andy Murray; Roger Federer; Richard Gasquet; Jo-Wilfried Tsonga
2014-03-03,6.4,5.5,68.7,1.0,3.0,0.0,28.52,25.44,277.6,7.0,Rafael Nadal; Novak Djokovic; Stan Wawrinka; David Ferrer; Tomas Berdych; Andy Murray; Juan Martin del Potro; Roger Federer; Richard Gasquet; Jo-Wilfried Tsonga
2014-03-10,6.4,5.5,69.0,1.0,3.0,0.0,28.54,25.46,278.6,7.0,Rafael Nadal; Novak Djokovic; Stan Wawrinka; David Ferrer; Tomas Berdych; Andy Murray; Juan Martin del Potro; Roger Federer; Richard Gasquet; Jo-Wilfried Tsonga
2014-03-17,7.8,5.5,69.7,2.0,3.0,1.0,28.56,25.48,260.9,8.0,Rafael Nadal; Novak Djokovic; Stan Wawrinka; David Ferrer; Roger Federer; Andy Murray; Tomas Berdych; Juan Martin del Potro; Richard Gasquet; John Isner
2014-03-24,7.8,5.5,70.0,2.0,3.0,0.0,28.58,25.5,261.9,8.0,Rafael Nadal; Novak Djokovic; Stan Wawrinka; David Ferrer; Roger Federer; Andy Murray; Tomas Berdych; Juan Martin del Potro; Richard Gasquet; John Isner
2014-03-31,8.4,5.5,68.0,3.0,2.0,1.0,28.14,23.26,251.8,8.0,Rafael Nadal; Novak Djokovic; Stan Wawrinka; Roger Federer; Tomas Berdych; David Ferrer; Juan Martin del Potro; Andy Murray; John Isner; Milos Raonic
2014-04-07,7.7,5.5,63.7,2.0,3.0,1.0,28.62,25.54,263.8,8.0,Rafael Nadal; Novak Djokovic; Stan Wawrinka; Roger Federer; Tomas Berdych; David Ferrer; Juan Martin del Potro; Andy Murray; John Isner; Richard Gasquet
2014-04-14,6.9,5.5,61.7,2.0,2.0,1.0,28.07,23.3,262.8,8.0,Rafael Nadal; Novak Djokovic; Stan Wawrinka; Roger Federer; Tomas Berdych; David Ferrer; Juan Martin del Potro; Andy Murray; Richard Gasquet; Milos Raonic
2014-04-21,8.0,5.5,60.8,3.0,2.0,1.0,28.2,23.32,254.6,8.0,Rafael Nadal; Novak Djokovic; Stan Wawrinka; Roger Federer; David Ferrer; Tomas Berdych; Juan Martin del Potro; Andy Murray; Milos Raonic; John Isner
2014-04-28,7.9,5.5,60.4,3.0,2.0,0.0,28.22,23.33,255.6,8.0,Rafael Nadal; Novak Djokovic; Stan Wawrinka; Roger Federer; David Ferrer; Tomas Berdych; Juan Martin del Potro; Andy Murray; Milos Raonic; John Isner
2014-05-05,7.8,5.5,60.9,3.0,2.0,0.0,28.24,23.35,256.6,8.0,Rafael Nadal; Novak Djokovic; Stan Wawrinka; Roger Federer; David Ferrer; Tomas Berdych; Juan Martin del Potro; Andy Murray; Milos Raonic; John Isner
2014-05-12,6.9,5.5,59.7,2.0,1.0,1.0,27.79,23.37,255.1,8.0,Rafael Nadal; Novak Djokovic; Stan Wawrinka; Roger Federer; David Ferrer; Tomas Berdych; Juan Martin del Potro; Andy Murray; Kei Nishikori; Milos Raonic
2014-05-19,7.0,5.5,60.3,3.0,1.0,0.0,27.81,23.39,256.1,8.0,Rafael Nadal; Novak Djokovic; Stan Wawrinka; Roger Federer; David Ferrer; Tomas Berdych; Juan Martin del Potro; Andy Murray; Milos Raonic; Kei Nishikori
2014-05-26,6.9,5.5,60.7,2.0,1.0,0.0,27.83,23.41,257.1,8.0,Rafael Nadal; Novak Djokovic; Stan Wawrinka; Roger Federer; David Ferrer; Tomas Berdych; Juan Martin del Potro; Andy Murray; Milos Raonic; Kei Nishikori
2014-06-02,6.9,5.5,60.7,2.0,1.0,0.0,27.85,23.43,258.1,8.0,Rafael Nadal; Novak Djokovic; Stan Wawrinka; Roger Federer; David Ferrer; Tomas Berdych; Juan Martin del Potro; Andy Murray; Milos Raonic; Kei Nishikori
2014-06-09,9.2,5.5,69.9,2.0,2.0,1.0,28.0,23.45,258.7,8.0,Rafael Nadal; Novak Djokovic; Stan Wawrinka; Roger Federer; Andy Murray; Tomas Berdych; David Ferrer; Juan Martin del Potro; Milos Raonic; Ernests Gulbis
2014-06-16,9.2,5.5,70.5,2.0,2.0,0.0,28.02,23.47,259.7,8.0,Rafael Nadal; Novak Djokovic; Stan Wawrinka; Roger Federer; Andy Murray; Tomas Berdych; David Ferrer; Juan Martin del Potro; Milos Raonic; Ernests Gulbis
2014-06-23,9.3,5.5,69.3,2.0,2.0,0.0,28.04,23.49,260.7,8.0,Rafael Nadal; Novak Djokovic; Stan Wawrinka; Roger Federer; Andy Murray; Tomas Berdych; David Ferrer; Juan Martin del Potro; Milos Raonic; Ernests Gulbis
2014-06-30,9.3,5.5,70.4,2.0,2.0,0.0,28.06,23.51,261.7,8.0,Rafael Nadal; Novak Djokovic; Stan Wawrinka; Roger Federer; Andy Murray; Tomas Berdych; David Ferrer; Juan Martin del Potro; Milos Raonic; Ernests Gulbis
2014-07-07,8.2,5.5,63.2,2.0,2.0,1.0,27.81,23.14,262.3,8.0,Novak Djokovic; Rafael Nadal; Roger Federer; Stan Wawrinka; Tomas Berdych; Milos Raonic; David Ferrer; Juan Martin del Potro; Grigor Dimitrov; Andy Murray
2014-07-14,8.1,5.5,62.9,2.0,2.0,0.0,27.83,23.16,263.3,8.0,Novak Djokovic; Rafael Nadal; Roger Federer; Stan Wawrinka; Tomas Berdych; Milos Raonic; David Ferrer; Juan Martin del Potro; Grigor Dimitrov; Andy Murray
2014-07-21,8.2,5.5,62.6,2.0,2.0,0.0,27.85,23.18,264.3,8.0,Novak Djokovic; Rafael Nadal; Roger Federer; Stan Wawrinka; Tomas Berdych; David Ferrer; Milos Raonic; Juan Martin del Potro; Grigor Dimitrov; Andy Murray
2014-07-28,8.3,5.5,62.7,2.0,2.0,0.0,27.86,23.2,265.3,8.0,Novak Djokovic; Rafael Nadal; Roger Federer; Stan Wawrinka; Tomas Berdych; David Ferrer; Milos Raonic; Juan Martin del Potro; Grigor Dimitrov; Andy Murray
2014-08-04,8.2,5.5,62.8,2.0,2.0,0.0,27.88,23.22,266.3,8.0,Novak Djokovic; Rafael Nadal; Roger Federer; Stan Wawrinka; Tomas Berdych; Milos Raonic; David Ferrer; Grigor Dimitrov; Andy Murray; Juan Martin del Potro
2014-08-11,7.7,5.5,8.4,1.0,2.0,1.0,28.25,23.24,265.1,8.0,Novak Djokovic; Rafael Nadal; Roger Federer; Stan Wawrinka; Tomas Berdych; David Ferrer; Milos Raonic; Grigor Dimitrov; Andy Murray; Jo-Wilfried Tsonga
2014-08-18,7.9,6.0,7.8,2.0,2.0,0.0,28.27,23.26,266.1,8.0,Novak Djokovic; Rafael Nadal; Roger Federer; Stan Wawrinka; David Ferrer; Milos Raonic; Tomas Berdych; Grigor Dimitrov; Andy Murray; Jo-Wilfried Tsonga
2014-08-25,8.0,6.0,7.8,2.0,2.0,0.0,28.29,23.28,267.1,8.0,Novak Djokovic; Rafael Nadal; Roger Federer; Stan Wawrinka; David Ferrer; Milos Raonic; Tomas Berdych; Grigor Dimitrov; Andy Murray; Jo-Wilfried Tsonga
2014-09-01,8.0,6.0,7.7,2.0,2.0,0.0,28.3,23.3,268.1,8.0,Novak Djokovic; Rafael Nadal; Roger Federer; Stan Wawrinka; David Ferrer; Milos Raonic; Tomas Berdych; Grigor Dimitrov; Andy Murray; Jo-Wilfried Tsonga
2014-09-08,10.4,8.0,6.9,4.0,1.0,2.0,27.72,23.32,216.2,8.0,Novak Djokovic; Rafael Nadal; Roger Federer; Stan Wawrinka; David Ferrer; Tomas Berdych; Milos Raonic; Kei Nishikori; Marin Cilic; Grigor Dimitrov
2014-09-15,11.5,8.0,7.5,4.0,2.0,0.0,27.73,23.33,217.2,8.0,Novak Djokovic; Rafael Nadal; Roger Federer; Stan Wawrinka; David Ferrer; Milos Raonic; Tomas Berdych; Kei Nishikori; Marin Cilic; Grigor Dimitrov
2014-09-22,11.5,8.0,7.5,4.0,2.0,0.0,27.75,23.35,218.2,8.0,Novak Djokovic; Rafael Nadal; Roger Federer; Stan Wawrinka; David Ferrer; Milos Raonic; Tomas Berdych; Kei Nishikori; Marin Cilic; Grigor Dimitrov
2014-09-29,11.5,7.5,7.5,4.0,2.0,0.0,27.77,23.37,219.2,8.0,Novak Djokovic; Rafael Nadal; Roger Federer; Stan Wawrinka; David Ferrer; Tomas Berdych; Kei Nishikori; Milos Raonic; Marin Cilic; Grigor Dimitrov
2014-10-06,12.2,7.5,7.7,4.0,2.0,0.0,27.79,23.39,220.2,8.0,Novak Djokovic; Rafael Nadal; Roger Federer; Stan Wawrinka; David Ferrer; Kei Nishikori; Tomas Berdych; Milos Raonic; Marin Cilic; Grigor Dimitrov
2014-10-13,13.0,8.0,7.7,4.0,2.0,0.0,27.81,23.41,221.2,8.0,Novak Djokovic; Roger Federer; Rafael Nadal; Stan Wawrinka; David Ferrer; Kei Nishikori; Tomas Berdych; Marin Cilic; Milos Raonic; Grigor Dimitrov
2014-10-20,10.7,6.5,5.9,3.0,1.0,1.0,28.23,23.81,254.2,8.0,Novak Djokovic; Roger Federer; Rafael Nadal; Stan Wawrinka; David Ferrer; Tomas Berdych; Kei Nishikori; Marin Cilic; Milos Raonic; Andy Murray
2014-10-27,10.2,6.5,5.8,3.0,1.0,0.0,28.25,23.83,255.2,8.0,Novak Djokovic; Roger Federer; Rafael Nadal; Stan Wawrinka; Tomas Berdych; David Ferrer; Kei Nishikori; Andy Murray; Marin Cilic; Milos Raonic
2014-11-03,9.6,6.5,6.1,3.0,2.0,0.0,28.27,23.85,256.2,8.0,Novak Djokovic; Roger Federer; Rafael Nadal; Stan Wawrinka; Kei Nishikori; Andy Murray; Tomas Berdych; Milos Raonic; Marin Cilic; David Ferrer
2014-11-10,9.6,6.5,6.3,3.0,2.0,0.0,28.29,23.87,257.2,8.0,Novak Djokovic; Roger Federer; Rafael Nadal; Stan Wawrinka; Kei Nishikori; Andy Murray; Tomas Berdych; Milos Raonic; Marin Cilic; David Ferrer
2014-11-17,9.6,6.5,6.3,3.0,2.0,0.0,28.31,23.89,258.2,8.0,Novak Djokovic; Roger Federer; Rafael Nadal; Stan Wawrinka; Kei Nishikori; Andy Murray; Tomas Berdych; Milos Raonic; Marin Cilic; David Ferrer
2014-11-24,9.6,6.5,6.3,3.0,2.0,0.0,28.33,23.91,259.2,8.0,Novak Djokovic; Roger Federer; Rafael Nadal; Stan Wawrinka; Kei Nishikori; Andy Murray; Tomas Berdych; Milos Raonic; Marin Cilic; David Ferrer
2014-12-01,9.6,6.5,6.3,3.0,2.0,0.0,28.35,23.93,260.2,8.0,Novak Djokovic; Roger Federer; Rafael Nadal; Stan Wawrinka; Kei Nishikori; Andy Murray; Tomas Berdych; Milos Raonic; Marin Cilic; David Ferrer
2014-12-08,9.6,6.5,6.3,3.0,2.0,0.0,28.37,23.95,261.2,8.0,Novak Djokovic; Roger Federer; Rafael Nadal; Stan Wawrinka; Kei Nishikori; Andy Murray; Tomas Berdych; Milos Raonic; Marin Cilic; David Ferrer
2014-12-15,9.6,6.5,6.3,3.0,2.0,0.0,28.38,23.97,262.2,8.0,Novak Djokovic; Roger Federer; Rafael Nadal; Stan Wawrinka; Kei Nishikori; Andy Murray; Tomas Berdych; Milos Raonic; Marin Cilic; David Ferrer
2014-12-22,9.6,6.5,6.3,3.0,2.0,0.0,28.4,23.99,263.2,8.0,Novak Djokovic; Roger Federer; Rafael Nadal; Stan Wawrinka; Kei Nishikori; Andy Murray; Tomas Berdych; Milos Raonic; Marin Cilic; David Ferrer
2014-12-29,9.6,6.5,6.3,3.0,2.0,0.0,28.42,24.01,264.2,8.0,Novak Djokovic; Roger Federer; Rafael Nadal; Stan Wawrinka; Kei Nishikori; Andy Murray; Tomas Berdych; Milos Raonic; Marin Cilic; David Ferrer
2015-01-05,9.6,6.5,6.3,3.0,2.0,0.0,28.44,24.02,265.2,8.0,Novak Djokovic; Roger Federer; Rafael Nadal; Stan Wawrinka; Kei Nishikori; Andy Murray; Tomas Berdych; Milos Raonic; Marin Cilic; David Ferrer
2015-01-12,9.5,6.5,6.3,3.0,2.0,0.0,28.46,24.04,266.2,8.0,Novak Djokovic; Roger Federer; Rafael Nadal; Stan Wawrinka; Kei Nishikori; Andy Murray; Tomas Berdych; Milos Raonic; Marin Cilic; David Ferrer
2015-01-19,9.5,6.5,6.3,3.0,2.0,0.0,28.48,24.06,267.2,8.0,Novak Djokovic; Roger Federer; Rafael Nadal; Stan Wawrinka; Kei Nishikori; Andy Murray; Tomas Berdych; Milos Raonic; Marin Cilic; David Ferrer
2015-01-26,9.8,6.5,6.3,3.0,2.0,0.0,28.5,24.08,268.2,8.0,Novak Djokovic; Roger Federer; Rafael Nadal; Stan Wawrinka; Kei Nishikori; Andy Murray; Tomas Berdych; Milos Raonic; Marin Cilic; David Ferrer
2015-02-02,9.7,6.5,6.0,3.0,2.0,0.0,28.52,24.1,269.2,8.0,Novak Djokovic; Roger Federer; Rafael Nadal; Andy Murray; Kei Nishikori; Milos Raonic; Tomas Berdych; Marin Cilic; Stan Wawrinka; David Ferrer
2015-02-09,9.6,6.5,6.0,3.0,2.0,0.0,28.54,24.12,270.2,8.0,Novak Djokovic; Roger Federer; Rafael Nadal; Andy Murray; Kei Nishikori; Milos Raonic; Tomas Berdych; Stan Wawrinka; David Ferrer; Marin Cilic
2015-02-16,8.6,6.5,6.1,3.0,2.0,0.0,28.56,24.14,271.2,8.0,Novak Djokovic; Roger Federer; Rafael Nadal; Andy Murray; Kei Nishikori; Milos Raonic; Stan Wawrinka; Tomas Berdych; David Ferrer; Marin Cilic
2015-02-23,8.4,6.5,7.5,3.0,2.0,1.0,28.31,23.78,270.2,8.0,Novak Djokovic; Roger Federer; Andy Murray; Rafael Nadal; Kei Nishikori; Milos Raonic; Stan Wawrinka; Tomas Berdych; David Ferrer; Grigor Dimitrov
2015-03-02,8.7,5.5,6.1,3.0,2.0,1.0,28.6,24.18,273.1,8.0,Novak Djokovic; Roger Federer; Rafael Nadal; Kei Nishikori; Andy Murray; Milos Raonic; Stan Wawrinka; David Ferrer; Tomas Berdych; Marin Cilic
2015-03-09,8.7,5.5,6.2,3.0,2.0,0.0,28.61,24.2,274.1,8.0,Novak Djokovic; Roger Federer; Rafael Nadal; Andy Murray; Kei Nishikori; Milos Raonic; Stan Wawrinka; David Ferrer; Tomas Berdych; Marin Cilic
2015-03-16,8.7,5.5,6.2,3.0,2.0,0.0,28.63,24.22,275.1,8.0,Novak Djokovic; Roger Federer; Rafael Nadal; Andy Murray; Kei Nishikori; Milos Raonic; Stan Wawrinka; David Ferrer; Tomas Berdych; Marin Cilic
2015-03-23,8.7,5.5,5.9,3.0,2.0,0.0,28.65,24.24,276.1,8.0,Novak Djokovic; Roger Federer; Rafael Nadal; Andy Murray; Kei Nishikori; Milos Raonic; David Ferrer; Stan Wawrinka; Tomas Berdych; Marin Cilic
2015-03-30,8.3,5.5,5.9,2.0,2.0,0.0,28.67,24.25,277.1,8.0,Novak Djokovic; Roger Federer; Rafael Nadal; Andy Murray; Kei Nishikori; Milos Raonic; David Ferrer; Stan Wawrinka; Tomas Berdych; Marin Cilic
2015-04-06,8.4,5.5,5.9,3.0,2.0,0.0,28.69,24.27,278.1,8.0,Novak Djokovic; Roger Federer; Andy Murray; Kei Nishikori; Rafael Nadal; Milos Raonic; David Ferrer; Tomas Berdych; Stan Wawrinka; Marin Cilic
2015-04-13,8.3,5.5,5.9,2.0,2.0,0.0,28.71,24.29,279.1,8.0,Novak Djokovic; Roger Federer; Andy Murray; Kei Nishikori; Rafael Nadal; Milos Raonic; David Ferrer; Tomas Berdych; Stan Wawrinka; Marin Cilic
2015-04-20,8.2,5.5,6.1,2.0,2.0,0.0,28.73,24.31,280.1,8.0,Novak Djokovic; Roger Federer; Andy Murray; Rafael Nadal; Kei Nishikori; Milos Raonic; Tomas Berdych; David Ferrer; Marin Cilic; Stan Wawrinka
2015-04-27,7.7,5.5,6.1,2.0,2.0,0.0,28.75,24.33,281.1,8.0,Novak Djokovic; Roger Federer; Andy Murray; Rafael Nadal; Kei Nishikori; Milos Raonic; Tomas Berdych; David Ferrer; Stan Wawrinka; Marin Cilic
2015-05-04,7.6,5.5,5.9,2.0,1.0,0.0,28.77,24.35,282.1,8.0,Novak Djokovic; Roger Federer; Andy Murray; Rafael Nadal; Kei Nishikori; Milos Raonic; Tomas Berdych; David Ferrer; Stan Wawrinka; Marin Cilic
2015-05-11,7.4,5.5,5.9,1.0,1.0,0.0,28.79,24.37,283.1,8.0,Novak Djokovic; Roger Federer; Andy Murray; Milos Raonic; Tomas Berdych; Kei Nishikori; Rafael Nadal; David Ferrer; Stan Wawrinka; Marin Cilic
2015-05-18,7.4,5.5,6.1,1.0,2.0,0.0,28.81,24.39,284.1,8.0,Novak Djokovic; Roger Federer; Andy Murray; Tomas Berdych; Kei Nishikori; Milos Raonic; Rafael Nadal; David Ferrer; Stan Wawrinka; Marin Cilic
2015-05-25,7.4,5.5,5.9,1.0,1.0,0.0,28.83,24.41,285.1,8.0,Novak Djokovic; Roger Federer; Andy Murray; Tomas Berdych; Kei Nishikori; Milos Raonic; Rafael Nadal; David Ferrer; Stan Wawrinka; Marin Cilic
2015-06-01,7.4,5.5,5.9,1.0,1.0,0.0,28.84,24.43,286.1,8.0,Novak Djokovic; Roger Federer; Andy Murray; Tomas Berdych; Kei Nishikori; Milos Raonic; Rafael Nadal; David Ferrer; Stan Wawrinka; Marin Cilic
2015-06-08,7.5,5.5,6.5,2.0,2.0,0.0,28.86,24.45,287.1,8.0,Novak Djokovic; Roger Federer; Andy Murray; Stan Wawrinka; Kei Nishikori; Tomas Berdych; David Ferrer; Milos Raonic; Marin Cilic; Rafael Nadal
2015-06-15,7.8,5.5,6.5,2.0,2.0,0.0,28.88,24.47,288.1,8.0,Novak Djokovic; Roger Federer; Andy Murray; Stan Wawrinka; Kei Nishikori; Tomas Berdych; David Ferrer; Milos Raonic; Marin Cilic; Rafael Nadal
2015-06-22,7.8,5.5,6.4,2.0,2.0,0.0,28.9,24.48,289.1,8.0,Novak Djokovic; Roger Federer; Andy Murray; Stan Wawrinka; Kei Nishikori; Tomas Berdych; David Ferrer; Milos Raonic; Marin Cilic; Rafael Nadal
2015-06-29,7.8,5.5,6.4,2.0,2.0,0.0,28.92,24.5,290.1,8.0,Novak Djokovic; Roger Federer; Andy Murray; Stan Wawrinka; Kei Nishikori; Tomas Berdych; David Ferrer; Milos Raonic; Marin Cilic; Rafael Nadal
2015-07-06,6.9,5.5,6.4,2.0,2.0,0.0,28.94,24.52,291.1,8.0,Novak Djokovic; Roger Federer; Andy Murray; Stan Wawrinka; Kei Nishikori; Tomas Berdych; David Ferrer; Milos Raonic; Marin Cilic; Rafael Nadal
2015-07-13,7.1,5.5,6.1,2.0,2.0,0.0,28.96,24.54,292.1,8.0,Novak Djokovic; Roger Federer; Andy Murray; Stan Wawrinka; Kei Nishikori; Tomas Berdych; David Ferrer; Milos Raonic; Marin Cilic; Rafael Nadal
2015-07-20,7.1,5.5,6.1,2.0,2.0,0.0,28.98,24.56,293.1,8.0,Novak Djokovic; Roger Federer; Andy Murray; Stan Wawrinka; Kei Nishikori; Tomas Berdych; David Ferrer; Milos Raonic; Marin Cilic; Rafael Nadal
2015-07-27,6.7,5.5,6.1,2.0,2.0,0.0,29.0,24.58,294.1,8.0,Novak Djokovic; Roger Federer; Andy Murray; Stan Wawrinka; Kei Nishikori; Tomas Berdych; David Ferrer; Milos Raonic; Marin Cilic; Rafael Nadal
2015-08-03,6.6,5.5,6.2,2.0,2.0,0.0,29.02,24.6,295.1,8.0,Novak Djokovic; Roger Federer; Andy Murray; Stan Wawrinka; Kei Nishikori; Tomas Berdych; David Ferrer; Marin Cilic; Rafael Nadal; Milos Raonic
2015-08-10,6.8,5.5,6.2,2.0,2.0,0.0,29.04,24.62,296.1,8.0,Novak Djokovic; Roger Federer; Andy Murray; Kei Nishikori; Stan Wawrinka; Tomas Berdych; David Ferrer; Marin Cilic; Rafael Nadal; Milos Raonic
2015-08-17,6.4,5.5,6.2,2.0,2.0,0.0,29.06,24.64,297.1,8.0,Novak Djokovic; Andy Murray; Roger Federer; Kei Nishikori; Stan Wawrinka; Tomas Berdych; David Ferrer; Rafael Nadal; Marin Cilic; Milos Raonic
2015-08-24,6.4,5.5,5.8,2.0,1.0,0.0,29.07,24.66,298.1,8.0,Novak Djokovic; Roger Federer; Andy Murray; Kei Nishikori; Stan Wawrinka; Tomas Berdych; David Ferrer; Rafael Nadal; Marin Cilic; Milos Raonic
2015-08-31,6.4,5.5,5.8,2.0,1.0,0.0,29.09,24.68,299.1,8.0,Novak Djokovic; Roger Federer; Andy Murray; Kei Nishikori; Stan Wawrinka; Tomas Berdych; David Ferrer; Rafael Nadal; Marin Cilic; Milos Raonic
2015-09-07,5.6,5.5,5.8,1.0,1.0,0.0,29.11,24.7,300.1,8.0,Novak Djokovic; Roger Federer; Andy Murray; Kei Nishikori; Stan Wawrinka; Tomas Berdych; David Ferrer; Rafael Nadal; Marin Cilic; Milos Raonic
2015-09-14,7.4,5.5,7.8,2.0,2.0,1.0,29.51,24.71,300.0,8.0,Novak Djokovic; Roger Federer; Andy Murray; Stan Wawrinka; Tomas Berdych; Kei Nishikori; Rafael Nadal; David Ferrer; Milos Raonic; Gilles Simon
2015-09-21,8.1,5.5,7.8,2.0,2.0,0.0,29.53,24.73,301.0,8.0,Novak Djokovic; Roger Federer; Andy Murray; Stan Wawrinka; Tomas Berdych; Kei Nishikori; Rafael Nadal; David Ferrer; Milos Raonic; Gilles Simon
2015-09-28,8.4,5.5,7.8,2.0,2.0,0.0,29.55,24.75,302.0,8.0,Novak Djokovic; Roger Federer; Andy Murray; Stan Wawrinka; Tomas Berdych; Kei Nishikori; Rafael Nadal; David Ferrer; Milos Raonic; Gilles Simon
2015-10-05,7.6,5.5,8.0,2.0,2.0,0.0,29.56,24.77,303.0,8.0,Novak Djokovic; Roger Federer; Andy Murray; Stan Wawrinka; Tomas Berdych; Kei Nishikori; David Ferrer; Rafael Nadal; Milos Raonic; Gilles Simon
2015-10-12,6.5,5.5,9.2,2.0,2.0,1.0,29.45,24.79,298.4,8.0,Novak Djokovic; Andy Murray; Roger Federer; Stan Wawrinka; Tomas Berdych; Kei Nishikori; Rafael Nadal; David Ferrer; Milos Raonic; Kevin Anderson
2015-10-19,5.9,5.5,6.9,1.0,2.0,1.0,29.57,24.81,320.2,8.0,Novak Djokovic; Andy Murray; Roger Federer; Stan Wawrinka; Tomas Berdych; Kei Nishikori; Rafael Nadal; David Ferrer; Milos Raonic; Jo-Wilfried Tsonga
2015-10-26,5.8,5.5,7.2,1.0,2.0,0.0,29.59,24.83,321.2,8.0,Novak Djokovic; Andy Murray; Roger Federer; Stan Wawrinka; Tomas Berdych; Kei Nishikori; Rafael Nadal; David Ferrer; Milos Raonic; Jo-Wilfried Tsonga
2015-11-02,7.7,5.5,8.4,2.0,4.0,1.0,30.06,25.84,325.3,7.0,Novak Djokovic; Roger Federer; Andy Murray; Stan Wawrinka; Tomas Berdych; Rafael Nadal; Kei Nishikori; David Ferrer; Richard Gasquet; Jo-Wilfried Tsonga
2015-11-09,7.7,5.5,9.6,2.0,4.0,0.0,30.08,25.86,326.3,7.0,Novak Djokovic; Andy Murray; Roger Federer; Stan Wawrinka; Rafael Nadal; Tomas Berdych; David Ferrer; Kei Nishikori; Richard Gasquet; Jo-Wilfried Tsonga
2015-11-16,7.6,5.5,9.6,2.0,4.0,0.0,30.1,25.88,327.3,7.0,Novak Djokovic; Andy Murray; Roger Federer; Stan Wawrinka; Rafael Nadal; Tomas Berdych; David Ferrer; Kei Nishikori; Richard Gasquet; Jo-Wilfried Tsonga
2015-11-23,7.6,5.5,9.8,2.0,4.0,0.0,30.12,25.9,328.3,7.0,Novak Djokovic; Andy Murray; Roger Federer; Stan Wawrinka; Rafael Nadal; Tomas Berdych; David Ferrer; Kei Nishikori; Richard Gasquet; Jo-Wilfried Tsonga
2015-11-30,7.6,5.5,9.8,2.0,4.0,0.0,30.14,25.92,329.3,7.0,Novak Djokovic; Andy Murray; Roger Federer; Stan Wawrinka; Rafael Nadal; Tomas Berdych; David Ferrer; Kei Nishikori; Richard Gasquet; Jo-Wilfried Tsonga
2015-12-07,7.6,5.5,9.8,2.0,4.0,0.0,30.16,25.94,330.3,7.0,Novak Djokovic; Andy Murray; Roger Federer; Stan Wawrinka; Rafael Nadal; Tomas Berdych; David Ferrer; Kei Nishikori; Richard Gasquet; Jo-Wilfried Tsonga
2015-12-14,7.6,5.5,9.8,2.0,4.0,0.0,30.18,25.96,331.3,7.0,Novak Djokovic; Andy Murray; Roger Federer; Stan Wawrinka; Rafael Nadal; Tomas Berdych; David Ferrer; Kei Nishikori; Richard Gasquet; Jo-Wilfried Tsonga
2015-12-21,7.6,5.5,9.8,2.0,4.0,0.0,30.2,25.98,332.3,7.0,Novak Djokovic; Andy Murray; Roger Federer; Stan Wawrinka; Rafael Nadal; Tomas Berdych; David Ferrer; Kei Nishikori; Richard Gasquet; Jo-Wilfried Tsonga
2015-12-28,7.6,5.5,9.8,2.0,4.0,0.0,30.22,26.0,333.3,7.0,Novak Djokovic; Andy Murray; Roger Federer; Stan Wawrinka; Rafael Nadal; Tomas Berdych; David Ferrer; Kei Nishikori; Richard Gasquet; Jo-Wilfried Tsonga
2016-01-04,7.6,5.5,9.8,2.0,4.0,0.0,30.24,26.02,334.3,7.0,Novak Djokovic; Andy Murray; Roger Federer; Stan Wawrinka; Rafael Nadal; Tomas Berdych; David Ferrer; Kei Nishikori; Richard Gasquet; Jo-Wilfried Tsonga
2016-01-11,7.6,5.5,9.9,2.0,4.0,0.0,30.26,26.03,335.3,7.0,Novak Djokovic; Andy Murray; Roger Federer; Stan Wawrinka; Rafael Nadal; Tomas Berdych; Kei Nishikori; David Ferrer; Richard Gasquet; Jo-Wilfried Tsonga
2016-01-18,7.8,5.5,10.1,2.0,4.0,0.0,30.27,26.05,336.3,7.0,Novak Djokovic; Andy Murray; Roger Federer; Stan Wawrinka; Rafael Nadal; Tomas Berdych; Kei Nishikori; David Ferrer; Richard Gasquet; Jo-Wilfried Tsonga
2016-01-25,7.8,5.5,10.1,2.0,4.0,0.0,30.29,26.07,337.3,7.0,Novak Djokovic; Andy Murray; Roger Federer; Stan Wawrinka; Rafael Nadal; Tomas Berdych; Kei Nishikori; David Ferrer; Richard Gasquet; Jo-Wilfried Tsonga
2016-02-01,8.1,6.0,9.6,2.0,4.0,0.0,30.31,26.09,338.3,7.0,Novak Djokovic; Andy Murray; Roger Federer; Stan Wawrinka; Rafael Nadal; David Ferrer; Kei Nishikori; Tomas Berdych; Jo-Wilfried Tsonga; Richard Gasquet
2016-02-08,7.5,6.0,10.0,2.0,4.0,0.0,30.33,26.11,339.3,7.0,Novak Djokovic; Andy Murray; Roger Federer; Stan Wawrinka; Rafael Nadal; David Ferrer; Kei Nishikori; Tomas Berdych; Jo-Wilfried Tsonga; Richard Gasquet
2016-02-15,7.6,6.0,9.9,2.0,4.0,0.0,30.35,26.13,340.3,7.0,Novak Djokovic; Andy Murray; Roger Federer; Stan Wawrinka; Rafael Nadal; David Ferrer; Kei Nishikori; Tomas Berdych; Jo-Wilfried Tsonga; Richard Gasquet
2016-02-22,7.8,6.0,9.9,2.0,4.0,0.0,30.37,26.15,341.3,7.0,Novak Djokovic; Andy Murray; Roger Federer; Stan Wawrinka; Rafael Nadal; Kei Nishikori; Tomas Berdych; David Ferrer; Jo-Wilfried Tsonga; Richard Gasquet
2016-02-29,7.7,6.0,9.5,2.0,3.0,0.0,30.39,26.17,342.3,7.0,Novak Djokovic; Andy Murray; Roger Federer; Stan Wawrinka; Rafael Nadal; Kei Nishikori; Tomas Berdych; David Ferrer; Jo-Wilfried Tsonga; Richard Gasquet
2016-03-07,7.7,6.0,10.0,2.0,3.0,0.0,30.41,26.19,343.3,7.0,Novak Djokovic; Andy Murray; Roger Federer; Stan Wawrinka; Rafael Nadal; Kei Nishikori; Tomas Berdych; David Ferrer; Jo-Wilfried Tsonga; Richard Gasquet
2016-03-14,7.7,6.0,10.0,2.0,3.0,0.0,30.43,26.21,344.3,7.0,Novak Djokovic; Andy Murray; Roger Federer; Stan Wawrinka; Rafael Nadal; Kei Nishikori; Tomas Berdych; David Ferrer; Jo-Wilfried Tsonga; Richard Gasquet
2016-03-21,7.8,6.0,10.1,2.0,3.0,0.0,30.45,26.23,345.3,7.0,Novak Djokovic; Andy Murray; Roger Federer; Stan Wawrinka; Rafael Nadal; Kei Nishikori; Tomas Berdych; David Ferrer; Jo-Wilfried Tsonga; Richard Gasquet
2016-03-28,7.8,6.0,10.1,2.0,3.0,0.0,30.47,26.25,346.3,7.0,Novak Djokovic; Andy Murray; Roger Federer; Stan Wawrinka; Rafael Nadal; Kei Nishikori; Tomas Berdych; David Ferrer; Jo-Wilfried Tsonga; Richard Gasquet
2016-04-04,8.1,6.0,10.1,2.0,3.0,0.0,30.49,26.26,347.3,7.0,Novak Djokovic; Andy Murray; Roger Federer; Stan Wawrinka; Rafael Nadal; Kei Nishikori; Tomas Berdych; David Ferrer; Jo-Wilfried Tsonga; Richard Gasquet
2016-04-11,8.0,6.0,10.1,2.0,3.0,0.0,30.5,26.28,348.3,7.0,Novak Djokovic; Andy Murray; Roger Federer; Stan Wawrinka; Rafael Nadal; Kei Nishikori; Tomas Berdych; David Ferrer; Jo-Wilfried Tsonga; Richard Gasquet
2016-04-18,8.1,6.0,9.9,2.0,3.0,0.0,30.52,26.3,349.3,7.0,Novak Djokovic; Andy Murray; Roger Federer; Stan Wawrinka; Rafael Nadal; Kei Nishikori; Jo-Wilfried Tsonga; David Ferrer; Tomas Berdych; Richard Gasquet
2016-04-25,8.1,6.0,10.1,2.0,4.0,0.0,30.54,26.32,350.3,7.0,Novak Djokovic; Andy Murray; Roger Federer; Stan Wawrinka; Rafael Nadal; Kei Nishikori; Jo-Wilfried Tsonga; Tomas Berdych; David Ferrer; Richard Gasquet
2016-05-02,5.9,5.5,8.2,1.0,3.0,1.0,30.11,25.35,345.6,8.0,Novak Djokovic; Andy Murray; Roger Federer; Stan Wawrinka; Rafael Nadal; Kei Nishikori; Jo-Wilfried Tsonga; Tomas Berdych; David Ferrer; Milos Raonic
2016-05-09,5.9,5.5,8.4,1.0,3.0,0.0,30.13,25.37,346.6,8.0,Novak Djokovic; Roger Federer; Andy Murray; Stan Wawrinka; Rafael Nadal; Kei Nishikori; Jo-Wilfried Tsonga; Tomas Berdych; David Ferrer; Milos Raonic
2016-05-16,7.3,5.5,8.1,2.0,3.0,1.0,29.73,25.39,325.8,8.0,Novak Djokovic; Andy Murray; Roger Federer; Stan Wawrinka; Rafael Nadal; Kei Nishikori; Jo-Wilfried Tsonga; Tomas Berdych; Milos Raonic; Richard Gasquet
2016-05-23,6.2,5.5,6.5,1.0,2.0,1.0,29.52,25.4,319.0,9.0,Novak Djokovic; Andy Murray; Roger Federer; Stan Wawrinka; Rafael Nadal; Kei Nishikori; Jo-Wilfried Tsonga; Tomas Berdych; Milos Raonic; Marin Cilic
2016-05-30,6.2,5.5,6.3,1.0,2.0,0.0,29.54,25.42,320.0,9.0,Novak Djokovic; Andy Murray; Roger Federer; Stan Wawrinka; Rafael Nadal; Kei Nishikori; Jo-Wilfried Tsonga; Tomas Berdych; Milos Raonic; Marin Cilic
2016-06-06,8.8,5.5,7.6,2.0,2.0,2.0,28.95,22.76,304.4,9.0,Novak Djokovic; Andy Murray; Roger Federer; Rafael Nadal; Stan Wawrinka; Kei Nishikori; Dominic Thiem; Tomas Berdych; Milos Raonic; Richard Gasquet
2016-06-13,8.7,5.5,8.1,2.0,2.0,0.0,28.97,22.78,305.4,9.0,Novak Djokovic; Andy Murray; Roger Federer; Rafael Nadal; Stan Wawrinka; Kei Nishikori; Dominic Thiem; Tomas Berdych; Milos Raonic; Richard Gasquet
2016-06-20,8.9,5.5,8.2,2.0,2.0,0.0,28.98,22.8,306.4,9.0,Novak Djokovic; Andy Murray; Roger Federer; Rafael Nadal; Stan Wawrinka; Kei Nishikori; Milos Raonic; Dominic Thiem; Tomas Berdych; Richard Gasquet
2016-06-27,8.9,5.5,8.0,2.0,2.0,0.0,29.0,22.81,307.4,9.0,Novak Djokovic; Andy Murray; Roger Federer; Rafael Nadal; Stan Wawrinka; Kei Nishikori; Milos Raonic; Dominic Thiem; Tomas Berdych; Richard Gasquet
2016-07-04,8.9,5.5,8.1,2.0,2.0,0.0,29.02,22.83,308.4,9.0,Novak Djokovic; Andy Murray; Roger Federer; Rafael Nadal; Stan Wawrinka; Kei Nishikori; Milos Raonic; Dominic Thiem; Tomas Berdych; Richard Gasquet
2016-07-11,7.9,5.5,6.4,2.0,1.0,1.0,29.16,22.85,319.0,9.0,Novak Djokovic; Andy Murray; Roger Federer; Rafael Nadal; Stan Wawrinka; Kei Nishikori; Milos Raonic; Tomas Berdych; Dominic Thiem; Jo-Wilfried Tsonga
2016-07-18,7.7,5.5,6.6,2.0,2.0,0.0,29.18,22.87,320.0,9.0,Novak Djokovic; Andy Murray; Roger Federer; Rafael Nadal; Stan Wawrinka; Kei Nishikori; Milos Raonic; Tomas Berdych; Dominic Thiem; Jo-Wilfried Tsonga
2016-07-25,7.5,5.5,6.5,2.0,2.0,0.0,29.2,22.89,321.0,9.0,Novak Djokovic; Andy Murray; Roger Federer; Rafael Nadal; Stan Wawrinka; Kei Nishikori; Milos Raonic; Tomas Berdych; Dominic Thiem; Jo-Wilfried Tsonga
2016-08-01,7.3,5.5,6.7,2.0,2.0,0.0,29.22,22.91,322.0,9.0,Novak Djokovic; Andy Murray; Roger Federer; Stan Wawrinka; Rafael Nadal; Kei Nishikori; Milos Raonic; Tomas Berdych; Jo-Wilfried Tsonga; Dominic Thiem
2016-08-08,8.2,5.5,6.7,2.0,2.0,0.0,29.24,22.93,323.0,9.0,Novak Djokovic; Andy Murray; Roger Federer; Stan Wawrinka; Rafael Nadal; Milos Raonic; Kei Nishikori; Tomas Berdych; Jo-Wilfried Tsonga; Dominic Thiem
2016-08-15,7.6,5.5,6.9,2.0,2.0,0.0,29.25,22.95,324.0,9.0,Novak Djokovic; Andy Murray; Roger Federer; Stan Wawrinka; Rafael Nadal; Milos Raonic; Kei Nishikori; Tomas Berdych; Dominic Thiem; Jo-Wilfried Tsonga
2016-08-22,6.8,5.5,7.0,1.0,2.0,1.0,28.93,22.97,306.7,9.0,Novak Djokovic; Andy Murray; Stan Wawrinka; Roger Federer; Rafael Nadal; Milos Raonic; Kei Nishikori; Tomas Berdych; Marin Cilic; Dominic Thiem
2016-08-29,6.8,5.5,6.9,1.0,2.0,0.0,28.95,22.99,307.7,9.0,Novak Djokovic; Andy Murray; Stan Wawrinka; Roger Federer; Rafael Nadal; Milos Raonic; Kei Nishikori; Tomas Berdych; Marin Cilic; Dominic Thiem
2016-09-05,6.8,5.5,6.9,1.0,2.0,0.0,28.97,23.01,308.7,9.0,Novak Djokovic; Andy Murray; Stan Wawrinka; Roger Federer; Rafael Nadal; Milos Raonic; Kei Nishikori; Tomas Berdych; Marin Cilic; Dominic Thiem
2016-09-12,8.1,5.5,10.7,2.0,4.0,1.0,29.19,23.03,307.5,9.0,Novak Djokovic; Andy Murray; Stan Wawrinka; Rafael Nadal; Kei Nishikori; Milos Raonic; Roger Federer; Gael Monfils; Tomas Berdych; Dominic Thiem
2016-09-19,8.2,5.5,10.7,2.0,4.0,0.0,29.21,23.04,308.5,9.0,Novak Djokovic; Andy Murray; Stan Wawrinka; Rafael Nadal; Kei Nishikori; Milos Raonic; Roger Federer; Gael Monfils; Tomas Berdych; Dominic Thiem
2016-09-26,8.0,5.5,10.8,2.0,4.0,0.0,29.23,23.06,309.5,9.0,Novak Djokovic; Andy Murray; Stan Wawrinka; Rafael Nadal; Kei Nishikori; Milos Raonic; Roger Federer; Gael Monfils; Tomas Berdych; Dominic Thiem
2016-10-03,8.0,5.5,10.9,2.0,4.0,0.0,29.25,23.08,310.5,9.0,Novak Djokovic; Andy Murray; Stan Wawrinka; Rafael Nadal; Kei Nishikori; Milos Raonic; Roger Federer; Gael Monfils; Tomas Berdych; Dominic Thiem
2016-10-10,7.4,5.5,11.4,2.0,4.0,0.0,29.27,23.1,311.5,9.0,Novak Djokovic; Andy Murray; Stan Wawrinka; Kei Nishikori; Rafael Nadal; Milos Raonic; Roger Federer; Gael Monfils; Tomas Berdych; Dominic Thiem
2016-10-17,7.7,5.5,11.9,2.0,4.0,0.0,29.29,23.12,312.5,9.0,Novak Djokovic; Andy Murray; Stan Wawrinka; Milos Raonic; Kei Nishikori; Rafael Nadal; Gael Monfils; Roger Federer; Tomas Berdych; Dominic Thiem
2016-10-24,7.6,5.5,11.9,2.0,4.0,0.0,29.31,23.14,313.5,9.0,Novak Djokovic; Andy Murray; Stan Wawrinka; Milos Raonic; Kei Nishikori; Rafael Nadal; Roger Federer; Gael Monfils; Dominic Thiem; Tomas Berdych
2016-10-31,8.7,6.5,11.1,4.0,3.0,1.0,29.02,23.16,285.6,9.0,Novak Djokovic; Andy Murray; Stan Wawrinka; Kei Nishikori; Milos Raonic; Rafael Nadal; Gael Monfils; Dominic Thiem; Roger Federer; Marin Cilic
2016-11-07,9.4,7.0,15.6,4.0,6.0,1.0,28.63,23.18,247.9,10.0,Andy Murray; Novak Djokovic; Stan Wawrinka; Milos Raonic; Kei Nishikori; Gael Monfils; Marin Cilic; Rafael Nadal; Dominic Thiem; Tomas Berdych
2016-11-14,9.5,7.0,15.6,4.0,6.0,0.0,28.65,23.2,248.9,10.0,Andy Murray; Novak Djokovic; Stan Wawrinka; Milos Raonic; Kei Nishikori; Gael Monfils; Marin Cilic; Rafael Nadal; Dominic Thiem; Tomas Berdych
2016-11-21,9.7,7.0,16.0,4.0,6.0,0.0,28.67,23.22,249.9,10.0,Andy Murray; Novak Djokovic; Milos Raonic; Stan Wawrinka; Kei Nishikori; Marin Cilic; Gael Monfils; Dominic Thiem; Rafael Nadal; Tomas Berdych
2016-11-28,9.7,7.0,16.0,4.0,6.0,0.0,28.69,23.24,250.9,10.0,Andy Murray; Novak Djokovic; Milos Raonic; Stan Wawrinka; Kei Nishikori; Marin Cilic; Gael Monfils; Dominic Thiem; Rafael Nadal; Tomas Berdych
2016-12-05,9.7,7.0,16.0,4.0,6.0,0.0,28.71,23.26,251.9,10.0,Andy Murray; Novak Djokovic; Milos Raonic; Stan Wawrinka; Kei Nishikori; Marin Cilic; Gael Monfils; Dominic Thiem; Rafael Nadal; Tomas Berdych
2016-12-12,9.7,7.0,16.0,4.0,6.0,0.0,28.73,23.27,252.9,10.0,Andy Murray; Novak Djokovic; Milos Raonic; Stan Wawrinka; Kei Nishikori; Marin Cilic; Gael Monfils; Dominic Thiem; Rafael Nadal; Tomas Berdych
2016-12-19,9.7,7.0,16.0,4.0,6.0,0.0,28.75,23.29,253.9,10.0,Andy Murray; Novak Djokovic; Milos Raonic; Stan Wawrinka; Kei Nishikori; Marin Cilic; Gael Monfils; Dominic Thiem; Rafael Nadal; Tomas Berdych
2016-12-26,9.7,7.0,16.0,4.0,6.0,0.0,28.77,23.31,254.9,10.0,Andy Murray; Novak Djokovic; Milos Raonic; Stan Wawrinka; Kei Nishikori; Marin Cilic; Gael Monfils; Dominic Thiem; Rafael Nadal; Tomas Berdych
2017-01-02,9.7,7.0,16.0,4.0,6.0,0.0,28.79,23.33,255.9,10.0,Andy Murray; Novak Djokovic; Milos Raonic; Stan Wawrinka; Kei Nishikori; Marin Cilic; Gael Monfils; Dominic Thiem; Rafael Nadal; Tomas Berdych
2017-01-09,9.6,6.5,16.0,4.0,6.0,0.0,28.81,23.35,256.9,10.0,Andy Murray; Novak Djokovic; Milos Raonic; Stan Wawrinka; Kei Nishikori; Gael Monfils; Marin Cilic; Dominic Thiem; Rafael Nadal; Tomas Berdych
2017-01-16,9.7,6.5,15.9,4.0,6.0,0.0,28.82,23.37,257.9,10.0,Andy Murray; Novak Djokovic; Milos Raonic; Stan Wawrinka; Kei Nishikori; Gael Monfils; Marin Cilic; Dominic Thiem; Rafael Nadal; Tomas Berdych
2017-01-23,9.7,6.5,15.9,4.0,6.0,0.0,28.84,23.39,258.9,10.0,Andy Murray; Novak Djokovic; Milos Raonic; Stan Wawrinka; Kei Nishikori; Gael Monfils; Marin Cilic; Dominic Thiem; Rafael Nadal; Tomas Berdych
2017-01-30,8.2,6.0,16.2,4.0,6.0,1.0,29.27,23.41,297.4,9.0,Andy Murray; Novak Djokovic; Stan Wawrinka; Milos Raonic; Kei Nishikori; Rafael Nadal; Marin Cilic; Dominic Thiem; Gael Monfils; Roger Federer
2017-02-06,8.3,6.0,16.1,4.0,6.0,0.0,29.29,23.43,298.4,9.0,Andy Murray; Novak Djokovic; Stan Wawrinka; Milos Raonic; Kei Nishikori; Rafael Nadal; Marin Cilic; Dominic Thiem; Gael Monfils; Roger Federer
2017-02-13,8.2,6.0,16.1,4.0,6.0,0.0,29.31,23.45,299.4,9.0,Andy Murray; Novak Djokovic; Stan Wawrinka; Milos Raonic; Kei Nishikori; Rafael Nadal; Marin Cilic; Dominic Thiem; Roger Federer; Gael Monfils
2017-02-20,7.7,5.5,12.4,4.0,5.0,1.0,28.9,23.47,293.5,9.0,Andy Murray; Novak Djokovic; Stan Wawrinka; Milos Raonic; Kei Nishikori; Rafael Nadal; Marin Cilic; Dominic Thiem; Roger Federer; David Goffin
2017-02-27,6.9,5.5,16.0,3.0,6.0,1.0,29.49,23.49,319.2,9.0,Andy Murray; Novak Djokovic; Stan Wawrinka; Milos Raonic; Kei Nishikori; Rafael Nadal; Jo-Wilfried Tsonga; Marin Cilic; Dominic Thiem; Roger Federer
2017-03-06,6.9,5.5,16.3,3.0,6.0,0.0,29.51,23.5,320.2,9.0,Andy Murray; Novak Djokovic; Stan Wawrinka; Milos Raonic; Kei Nishikori; Rafael Nadal; Marin Cilic; Jo-Wilfried Tsonga; Dominic Thiem; Roger Federer
2017-03-13,6.9,5.5,16.3,3.0,6.0,0.0,29.53,23.52,321.2,9.0,Andy Murray; Novak Djokovic; Stan Wawrinka; Milos Raonic; Kei Nishikori; Rafael Nadal; Marin Cilic; Jo-Wilfried Tsonga; Dominic Thiem; Roger Federer
2017-03-20,6.7,5.5,17.1,3.0,6.0,0.0,29.55,23.54,322.2,9.0,Andy Murray; Novak Djokovic; Stan Wawrinka; Kei Nishikori; Milos Raonic; Roger Federer; Rafael Nadal; Dominic Thiem; Marin Cilic; Jo-Wilfried Tsonga
2017-03-27,6.7,5.5,17.1,3.0,6.0,0.0,29.56,23.56,323.2,9.0,Andy Murray; Novak Djokovic; Stan Wawrinka; Kei Nishikori; Milos Raonic; Roger Federer; Rafael Nadal; Dominic Thiem; Marin Cilic; Jo-Wilfried Tsonga
2017-04-03,6.7,5.5,17.5,3.0,6.0,0.0,29.58,23.58,324.2,9.0,Andy Murray; Novak Djokovic; Stan Wawrinka; Roger Federer; Rafael Nadal; Milos Raonic; Kei Nishikori; Marin Cilic; Dominic Thiem; Jo-Wilfried Tsonga
2017-04-10,6.7,5.5,17.5,3.0,6.0,0.0,29.6,23.6,325.2,9.0,Andy Murray; Novak Djokovic; Stan Wawrinka; Roger Federer; Rafael Nadal; Milos Raonic; Kei Nishikori; Marin Cilic; Dominic Thiem; Jo-Wilfried Tsonga
2017-04-17,6.6,5.5,16.9,3.0,6.0,0.0,29.62,23.62,326.2,9.0,Andy Murray; Novak Djokovic; Stan Wawrinka; Roger Federer; Kei Nishikori; Milos Raonic; Rafael Nadal; Marin Cilic; Dominic Thiem; Jo-Wilfried Tsonga
2017-04-24,7.2,5.5,13.8,4.0,5.0,1.0,29.08,23.64,301.7,9.0,Andy Murray; Novak Djokovic; Stan Wawrinka; Roger Federer; Rafael Nadal; Milos Raonic; Kei Nishikori; Marin Cilic; Dominic Thiem; David Goffin
2017-05-01,6.9,5.5,14.1,3.0,5.0,0.0,29.1,23.66,302.7,9.0,Andy Murray; Novak Djokovic; Stan Wawrinka; Roger Federer; Rafael Nadal; Milos Raonic; Kei Nishikori; Marin Cilic; Dominic Thiem; David Goffin
2017-05-08,7.0,5.5,14.5,3.0,5.0,0.0,29.12,23.68,303.7,9.0,Andy Murray; Novak Djokovic; Stan Wawrinka; Roger Federer; Rafael Nadal; Milos Raonic; Marin Cilic; Kei Nishikori; Dominic Thiem; David Goffin
2017-05-15,6.9,5.5,15.8,3.0,5.0,0.0,29.13,23.7,304.7,9.0,Andy Murray; Novak Djokovic; Stan Wawrinka; Rafael Nadal; Roger Federer; Milos Raonic; Dominic Thiem; Marin Cilic; Kei Nishikori; David Goffin
2017-05-22,9.6,5.5,15.9,2.0,5.0,1.0,28.52,20.09,305.2,9.0,Andy Murray; Novak Djokovic; Stan Wawrinka; Rafael Nadal; Roger Federer; Milos Raonic; Dominic Thiem; Marin Cilic; Kei Nishikori; Alexander Zverev
2017-05-29,9.6,5.5,16.6,2.0,5.0,0.0,28.54,20.11,306.2,9.0,Andy Murray; Novak Djokovic; Stan Wawrinka; Rafael Nadal; Roger Federer; Milos Raonic; Dominic Thiem; Marin Cilic; Kei Nishikori; Alexander Zverev
2017-06-05,8.8,5.5,16.6,2.0,5.0,0.0,28.56,20.13,307.2,9.0,Andy Murray; Novak Djokovic; Stan Wawrinka; Rafael Nadal; Roger Federer; Milos Raonic; Dominic Thiem; Marin Cilic; Kei Nishikori; Alexander Zverev
2017-06-12,8.8,5.5,52.0,2.0,5.0,0.0,28.57,20.15,308.2,9.0,Andy Murray; Rafael Nadal; Stan Wawrinka; Novak Djokovic; Roger Federer; Milos Raonic; Marin Cilic; Dominic Thiem; Kei Nishikori; Alexander Zverev
2017-06-19,6.1,5.5,56.4,2.0,6.0,1.0,29.79,23.79,334.4,9.0,Andy Murray; Rafael Nadal; Stan Wawrinka; Novak Djokovic; Roger Federer; Milos Raonic; Marin Cilic; Dominic Thiem; Kei Nishikori; Jo-Wilfried Tsonga
2017-06-26,6.1,5.5,52.7,2.0,6.0,0.0,29.81,23.81,335.4,9.0,Andy Murray; Rafael Nadal; Stan Wawrinka; Novak Djokovic; Roger Federer; Marin Cilic; Milos Raonic; Dominic Thiem; Kei Nishikori; Jo-Wilfried Tsonga
2017-07-03,6.1,5.5,52.4,2.0,6.0,0.0,29.83,23.83,336.4,9.0,Andy Murray; Rafael Nadal; Stan Wawrinka; Novak Djokovic; Roger Federer; Marin Cilic; Milos Raonic; Dominic Thiem; Kei Nishikori; Jo-Wilfried Tsonga
2017-07-10,5.9,5.5,52.4,1.0,6.0,0.0,29.85,23.85,337.4,9.0,Andy Murray; Rafael Nadal; Stan Wawrinka; Novak Djokovic; Roger Federer; Marin Cilic; Milos Raonic; Dominic Thiem; Kei Nishikori; Jo-Wilfried Tsonga
2017-07-17,8.9,5.5,112.3,2.0,4.0,1.0,29.26,23.87,314.0,9.0,Andy Murray; Rafael Nadal; Roger Federer; Novak Djokovic; Stan Wawrinka; Marin Cilic; Dominic Thiem; Kei Nishikori; Milos Raonic; Grigor Dimitrov
2017-07-24,8.9,5.5,112.3,2.0,4.0,0.0,29.28,23.89,315.0,9.0,Andy Murray; Rafael Nadal; Roger Federer; Novak Djokovic; Stan Wawrinka; Marin Cilic; Dominic Thiem; Kei Nishikori; Milos Raonic; Grigor Dimitrov
2017-07-31,7.6,5.5,111.1,2.0,4.0,1.0,28.71,20.28,314.6,9.0,Andy Murray; Rafael Nadal; Roger Federer; Stan Wawrinka; Novak Djokovic; Marin Cilic; Dominic Thiem; Alexander Zverev; Kei Nishikori; Milos Raonic
2017-08-07,7.9,5.5,65.2,2.0,4.0,0.0,28.73,20.3,315.6,9.0,Andy Murray; Rafael Nadal; Roger Federer; Stan Wawrinka; Novak Djokovic; Marin Cilic; Dominic Thiem; Alexander Zverev; Kei Nishikori; Milos Raonic
2017-08-14,7.8,5.5,61.0,2.0,4.0,0.0,28.75,20.32,316.6,9.0,Andy Murray; Rafael Nadal; Roger Federer; Stan Wawrinka; Novak Djokovic; Marin Cilic; Alexander Zverev; Dominic Thiem; Kei Nishikori; Milos Raonic
2017-08-21,9.4,6.0,53.7,2.0,3.0,1.0,28.73,20.34,304.3,9.0,Rafael Nadal; Andy Murray; Roger Federer; Stan Wawrinka; Novak Djokovic; Alexander Zverev; Marin Cilic; Dominic Thiem; Grigor Dimitrov; Kei Nishikori
2017-08-28,9.3,6.0,53.9,2.0,3.0,0.0,28.75,20.36,305.3,9.0,Rafael Nadal; Andy Murray; Roger Federer; Stan Wawrinka; Novak Djokovic; Alexander Zverev; Marin Cilic; Dominic Thiem; Grigor Dimitrov; Kei Nishikori
2017-09-04,9.3,6.0,53.9,2.0,3.0,0.0,28.77,20.38,306.3,9.0,Rafael Nadal; Andy Murray; Roger Federer; Stan Wawrinka; Novak Djokovic; Alexander Zverev; Marin Cilic; Dominic Thiem; Grigor Dimitrov; Kei Nishikori
2017-09-11,12.6,8.5,44.8,4.0,3.0,1.0,28.63,20.39,291.2,8.0,Rafael Nadal; Roger Federer; Andy Murray; Alexander Zverev; Marin Cilic; Novak Djokovic; Dominic Thiem; Stan Wawrinka; Grigor Dimitrov; Pablo Carreno Busta
2017-09-18,12.5,8.5,44.9,4.0,3.0,0.0,28.65,20.41,292.2,8.0,Rafael Nadal; Roger Federer; Andy Murray; Alexander Zverev; Marin Cilic; Novak Djokovic; Dominic Thiem; Stan Wawrinka; Grigor Dimitrov; Pablo Carreno Busta
2017-09-25,12.2,8.5,43.9,4.0,3.0,0.0,28.67,20.43,293.2,8.0,Rafael Nadal; Roger Federer; Andy Murray; Alexander Zverev; Marin Cilic; Novak Djokovic; Dominic Thiem; Grigor Dimitrov; Stan Wawrinka; Pablo Carreno Busta
2017-10-02,12.0,8.5,38.6,4.0,3.0,0.0,28.69,20.45,294.2,8.0,Rafael Nadal; Roger Federer; Andy Murray; Alexander Zverev; Marin Cilic; Novak Djokovic; Dominic Thiem; Grigor Dimitrov; Stan Wawrinka; Pablo Carreno Busta
2017-10-09,9.0,8.5,37.5,4.0,3.0,1.0,28.77,20.47,295.3,9.0,Rafael Nadal; Roger Federer; Andy Murray; Alexander Zverev; Marin Cilic; Novak Djokovic; Dominic Thiem; Stan Wawrinka; Grigor Dimitrov; David Goffin
2017-10-16,9.1,9.0,37.6,4.0,3.0,0.0,28.79,20.49,296.3,9.0,Rafael Nadal; Roger Federer; Andy Murray; Marin Cilic; Alexander Zverev; Dominic Thiem; Novak Djokovic; Grigor Dimitrov; Stan Wawrinka; David Goffin
2017-10-23,8.9,8.0,37.7,4.0,3.0,0.0,28.81,20.51,297.3,9.0,Rafael Nadal; Roger Federer; Andy Murray; Marin Cilic; Alexander Zverev; Dominic Thiem; Novak Djokovic; Grigor Dimitrov; Stan Wawrinka; David Goffin
2017-10-30,9.0,8.5,38.0,3.0,3.0,0.0,28.83,20.53,298.3,9.0,Rafael Nadal; Roger Federer; Andy Murray; Alexander Zverev; Marin Cilic; Dominic Thiem; Novak Djokovic; Grigor Dimitrov; Stan Wawrinka; David Goffin
2017-11-06,14.8,13.5,26.0,6.0,5.0,2.0,27.89,20.55,194.8,8.0,Rafael Nadal; Roger Federer; Alexander Zverev; Dominic Thiem; Marin Cilic; Grigor Dimitrov; Stan Wawrinka; David Goffin; Jack Sock; Pablo Carreno Busta
2017-11-13,14.8,13.5,26.1,6.0,5.0,0.0,27.91,20.57,195.8,8.0,Rafael Nadal; Roger Federer; Alexander Zverev; Dominic Thiem; Marin Cilic; Grigor Dimitrov; Stan Wawrinka; David Goffin; Jack Sock; Pablo Carreno Busta
2017-11-20,14.8,13.5,26.0,6.0,5.0,0.0,27.93,20.59,196.8,8.0,Rafael Nadal; Roger Federer; Grigor Dimitrov; Alexander Zverev; Dominic Thiem; Marin Cilic; David Goffin; Jack Sock; Stan Wawrinka; Pablo Carreno Busta
2017-11-27,14.8,13.5,26.1,6.0,5.0,0.0,27.95,20.61,197.8,8.0,Rafael Nadal; Roger Federer; Grigor Dimitrov; Alexander Zverev; Dominic Thiem; Marin Cilic; David Goffin; Jack Sock; Stan Wawrinka; Pablo Carreno Busta
2017-12-04,14.8,13.5,26.1,6.0,5.0,0.0,27.97,20.62,198.8,8.0,Rafael Nadal; Roger Federer; Grigor Dimitrov; Alexander Zverev; Dominic Thiem; Marin Cilic; David Goffin; Jack Sock; Stan Wawrinka; Pablo Carreno Busta
2017-12-11,14.8,13.5,26.0,6.0,5.0,0.0,27.99,20.64,199.8,8.0,Rafael Nadal; Roger Federer; Grigor Dimitrov; Alexander Zverev; Dominic Thiem; Marin Cilic; David Goffin; Jack Sock; Stan Wawrinka; Pablo Carreno Busta
2017-12-18,14.8,13.5,26.0,6.0,5.0,0.0,28.01,20.66,200.8,8.0,Rafael Nadal; Roger Federer; Grigor Dimitrov; Alexander Zverev; Dominic Thiem; Marin Cilic; David Goffin; Jack Sock; Stan Wawrinka; Pablo Carreno Busta
2017-12-25,14.8,13.5,26.0,6.0,5.0,0.0,28.03,20.68,201.8,8.0,Rafael Nadal; Roger Federer; Grigor Dimitrov; Alexander Zverev; Dominic Thiem; Marin Cilic; David Goffin; Jack Sock; Stan Wawrinka; Pablo Carreno Busta
2018-01-01,14.8,13.5,26.0,6.0,5.0,0.0,28.05,20.7,202.8,8.0,Rafael Nadal; Roger Federer; Grigor Dimitrov; Alexander Zverev; Dominic Thiem; Marin Cilic; David Goffin; Jack Sock; Stan Wawrinka; Pablo Carreno Busta
2018-01-08,14.8,13.0,25.5,6.0,5.0,0.0,28.07,20.72,203.8,8.0,Rafael Nadal; Roger Federer; Grigor Dimitrov; Alexander Zverev; Dominic Thiem; Marin Cilic; David Goffin; Jack Sock; Stan Wawrinka; Pablo Carreno Busta
2018-01-15,15.4,13.0,23.6,6.0,4.0,1.0,28.37,20.74,226.1,9.0,Rafael Nadal; Roger Federer; Grigor Dimitrov; Alexander Zverev; Dominic Thiem; Marin Cilic; David Goffin; Stan Wawrinka; Jack Sock; Juan Martin del Potro
2018-01-22,15.4,13.0,23.6,6.0,4.0,0.0,28.39,20.76,227.1,9.0,Rafael Nadal; Roger Federer; Grigor Dimitrov; Alexander Zverev; Dominic Thiem; Marin Cilic; David Goffin; Stan Wawrinka; Jack Sock; Juan Martin del Potro
2018-01-29,16.1,12.0,20.9,6.0,4.0,1.0,27.78,20.78,202.8,9.0,Rafael Nadal; Roger Federer; Marin Cilic; Grigor Dimitrov; Alexander Zverev; Dominic Thiem; David Goffin; Jack Sock; Juan Martin del Potro; Pablo Carreno Busta
2018-02-05,15.9,12.0,21.0,6.0,4.0,0.0,27.79,20.8,203.8,9.0,Rafael Nadal; Roger Federer; Marin Cilic; Grigor Dimitrov; Alexander Zverev; Dominic Thiem; David Goffin; Jack Sock; Juan Martin del Potro; Pablo Carreno Busta
2018-02-12,15.3,11.5,20.5,6.0,4.0,0.0,27.81,20.82,204.8,9.0,Rafael Nadal; Roger Federer; Marin Cilic; Alexander Zverev; Grigor Dimitrov; Dominic Thiem; David Goffin; Jack Sock; Juan Martin del Potro; Pablo Carreno Busta
2018-02-19,20.9,11.5,20.0,5.0,3.0,1.0,28.35,20.84,204.2,10.0,Roger Federer; Rafael Nadal; Marin Cilic; Grigor Dimitrov; Alexander Zverev; Dominic Thiem; David Goffin; Jack Sock; Kevin Anderson; Juan Martin del Potro
2018-02-26,20.3,12.0,20.5,6.0,3.0,0.0,28.37,20.85,205.2,10.0,Roger Federer; Rafael Nadal; Marin Cilic; Grigor Dimitrov; Alexander Zverev; Dominic Thiem; David Goffin; Kevin Anderson; Juan Martin del Potro; Jack Sock
2018-03-05,20.9,12.5,20.3,6.0,4.0,0.0,28.39,20.87,206.2,10.0,Roger Federer; Rafael Nadal; Marin Cilic; Grigor Dimitrov; Alexander Zverev; Dominic Thiem; David Goffin; Juan Martin del Potro; Kevin Anderson; Jack Sock
2018-03-12,20.9,12.5,20.3,6.0,4.0,0.0,28.41,20.89,207.2,10.0,Roger Federer; Rafael Nadal; Marin Cilic; Grigor Dimitrov; Alexander Zverev; Dominic Thiem; David Goffin; Juan Martin del Potro; Kevin Anderson; Jack Sock
2018-03-19,19.8,12.5,11.9,6.0,4.0,1.0,28.28,20.91,206.3,10.0,Roger Federer; Rafael Nadal; Marin Cilic; Grigor Dimitrov; Alexander Zverev; Juan Martin del Potro; Dominic Thiem; Kevin Anderson; David Goffin; Lucas Pouille
2018-03-26,19.8,12.5,11.9,6.0,4.0,0.0,28.3,20.93,207.3,10.0,Roger Federer; Rafael Nadal; Marin Cilic; Grigor Dimitrov; Alexander Zverev; Juan Martin del Potro; Dominic Thiem; Kevin Anderson; David Goffin; Lucas Pouille
2018-04-02,19.9,13.0,10.1,6.0,3.0,1.0,29.2,20.95,210.6,10.0,Rafael Nadal; Roger Federer; Marin Cilic; Alexander Zverev; Grigor Dimitrov; Juan Martin del Potro; Dominic Thiem; Kevin Anderson; John Isner; David Goffin
2018-04-09,19.7,13.0,10.1,6.0,3.0,0.0,29.22,20.97,211.6,10.0,Rafael Nadal; Roger Federer; Marin Cilic; Alexander Zverev; Grigor Dimitrov; Juan Martin del Potro; Dominic Thiem; Kevin Anderson; John Isner; David Goffin
2018-04-16,19.6,12.0,10.0,6.0,3.0,0.0,29.24,20.99,212.6,10.0,Rafael Nadal; Roger Federer; Marin Cilic; Alexander Zverev; Grigor Dimitrov; Juan Martin del Potro; Dominic Thiem; Kevin Anderson; John Isner; David Goffin
2018-04-23,19.2,11.0,11.5,5.0,3.0,0.0,29.26,21.01,213.6,10.0,Rafael Nadal; Roger Federer; Alexander Zverev; Marin Cilic; Grigor Dimitrov; Juan Martin del Potro; Dominic Thiem; Kevin Anderson; John Isner; David Goffin
2018-04-30,19.2,11.5,12.2,5.0,3.0,0.0,29.28,21.03,214.6,10.0,Rafael Nadal; Roger Federer; Alexander Zverev; Marin Cilic; Grigor Dimitrov; Juan Martin del Potro; Dominic Thiem; Kevin Anderson; John Isner; David Goffin
2018-05-07,18.0,11.0,11.8,5.0,3.0,0.0,29.3,21.05,215.6,10.0,Rafael Nadal; Roger Federer; Alexander Zverev; Grigor Dimitrov; Marin Cilic; Juan Martin del Potro; Dominic Thiem; Kevin Anderson; John Isner; David Goffin
2018-05-14,18.3,10.5,12.3,5.0,3.0,0.0,29.32,21.07,216.6,10.0,Roger Federer; Rafael Nadal; Alexander Zverev; Grigor Dimitrov; Marin Cilic; Juan Martin del Potro; Kevin Anderson; Dominic Thiem; John Isner; David Goffin
2018-05-21,17.1,10.5,13.1,5.0,3.0,0.0,29.34,21.08,217.6,10.0,Rafael Nadal; Roger Federer; Alexander Zverev; Marin Cilic; Grigor Dimitrov; Juan Martin del Potro; Kevin Anderson; Dominic Thiem; David Goffin; John Isner
2018-05-28,16.7,11.0,12.9,5.0,3.0,0.0,29.36,21.1,218.6,10.0,Rafael Nadal; Roger Federer; Alexander Zverev; Marin Cilic; Grigor Dimitrov; Juan Martin del Potro; Kevin Anderson; Dominic Thiem; David Goffin; John Isner
2018-06-04,16.7,11.0,12.9,5.0,3.0,0.0,29.38,21.12,219.6,10.0,Rafael Nadal; Roger Federer; Alexander Zverev; Marin Cilic; Grigor Dimitrov; Juan Martin del Potro; Kevin Anderson; Dominic Thiem; David Goffin; John Isner
2018-06-11,14.5,11.0,13.9,5.0,5.0,0.0,29.4,21.14,220.6,10.0,Rafael Nadal; Roger Federer; Alexander Zverev; Juan Martin del Potro; Marin Cilic; Grigor Dimitrov; Dominic Thiem; Kevin Anderson; David Goffin; John Isner
2018-06-18,15.0,11.5,13.8,6.0,5.0,0.0,29.42,21.16,221.6,10.0,Roger Federer; Rafael Nadal; Alexander Zverev; Juan Martin del Potro; Grigor Dimitrov; Marin Cilic; Dominic Thiem; Kevin Anderson; David Goffin; John Isner
2018-06-25,15.5,11.5,13.4,6.0,5.0,0.0,29.43,21.18,222.6,10.0,Rafael Nadal; Roger Federer; Alexander Zverev; Juan Martin del Potro; Marin Cilic; Grigor Dimitrov; Dominic Thiem; Kevin Anderson; David Goffin; John Isner
2018-07-02,15.2,11.5,13.5,6.0,5.0,0.0,29.45,21.2,223.6,10.0,Rafael Nadal; Roger Federer; Alexander Zverev; Juan Martin del Potro; Marin Cilic; Grigor Dimitrov; Dominic Thiem; Kevin Anderson; David Goffin; John Isner
2018-07-09,15.2,11.5,13.5,6.0,5.0,0.0,29.47,21.22,224.6,10.0,Rafael Nadal; Roger Federer; Alexander Zverev; Juan Martin del Potro; Marin Cilic; Grigor Dimitrov; Dominic Thiem; Kevin Anderson; David Goffin; John Isner
2018-07-16,13.1,8.5,12.2,4.0,5.0,1.0,29.85,21.24,276.6,10.0,Rafael Nadal; Roger Federer; Alexander Zverev; Juan Martin del Potro; Kevin Anderson; Grigor Dimitrov; Marin Cilic; John Isner; Dominic Thiem; Novak Djokovic
2018-07-23,12.8,8.5,12.2,4.0,5.0,0.0,29.87,21.26,277.6,10.0,Rafael Nadal; Roger Federer; Alexander Zverev; Juan Martin del Potro; Kevin Anderson; Grigor Dimitrov; Marin Cilic; Dominic Thiem; John Isner; Novak Djokovic
2018-07-30,13.7,7.5,12.7,4.0,5.0,0.0,29.88,21.28,278.6,10.0,Rafael Nadal; Roger Federer; Alexander Zverev; Juan Martin del Potro; Kevin Anderson; Grigor Dimitrov; Marin Cilic; Dominic Thiem; John Isner; Novak Djokovic
2018-08-06,12.4,7.5,12.4,4.0,4.0,0.0,29.9,21.3,279.6,10.0,Rafael Nadal; Roger Federer; Alexander Zverev; Juan Martin del Potro; Grigor Dimitrov; Kevin Anderson; Marin Cilic; Dominic Thiem; John Isner; Novak Djokovic
2018-08-13,11.8,7.5,15.0,4.0,5.0,0.0,29.92,21.31,280.6,10.0,Rafael Nadal; Roger Federer; Juan Martin del Potro; Alexander Zverev; Grigor Dimitrov; Kevin Anderson; Marin Cilic; Dominic Thiem; John Isner; Novak Djokovic
2018-08-20,11.2,7.5,16.5,3.0,5.0,1.0,29.38,21.33,281.6,10.0,Rafael Nadal; Roger Federer; Juan Martin del Potro; Alexander Zverev; Kevin Anderson; Novak Djokovic; Marin Cilic; Grigor Dimitrov; Dominic Thiem; David Goffin
2018-08-27,11.3,7.5,16.5,3.0,5.0,0.0,29.4,21.35,282.6,10.0,Rafael Nadal; Roger Federer; Juan Martin del Potro; Alexander Zverev; Kevin Anderson; Novak Djokovic; Marin Cilic; Grigor Dimitrov; Dominic Thiem; David Goffin
2018-09-03,11.3,7.5,16.5,3.0,5.0,0.0,29.42,21.37,283.6,10.0,Rafael Nadal; Roger Federer; Juan Martin del Potro; Alexander Zverev; Kevin Anderson; Novak Djokovic; Marin Cilic; Grigor Dimitrov; Dominic Thiem; David Goffin
2018-09-10,9.0,6.5,17.9,3.0,5.0,1.0,30.0,21.39,284.3,10.0,Rafael Nadal; Roger Federer; Novak Djokovic; Juan Martin del Potro; Alexander Zverev; Marin Cilic; Grigor Dimitrov; Dominic Thiem; Kevin Anderson; John Isner
2018-09-17,9.0,6.5,18.0,3.0,5.0,0.0,30.02,21.41,285.3,10.0,Rafael Nadal; Roger Federer; Novak Djokovic; Juan Martin del Potro; Alexander Zverev; Marin Cilic; Grigor Dimitrov; Dominic Thiem; Kevin Anderson; John Isner
2018-09-24,8.9,6.5,18.0,3.0,5.0,0.0,30.04,21.43,286.3,10.0,Rafael Nadal; Roger Federer; Novak Djokovic; Juan Martin del Potro; Alexander Zverev; Marin Cilic; Dominic Thiem; Grigor Dimitrov; Kevin Anderson; John Isner
2018-10-01,9.0,6.5,18.0,3.0,5.0,0.0,30.06,21.45,287.3,10.0,Rafael Nadal; Roger Federer; Novak Djokovic; Juan Martin del Potro; Alexander Zverev; Marin Cilic; Dominic Thiem; Grigor Dimitrov; Kevin Anderson; John Isner
2018-10-08,8.8,6.5,20.7,3.0,5.0,0.0,30.08,21.47,288.3,10.0,Rafael Nadal; Roger Federer; Novak Djokovic; Juan Martin del Potro; Alexander Zverev; Marin Cilic; Dominic Thiem; Kevin Anderson; Grigor Dimitrov; John Isner
2018-10-15,8.1,6.5,22.7,3.0,5.0,0.0,30.1,21.49,289.3,10.0,Rafael Nadal; Novak Djokovic; Roger Federer; Juan Martin del Potro; Alexander Zverev; Marin Cilic; Dominic Thiem; Kevin Anderson; Grigor Dimitrov; John Isner
2018-10-22,8.2,6.5,22.9,3.0,5.0,0.0,30.11,21.51,290.3,10.0,Rafael Nadal; Novak Djokovic; Roger Federer; Juan Martin del Potro; Alexander Zverev; Marin Cilic; Dominic Thiem; Kevin Anderson; John Isner; Grigor Dimitrov
2018-10-29,8.0,6.5,25.2,3.0,5.0,0.0,30.13,21.52,291.3,10.0,Rafael Nadal; Novak Djokovic; Roger Federer; Juan Martin del Potro; Alexander Zverev; Kevin Anderson; Marin Cilic; Dominic Thiem; John Isner; Grigor Dimitrov
2018-11-05,9.1,8.0,30.1,5.0,5.0,1.0,30.29,21.54,300.3,10.0,Novak Djokovic; Rafael Nadal; Roger Federer; Juan Martin del Potro; Alexander Zverev; Kevin Anderson; Marin Cilic; Dominic Thiem; Kei Nishikori; John Isner
2018-11-12,9.1,8.0,30.3,5.0,5.0,0.0,30.31,21.56,301.3,10.0,Novak Djokovic; Rafael Nadal; Roger Federer; Juan Martin del Potro; Alexander Zverev; Kevin Anderson; Marin Cilic; Dominic Thiem; Kei Nishikori; John Isner
2018-11-19,9.4,8.5,30.3,5.0,5.0,0.0,30.33,21.58,302.3,10.0,Novak Djokovic; Rafael Nadal; Roger Federer; Alexander Zverev; Juan Martin del Potro; Kevin Anderson; Marin Cilic; Dominic Thiem; Kei Nishikori; John Isner
2018-11-26,9.4,8.5,30.2,5.0,5.0,0.0,30.35,21.6,303.3,10.0,Novak Djokovic; Rafael Nadal; Roger Federer; Alexander Zverev; Juan Martin del Potro; Kevin Anderson; Marin Cilic; Dominic Thiem; Kei Nishikori; John Isner
2018-12-03,9.4,8.5,30.2,5.0,5.0,0.0,30.37,21.62,304.3,10.0,Novak Djokovic; Rafael Nadal; Roger Federer; Alexander Zverev; Juan Martin del Potro; Kevin Anderson; Marin Cilic; Dominic Thiem; Kei Nishikori; John Isner
2018-12-10,9.4,8.5,30.1,5.0,5.0,0.0,30.39,21.64,305.3,10.0,Novak Djokovic; Rafael Nadal; Roger Federer; Alexander Zverev; Juan Martin del Potro; Kevin Anderson; Marin Cilic; Dominic Thiem; Kei Nishikori; John Isner
2018-12-17,9.4,8.5,30.1,5.0,5.0,0.0,30.41,21.66,306.3,10.0,Novak Djokovic; Rafael Nadal; Roger Federer; Alexander Zverev; Juan Martin del Potro; Kevin Anderson; Marin Cilic; Dominic Thiem; Kei Nishikori; John Isner
2018-12-24,9.4,8.5,30.1,5.0,5.0,0.0,30.42,21.68,307.3,10.0,Novak Djokovic; Rafael Nadal; Roger Federer; Alexander Zverev; Juan Martin del Potro; Kevin Anderson; Marin Cilic; Dominic Thiem; Kei Nishikori; John Isner
2018-12-31,9.4,8.5,30.1,5.0,5.0,0.0,30.44,21.7,308.3,10.0,Novak Djokovic; Rafael Nadal; Roger Federer; Alexander Zverev; Juan Martin del Potro; Kevin Anderson; Marin Cilic; Dominic Thiem; Kei Nishikori; John Isner
2019-01-07,9.5,8.5,35.7,5.0,5.0,0.0,30.46,21.72,309.3,10.0,Novak Djokovic; Rafael Nadal; Roger Federer; Alexander Zverev; Juan Martin del Potro; Kevin Anderson; Marin Cilic; Dominic Thiem; Kei Nishikori; John Isner
2019-01-14,9.4,8.0,33.5,4.0,5.0,0.0,30.48,21.74,310.3,10.0,Novak Djokovic; Rafael Nadal; Roger Federer; Alexander Zverev; Juan Martin del Potro; Kevin Anderson; Marin Cilic; Dominic Thiem; Kei Nishikori; John Isner
2019-01-21,9.4,8.0,33.7,4.0,5.0,0.0,30.5,21.75,311.3,10.0,Novak Djokovic; Rafael Nadal; Roger Federer; Alexander Zverev; Juan Martin del Potro; Kevin Anderson; Marin Cilic; Dominic Thiem; Kei Nishikori; John Isner
2019-01-28,9.5,7.5,33.7,4.0,5.0,0.0,30.52,21.77,312.3,10.0,Novak Djokovic; Rafael Nadal; Alexander Zverev; Juan Martin del Potro; Kevin Anderson; Roger Federer; Kei Nishikori; Dominic Thiem; John Isner; Marin Cilic
2019-02-04,9.5,7.5,33.5,4.0,5.0,0.0,30.54,21.79,313.3,10.0,Novak Djokovic; Rafael Nadal; Alexander Zverev; Juan Martin del Potro; Kevin Anderson; Roger Federer; Kei Nishikori; Dominic Thiem; John Isner; Marin Cilic
2019-02-11,9.5,7.5,33.5,4.0,5.0,0.0,30.56,21.81,314.3,10.0,Novak Djokovic; Rafael Nadal; Alexander Zverev; Juan Martin del Potro; Kevin Anderson; Roger Federer; Kei Nishikori; Dominic Thiem; John Isner; Marin Cilic
2019-02-18,9.4,7.5,34.3,3.0,5.0,0.0,30.58,21.83,315.3,10.0,Novak Djokovic; Rafael Nadal; Alexander Zverev; Juan Martin del Potro; Kevin Anderson; Kei Nishikori; Roger Federer; Dominic Thiem; John Isner; Marin Cilic
2019-02-25,9.2,7.0,35.4,3.0,5.0,0.0,30.6,21.85,316.3,10.0,Novak Djokovic; Rafael Nadal; Alexander Zverev; Juan Martin del Potro; Kevin Anderson; Kei Nishikori; Roger Federer; Dominic Thiem; John Isner; Marin Cilic
2019-03-04,15.8,8.5,32.6,4.0,4.0,1.0,29.63,20.56,298.3,10.0,Novak Djokovic; Rafael Nadal; Alexander Zverev; Roger Federer; Juan Martin del Potro; Kevin Anderson; Kei Nishikori; Dominic Thiem; John Isner; Stefanos Tsitsipas
2019-03-11,15.8,8.5,32.6,4.0,4.0,0.0,29.65,20.58,299.3,10.0,Novak Djokovic; Rafael Nadal; Alexander Zverev; Roger Federer; Juan Martin del Potro; Kevin Anderson; Kei Nishikori; Dominic Thiem; John Isner; Stefanos Tsitsipas
2019-03-18,16.1,7.5,32.6,4.0,4.0,0.0,29.67,20.6,300.3,10.0,Novak Djokovic; Rafael Nadal; Alexander Zverev; Dominic Thiem; Roger Federer; Kei Nishikori; Kevin Anderson; Juan Martin del Potro; John Isner; Stefanos Tsitsipas
2019-03-25,16.1,7.5,32.6,4.0,4.0,0.0,29.69,20.62,301.3,10.0,Novak Djokovic; Rafael Nadal; Alexander Zverev; Dominic Thiem; Roger Federer; Kei Nishikori; Kevin Anderson; Juan Martin del Potro; John Isner; Stefanos Tsitsipas
2019-04-01,15.8,7.5,32.6,3.0,4.0,0.0,29.71,20.64,302.3,10.0,Novak Djokovic; Rafael Nadal; Alexander Zverev; Roger Federer; Dominic Thiem; Kei Nishikori; Kevin Anderson; Stefanos Tsitsipas; Juan Martin del Potro; John Isner
2019-04-08,15.8,7.5,32.6,3.0,4.0,0.0,29.73,20.65,303.3,10.0,Novak Djokovic; Rafael Nadal; Alexander Zverev; Roger Federer; Dominic Thiem; Kei Nishikori; Kevin Anderson; Stefanos Tsitsipas; Juan Martin del Potro; John Isner
2019-04-15,15.7,7.5,32.6,3.0,4.0,0.0,29.74,20.67,304.3,10.0,Novak Djokovic; Rafael Nadal; Alexander Zverev; Roger Federer; Dominic Thiem; Kei Nishikori; Kevin Anderson; Stefanos Tsitsipas; Juan Martin del Potro; John Isner
2019-04-22,13.3,7.5,32.6,3.0,4.0,0.0,29.76,20.69,305.3,10.0,Novak Djokovic; Rafael Nadal; Alexander Zverev; Roger Federer; Dominic Thiem; Kevin Anderson; Kei Nishikori; Stefanos Tsitsipas; Juan Martin del Potro; John Isner
2019-04-29,11.3,7.5,32.6,3.0,4.0,0.0,29.78,20.71,306.3,10.0,Novak Djokovic; Rafael Nadal; Alexander Zverev; Roger Federer; Dominic Thiem; Kevin Anderson; Kei Nishikori; Juan Martin del Potro; John Isner; Stefanos Tsitsipas
2019-05-06,10.8,7.5,32.6,3.0,4.0,0.0,29.8,20.73,307.3,10.0,Novak Djokovic; Rafael Nadal; Roger Federer; Alexander Zverev; Dominic Thiem; Kevin Anderson; Kei Nishikori; Juan Martin del Potro; Stefanos Tsitsipas; John Isner
2019-05-13,11.7,6.5,34.2,3.0,4.0,1.0,29.48,20.75,319.3,10.0,Novak Djokovic; Rafael Nadal; Roger Federer; Dominic Thiem; Alexander Zverev; Kei Nishikori; Stefanos Tsitsipas; Kevin Anderson; Juan Martin del Potro; Marin Cilic
2019-05-20,12.0,7.5,32.6,3.0,4.0,1.0,29.84,20.77,309.2,10.0,Novak Djokovic; Rafael Nadal; Roger Federer; Dominic Thiem; Alexander Zverev; Stefanos Tsitsipas; Kei Nishikori; Kevin Anderson; Juan Martin del Potro; John Isner
2019-05-27,11.9,7.5,32.6,3.0,4.0,0.0,29.86,20.79,310.2,10.0,Novak Djokovic; Rafael Nadal; Roger Federer; Dominic Thiem; Alexander Zverev; Stefanos Tsitsipas; Kei Nishikori; Kevin Anderson; Juan Martin del Potro; John Isner
2019-06-03,11.9,7.5,32.6,3.0,4.0,0.0,29.88,20.81,311.2,10.0,Novak Djokovic; Rafael Nadal; Roger Federer; Dominic Thiem; Alexander Zverev; Stefanos Tsitsipas; Kei Nishikori; Kevin Anderson; Juan Martin del Potro; John Isner
2019-06-10,15.8,11.5,20.3,5.0,4.0,2.0,28.92,20.83,273.9,10.0,Novak Djokovic; Rafael Nadal; Roger Federer; Dominic Thiem; Alexander Zverev; Stefanos Tsitsipas; Kei Nishikori; Kevin Anderson; Karen Khachanov; Fabio Fognini
2019-06-17,15.6,11.5,20.3,5.0,4.0,0.0,28.94,20.85,274.9,10.0,Novak Djokovic; Rafael Nadal; Roger Federer; Dominic Thiem; Alexander Zverev; Stefanos Tsitsipas; Kei Nishikori; Kevin Anderson; Karen Khachanov; Fabio Fognini
2019-06-24,15.6,12.0,20.3,5.0,4.0,0.0,28.96,20.87,275.9,10.0,Novak Djokovic; Rafael Nadal; Roger Federer; Dominic Thiem; Alexander Zverev; Stefanos Tsitsipas; Kei Nishikori; Kevin Anderson; Karen Khachanov; Fabio Fognini
2019-07-01,16.1,12.0,20.3,5.0,4.0,0.0,28.98,20.88,276.9,10.0,Novak Djokovic; Rafael Nadal; Roger Federer; Dominic Thiem; Alexander Zverev; Stefanos Tsitsipas; Kei Nishikori; Kevin Anderson; Karen Khachanov; Fabio Fognini
2019-07-08,16.1,12.0,20.3,5.0,4.0,0.0,29.0,20.9,277.9,10.0,Novak Djokovic; Rafael Nadal; Roger Federer; Dominic Thiem; Alexander Zverev; Stefanos Tsitsipas; Kei Nishikori; Kevin Anderson; Karen Khachanov; Fabio Fognini
2019-07-15,18.7,12.5,8.5,5.0,3.0,1.0,28.05,20.92,271.5,9.0,Novak Djokovic; Rafael Nadal; Roger Federer; Dominic Thiem; Alexander Zverev; Stefanos Tsitsipas; Kei Nishikori; Karen Khachanov; Fabio Fognini; Daniil Medvedev
2019-07-22,18.6,12.0,8.5,5.0,3.0,0.0,28.07,20.94,272.5,9.0,Novak Djokovic; Rafael Nadal; Roger Federer; Dominic Thiem; Alexander Zverev; Stefanos Tsitsipas; Kei Nishikori; Karen Khachanov; Daniil Medvedev; Fabio Fognini
2019-07-29,19.1,12.5,8.5,5.0,3.0,0.0,28.09,20.96,273.5,9.0,Novak Djokovic; Rafael Nadal; Roger Federer; Dominic Thiem; Alexander Zverev; Stefanos Tsitsipas; Kei Nishikori; Karen Khachanov; Fabio Fognini; Daniil Medvedev
2019-08-05,18.5,9.0,19.7,4.0,3.0,1.0,28.21,20.98,281.1,9.0,Novak Djokovic; Rafael Nadal; Roger Federer; Dominic Thiem; Stefanos Tsitsipas; Kei Nishikori; Alexander Zverev; Karen Khachanov; Daniil Medvedev; Kevin Anderson
2019-08-12,16.0,12.0,8.5,5.0,3.0,1.0,28.12,21.0,275.4,9.0,Novak Djokovic; Rafael Nadal; Roger Federer; Dominic Thiem; Kei Nishikori; Alexander Zverev; Stefanos Tsitsipas; Daniil Medvedev; Karen Khachanov; Fabio Fognini
2019-08-19,16.1,12.0,8.6,5.0,3.0,1.0,28.05,21.02,275.5,8.0,Novak Djokovic; Rafael Nadal; Roger Federer; Dominic Thiem; Daniil Medvedev; Alexander Zverev; Kei Nishikori; Stefanos Tsitsipas; Karen Khachanov; Roberto Bautista Agut
2019-08-26,14.0,12.0,8.7,5.0,3.0,0.0,28.07,21.04,276.5,8.0,Novak Djokovic; Rafael Nadal; Roger Federer; Dominic Thiem; Daniil Medvedev; Alexander Zverev; Kei Nishikori; Stefanos Tsitsipas; Karen Khachanov; Roberto Bautista Agut
2019-09-02,14.0,12.0,8.9,5.0,3.0,0.0,28.09,21.06,277.5,8.0,Novak Djokovic; Rafael Nadal; Roger Federer; Dominic Thiem; Daniil Medvedev; Alexander Zverev; Kei Nishikori; Stefanos Tsitsipas; Karen Khachanov; Roberto Bautista Agut
2019-09-09,13.2,10.0,8.9,5.0,3.0,0.0,28.11,21.08,278.5,8.0,Novak Djokovic; Rafael Nadal; Roger Federer; Daniil Medvedev; Dominic Thiem; Alexander Zverev; Stefanos Tsitsipas; Kei Nishikori; Karen Khachanov; Roberto Bautista Agut
2019-09-16,13.1,10.0,8.9,5.0,2.0,0.0,28.13,21.1,279.5,8.0,Novak Djokovic; Rafael Nadal; Roger Federer; Daniil Medvedev; Dominic Thiem; Alexander Zverev; Stefanos Tsitsipas; Kei Nishikori; Karen Khachanov; Roberto Bautista Agut
2019-09-23,12.7,9.5,9.0,5.0,3.0,0.0,28.15,21.11,280.5,8.0,Novak Djokovic; Rafael Nadal; Roger Federer; Daniil Medvedev; Dominic Thiem; Alexander Zverev; Stefanos Tsitsipas; Kei Nishikori; Karen Khachanov; Roberto Bautista Agut
2019-09-30,12.7,9.5,8.9,5.0,2.0,0.0,28.17,21.13,281.5,8.0,Novak Djokovic; Rafael Nadal; Roger Federer; Daniil Medvedev; Dominic Thiem; Alexander Zverev; Stefanos Tsitsipas; Kei Nishikori; Karen Khachanov; Roberto Bautista Agut
2019-10-07,12.2,9.5,8.9,5.0,2.0,0.0,28.19,21.15,282.5,8.0,Novak Djokovic; Rafael Nadal; Roger Federer; Daniil Medvedev; Dominic Thiem; Alexander Zverev; Stefanos Tsitsipas; Kei Nishikori; Karen Khachanov; Roberto Bautista Agut
2019-10-14,11.7,9.0,9.3,5.0,3.0,0.0,28.21,21.17,283.5,8.0,Novak Djokovic; Rafael Nadal; Roger Federer; Daniil Medvedev; Dominic Thiem; Alexander Zverev; Stefanos Tsitsipas; Karen Khachanov; Kei Nishikori; Roberto Bautista Agut
2019-10-21,11.0,9.0,9.4,5.0,3.0,0.0,28.23,21.19,284.5,8.0,Novak Djokovic; Rafael Nadal; Roger Federer; Daniil Medvedev; Dominic Thiem; Alexander Zverev; Stefanos Tsitsipas; Kei Nishikori; Karen Khachanov; Roberto Bautista Agut
2019-10-28,14.8,12.0,6.9,5.0,2.0,1.0,27.62,21.21,264.3,8.0,Novak Djokovic; Rafael Nadal; Roger Federer; Daniil Medvedev; Dominic Thiem; Alexander Zverev; Stefanos Tsitsipas; Karen Khachanov; Matteo Berrettini; Roberto Bautista Agut
2019-11-04,15.7,11.5,6.2,5.0,2.0,1.0,28.61,21.23,270.1,9.0,Rafael Nadal; Novak Djokovic; Roger Federer; Daniil Medvedev; Dominic Thiem; Stefanos Tsitsipas; Alexander Zverev; Matteo Berrettini; Roberto Bautista Agut; Gael Monfils
2019-11-11,15.7,11.5,6.2,5.0,2.0,0.0,28.63,21.25,271.1,9.0,Rafael Nadal; Novak Djokovic; Roger Federer; Daniil Medvedev; Dominic Thiem; Stefanos Tsitsipas; Alexander Zverev; Matteo Berrettini; Roberto Bautista Agut; Gael Monfils
2019-11-18,15.6,11.5,6.2,5.0,2.0,0.0,28.65,21.27,272.1,9.0,Rafael Nadal; Novak Djokovic; Roger Federer; Dominic Thiem; Daniil Medvedev; Stefanos Tsitsipas; Alexander Zverev; Matteo Berrettini; Roberto Bautista Agut; Gael Monfils
2019-11-25,15.6,11.5,6.2,5.0,2.0,0.0,28.67,21.29,273.1,9.0,Rafael Nadal; Novak Djokovic; Roger Federer; Dominic Thiem; Daniil Medvedev; Stefanos Tsitsipas; Alexander Zverev; Matteo Berrettini; Roberto Bautista Agut; Gael Monfils
2019-12-02,15.6,11.5,6.2,5.0,2.0,0.0,28.68,21.31,274.1,9.0,Rafael Nadal; Novak Djokovic; Roger Federer; Dominic Thiem; Daniil Medvedev; Stefanos Tsitsipas; Alexander Zverev; Matteo Berrettini; Roberto Bautista Agut; Gael Monfils
2019-12-09,15.6,11.5,6.2,5.0,2.0,0.0,28.7,21.33,275.1,9.0,Rafael Nadal; Novak Djokovic; Roger Federer; Dominic Thiem; Daniil Medvedev; Stefanos Tsitsipas; Alexander Zverev; Matteo Berrettini; Roberto Bautista Agut; Gael Monfils
2019-12-16,15.6,11.5,6.2,5.0,2.0,0.0,28.72,21.34,276.1,9.0,Rafael Nadal; Novak Djokovic; Roger Federer; Dominic Thiem; Daniil Medvedev; Stefanos Tsitsipas; Alexander Zverev; Matteo Berrettini; Roberto Bautista Agut; Gael Monfils
2019-12-23,15.6,11.5,6.2,5.0,2.0,0.0,28.74,21.36,277.1,9.0,Rafael Nadal; Novak Djokovic; Roger Federer; Dominic Thiem; Daniil Medvedev; Stefanos Tsitsipas; Alexander Zverev; Matteo Berrettini; Roberto Bautista Agut; Gael Monfils
2019-12-30,15.6,11.5,6.2,5.0,2.0,0.0,28.76,21.38,278.1,9.0,Rafael Nadal; Novak Djokovic; Roger Federer; Dominic Thiem; Daniil Medvedev; Stefanos Tsitsipas; Alexander Zverev; Matteo Berrettini; Roberto Bautista Agut; Gael Monfils
2020-01-06,15.6,11.5,6.2,5.0,2.0,0.0,28.78,21.4,279.1,9.0,Rafael Nadal; Novak Djokovic; Roger Federer; Dominic Thiem; Daniil Medvedev; Stefanos Tsitsipas; Alexander Zverev; Matteo Berrettini; Gael Monfils; Roberto Bautista Agut
2020-01-13,16.3,11.5,6.2,5.0,2.0,0.0,28.8,21.42,280.1,9.0,Rafael Nadal; Novak Djokovic; Roger Federer; Daniil Medvedev; Dominic Thiem; Stefanos Tsitsipas; Alexander Zverev; Matteo Berrettini; Roberto Bautista Agut; Gael Monfils
2020-01-20,16.3,11.5,6.2,5.0,2.0,0.0,28.82,21.44,281.1,9.0,Rafael Nadal; Novak Djokovic; Roger Federer; Daniil Medvedev; Dominic Thiem; Stefanos Tsitsipas; Alexander Zverev; Matteo Berrettini; Roberto Bautista Agut; Gael Monfils
2020-01-27,15.2,10.0,6.2,5.0,2.0,0.0,28.84,21.46,282.1,9.0,Rafael Nadal; Novak Djokovic; Roger Federer; Daniil Medvedev; Dominic Thiem; Stefanos Tsitsipas; Alexander Zverev; Matteo Berrettini; Roberto Bautista Agut; Gael Monfils
2020-02-03,15.5,10.0,6.3,5.0,2.0,1.0,28.59,21.48,285.5,10.0,Novak Djokovic; Rafael Nadal; Roger Federer; Dominic Thiem; Daniil Medvedev; Stefanos Tsitsipas; Alexander Zverev; Matteo Berrettini; Gael Monfils; David Goffin
2020-02-10,14.8,10.0,6.4,5.0,2.0,0.0,28.61,21.5,286.5,10.0,Novak Djokovic; Rafael Nadal; Roger Federer; Dominic Thiem; Daniil Medvedev; Stefanos Tsitsipas; Alexander Zverev; Matteo Berrettini; Gael Monfils; David Goffin
2020-02-17,14.3,10.0,6.4,5.0,2.0,0.0,28.63,21.52,287.5,10.0,Novak Djokovic; Rafael Nadal; Roger Federer; Dominic Thiem; Daniil Medvedev; Stefanos Tsitsipas; Alexander Zverev; Matteo Berrettini; Gael Monfils; David Goffin
2020-02-24,14.7,9.5,6.5,5.0,2.0,0.0,28.65,21.54,288.5,10.0,Novak Djokovic; Rafael Nadal; Roger Federer; Dominic Thiem; Daniil Medvedev; Stefanos Tsitsipas; Alexander Zverev; Matteo Berrettini; Gael Monfils; David Goffin
2020-03-02,14.0,9.0,6.4,4.0,2.0,0.0,28.67,21.56,289.5,10.0,Novak Djokovic; Rafael Nadal; Dominic Thiem; Roger Federer; Daniil Medvedev; Stefanos Tsitsipas; Alexander Zverev; Matteo Berrettini; Gael Monfils; David Goffin
2020-03-09,14.0,9.0,6.4,4.0,2.0,0.0,28.69,21.57,290.5,10.0,Novak Djokovic; Rafael Nadal; Dominic Thiem; Roger Federer; Daniil Medvedev; Stefanos Tsitsipas; Alexander Zverev; Matteo Berrettini; Gael Monfils; David Goffin
2020-03-16,13.0,7.5,6.5,4.0,2.0,0.0,28.71,21.59,291.5,10.0,Novak Djokovic; Rafael Nadal; Dominic Thiem; Roger Federer; Daniil Medvedev; Stefanos Tsitsipas; Alexander Zverev; Matteo Berrettini; Gael Monfils; David Goffin
2020-08-24,8.2,5.5,8.8,3.0,2.0,0.0,29.15,22.03,292.5,10.0,Novak Djokovic; Rafael Nadal; Dominic Thiem; Roger Federer; Daniil Medvedev; Stefanos Tsitsipas; Alexander Zverev; Matteo Berrettini; Gael Monfils; David Goffin
2020-08-31,8.2,5.5,8.8,3.0,2.0,0.0,29.17,22.05,293.5,10.0,Novak Djokovic; Rafael Nadal; Dominic Thiem; Roger Federer; Daniil Medvedev; Stefanos Tsitsipas; Alexander Zverev; Matteo Berrettini; Gael Monfils; David Goffin
2020-09-07,6.7,5.5,8.8,3.0,2.0,0.0,29.19,22.07,294.5,10.0,Novak Djokovic; Rafael Nadal; Dominic Thiem; Roger Federer; Daniil Medvedev; Stefanos Tsitsipas; Alexander Zverev; Matteo Berrettini; Gael Monfils; David Goffin
2020-09-14,6.3,5.5,7.8,2.0,2.0,1.0,29.47,22.09,292.1,9.0,Novak Djokovic; Rafael Nadal; Dominic Thiem; Roger Federer; Daniil Medvedev; Stefanos Tsitsipas; Alexander Zverev; Matteo Berrettini; Gael Monfils; Roberto Bautista Agut
2020-09-21,8.7,5.5,7.2,3.0,2.0,1.0,28.39,21.44,290.6,10.0,Novak Djokovic; Rafael Nadal; Dominic Thiem; Roger Federer; Daniil Medvedev; Stefanos Tsitsipas; Alexander Zverev; Matteo Berrettini; Gael Monfils; Denis Shapovalov
2020-09-28,6.2,5.5,7.8,2.0,2.0,1.0,29.51,22.13,294.0,9.0,Novak Djokovic; Rafael Nadal; Dominic Thiem; Roger Federer; Daniil Medvedev; Stefanos Tsitsipas; Alexander Zverev; Matteo Berrettini; Gael Monfils; Roberto Bautista Agut
2020-10-05,6.2,5.5,7.7,2.0,2.0,0.0,29.53,22.15,295.0,9.0,Novak Djokovic; Rafael Nadal; Dominic Thiem; Roger Federer; Daniil Medvedev; Stefanos Tsitsipas; Alexander Zverev; Matteo Berrettini; Gael Monfils; Roberto Bautista Agut
2020-10-12,8.5,5.5,6.0,3.0,1.0,2.0,28.0,22.17,283.7,9.0,Novak Djokovic; Rafael Nadal; Dominic Thiem; Roger Federer; Stefanos Tsitsipas; Daniil Medvedev; Alexander Zverev; Diego Schwartzman; Matteo Berrettini; Andrey Rublev
2020-10-19,7.6,5.5,6.1,3.0,2.0,0.0,28.02,22.19,284.7,9.0,Novak Djokovic; Rafael Nadal; Dominic Thiem; Roger Federer; Stefanos Tsitsipas; Daniil Medvedev; Alexander Zverev; Andrey Rublev; Diego Schwartzman; Matteo Berrettini
2020-10-26,7.4,5.5,6.8,2.0,2.0,0.0,28.04,22.21,285.7,9.0,Novak Djokovic; Rafael Nadal; Dominic Thiem; Roger Federer; Stefanos Tsitsipas; Daniil Medvedev; Alexander Zverev; Andrey Rublev; Diego Schwartzman; Matteo Berrettini
2020-11-02,7.3,5.5,6.9,2.0,3.0,0.0,28.06,22.23,286.7,9.0,Novak Djokovic; Rafael Nadal; Dominic Thiem; Roger Federer; Daniil Medvedev; Stefanos Tsitsipas; Alexander Zverev; Andrey Rublev; Diego Schwartzman; Matteo Berrettini
2020-11-09,7.3,5.5,7.1,2.0,3.0,0.0,28.08,22.25,287.7,9.0,Novak Djokovic; Rafael Nadal; Dominic Thiem; Daniil Medvedev; Roger Federer; Stefanos Tsitsipas; Alexander Zverev; Andrey Rublev; Diego Schwartzman; Matteo Berrettini
2020-11-16,7.3,5.5,7.2,2.0,3.0,0.0,28.1,22.26,288.7,9.0,Novak Djokovic; Rafael Nadal; Dominic Thiem; Daniil Medvedev; Roger Federer; Stefanos Tsitsipas; Alexander Zverev; Andrey Rublev; Diego Schwartzman; Matteo Berrettini
2020-11-23,7.3,5.5,7.2,2.0,3.0,0.0,28.11,22.28,289.7,9.0,Novak Djokovic; Rafael Nadal; Dominic Thiem; Daniil Medvedev; Roger Federer; Stefanos Tsitsipas; Alexander Zverev; Andrey Rublev; Diego Schwartzman; Matteo Berrettini
2020-11-30,7.3,5.5,7.2,2.0,3.0,0.0,28.13,22.3,290.7,9.0,Novak Djokovic; Rafael Nadal; Dominic Thiem; Daniil Medvedev; Roger Federer; Stefanos Tsitsipas; Alexander Zverev; Andrey Rublev; Diego Schwartzman; Matteo Berrettini
2020-12-07,7.3,5.5,7.2,2.0,3.0,0.0,28.15,22.32,291.7,9.0,Novak Djokovic; Rafael Nadal; Dominic Thiem; Daniil Medvedev; Roger Federer; Stefanos Tsitsipas; Alexander Zverev; Andrey Rublev; Diego Schwartzman; Matteo Berrettini
2020-12-14,7.3,5.5,7.2,2.0,3.0,0.0,28.17,22.34,292.7,9.0,Novak Djokovic; Rafael Nadal; Dominic Thiem; Daniil Medvedev; Roger Federer; Stefanos Tsitsipas; Alexander Zverev; Andrey Rublev; Diego Schwartzman; Matteo Berrettini
2020-12-21,7.3,5.5,7.2,2.0,3.0,0.0,28.19,22.36,293.7,9.0,Novak Djokovic; Rafael Nadal; Dominic Thiem; Daniil Medvedev; Roger Federer; Stefanos Tsitsipas; Alexander Zverev; Andrey Rublev; Diego Schwartzman; Matteo Berrettini
2020-12-28,7.3,5.5,7.2,2.0,3.0,0.0,28.21,22.38,294.7,9.0,Novak Djokovic; Rafael Nadal; Dominic Thiem; Daniil Medvedev; Roger Federer; Stefanos Tsitsipas; Alexander Zverev; Andrey Rublev; Diego Schwartzman; Matteo Berrettini
2021-01-04,7.2,5.5,7.2,2.0,3.0,0.0,28.23,22.4,295.7,9.0,Novak Djokovic; Rafael Nadal; Dominic Thiem; Daniil Medvedev; Roger Federer; Stefanos Tsitsipas; Alexander Zverev; Andrey Rublev; Diego Schwartzman; Matteo Berrettini
2021-01-11,6.8,5.5,7.2,2.0,3.0,0.0,28.25,22.42,296.7,9.0,Novak Djokovic; Rafael Nadal; Dominic Thiem; Daniil Medvedev; Roger Federer; Stefanos Tsitsipas; Alexander Zverev; Andrey Rublev; Diego Schwartzman; Matteo Berrettini
2021-01-18,6.6,5.5,7.4,2.0,3.0,0.0,28.27,22.44,297.7,9.0,Novak Djokovic; Rafael Nadal; Dominic Thiem; Daniil Medvedev; Roger Federer; Stefanos Tsitsipas; Alexander Zverev; Andrey Rublev; Diego Schwartzman; Matteo Berrettini
2021-01-25,6.6,5.5,7.4,2.0,3.0,0.0,28.29,22.46,298.7,9.0,Novak Djokovic; Rafael Nadal; Dominic Thiem; Daniil Medvedev; Roger Federer; Stefanos Tsitsipas; Alexander Zverev; Andrey Rublev; Diego Schwartzman; Matteo Berrettini
2021-02-01,6.5,5.5,10.9,2.0,3.0,0.0,28.31,22.48,299.7,9.0,Novak Djokovic; Rafael Nadal; Dominic Thiem; Daniil Medvedev; Roger Federer; Stefanos Tsitsipas; Alexander Zverev; Andrey Rublev; Diego Schwartzman; Matteo Berrettini
2021-02-08,6.5,5.5,11.2,2.0,3.0,0.0,28.32,22.49,300.7,9.0,Novak Djokovic; Rafael Nadal; Dominic Thiem; Daniil Medvedev; Roger Federer; Stefanos Tsitsipas; Alexander Zverev; Andrey Rublev; Diego Schwartzman; Matteo Berrettini
2021-02-15,6.3,5.5,11.2,2.0,3.0,0.0,28.34,22.51,301.7,9.0,Novak Djokovic; Rafael Nadal; Dominic Thiem; Daniil Medvedev; Roger Federer; Stefanos Tsitsipas; Alexander Zverev; Andrey Rublev; Diego Schwartzman; Matteo Berrettini
2021-02-22,6.3,5.5,12.2,2.0,3.0,0.0,28.36,22.53,302.7,9.0,Novak Djokovic; Rafael Nadal; Daniil Medvedev; Dominic Thiem; Roger Federer; Stefanos Tsitsipas; Alexander Zverev; Andrey Rublev; Diego Schwartzman; Matteo Berrettini
2021-03-01,6.3,5.5,12.0,2.0,3.0,0.0,28.38,22.55,303.7,9.0,Novak Djokovic; Rafael Nadal; Daniil Medvedev; Dominic Thiem; Roger Federer; Stefanos Tsitsipas; Alexander Zverev; Andrey Rublev; Diego Schwartzman; Matteo Berrettini
2021-03-08,6.3,5.5,11.9,2.0,3.0,0.0,28.4,22.57,304.7,9.0,Novak Djokovic; Rafael Nadal; Daniil Medvedev; Dominic Thiem; Stefanos Tsitsipas; Roger Federer; Alexander Zverev; Andrey Rublev; Diego Schwartzman; Matteo Berrettini
2021-03-15,6.3,5.5,11.9,2.0,3.0,0.0,28.42,22.59,305.7,9.0,Novak Djokovic; Daniil Medvedev; Rafael Nadal; Dominic Thiem; Stefanos Tsitsipas; Roger Federer; Alexander Zverev; Andrey Rublev; Diego Schwartzman; Matteo Berrettini
2021-03-22,6.3,5.5,11.9,2.0,3.0,0.0,28.44,22.61,306.7,9.0,Novak Djokovic; Daniil Medvedev; Rafael Nadal; Dominic Thiem; Stefanos Tsitsipas; Roger Federer; Alexander Zverev; Andrey Rublev; Diego Schwartzman; Matteo Berrettini
2021-03-29,6.3,5.5,11.9,2.0,3.0,0.0,28.46,22.63,307.7,9.0,Novak Djokovic; Daniil Medvedev; Rafael Nadal; Dominic Thiem; Stefanos Tsitsipas; Roger Federer; Alexander Zverev; Andrey Rublev; Diego Schwartzman; Matteo Berrettini
2021-04-05,6.3,5.5,13.9,2.0,3.0,0.0,28.48,22.65,308.7,9.0,Novak Djokovic; Daniil Medvedev; Rafael Nadal; Dominic Thiem; Stefanos Tsitsipas; Alexander Zverev; Roger Federer; Andrey Rublev; Diego Schwartzman; Matteo Berrettini
2021-04-12,6.3,5.5,13.9,2.0,3.0,0.0,28.5,22.67,309.7,9.0,Novak Djokovic; Daniil Medvedev; Rafael Nadal; Dominic Thiem; Stefanos Tsitsipas; Alexander Zverev; Roger Federer; Andrey Rublev; Diego Schwartzman; Matteo Berrettini
2021-04-19,6.3,5.5,14.0,2.0,3.0,0.0,28.52,22.69,310.7,9.0,Novak Djokovic; Daniil Medvedev; Rafael Nadal; Dominic Thiem; Stefanos Tsitsipas; Alexander Zverev; Andrey Rublev; Roger Federer; Diego Schwartzman; Matteo Berrettini
2021-04-26,6.3,5.5,17.8,2.0,3.0,0.0,28.54,22.7,311.7,9.0,Novak Djokovic; Rafael Nadal; Daniil Medvedev; Dominic Thiem; Stefanos Tsitsipas; Alexander Zverev; Andrey Rublev; Roger Federer; Diego Schwartzman; Matteo Berrettini
2021-05-03,6.3,5.5,17.6,2.0,3.0,0.0,28.55,22.72,312.7,9.0,Novak Djokovic; Rafael Nadal; Daniil Medvedev; Dominic Thiem; Stefanos Tsitsipas; Alexander Zverev; Andrey Rublev; Roger Federer; Diego Schwartzman; Matteo Berrettini
2021-05-10,6.3,5.5,25.3,2.0,3.0,0.0,28.57,22.74,313.7,9.0,Novak Djokovic; Daniil Medvedev; Rafael Nadal; Dominic Thiem; Stefanos Tsitsipas; Alexander Zverev; Andrey Rublev; Roger Federer; Matteo Berrettini; Diego Schwartzman
2021-05-17,6.3,5.5,28.8,2.0,3.0,0.0,28.59,22.76,314.7,9.0,Novak Djokovic; Daniil Medvedev; Rafael Nadal; Dominic Thiem; Stefanos Tsitsipas; Alexander Zverev; Andrey Rublev; Roger Federer; Matteo Berrettini; Diego Schwartzman
2021-05-24,6.3,5.5,28.4,2.0,3.0,0.0,28.61,22.78,315.7,9.0,Novak Djokovic; Daniil Medvedev; Rafael Nadal; Dominic Thiem; Stefanos Tsitsipas; Alexander Zverev; Andrey Rublev; Roger Federer; Matteo Berrettini; Diego Schwartzman
2021-05-31,6.3,5.5,28.4,2.0,3.0,0.0,28.63,22.8,316.7,9.0,Novak Djokovic; Daniil Medvedev; Rafael Nadal; Dominic Thiem; Stefanos Tsitsipas; Alexander Zverev; Andrey Rublev; Roger Federer; Matteo Berrettini; Diego Schwartzman
2021-06-07,6.3,5.5,29.6,2.0,3.0,0.0,28.65,22.82,317.7,9.0,Novak Djokovic; Daniil Medvedev; Rafael Nadal; Dominic Thiem; Stefanos Tsitsipas; Alexander Zverev; Andrey Rublev; Roger Federer; Matteo Berrettini; Diego Schwartzman
2021-06-14,6.2,5.5,47.4,2.0,3.0,1.0,29.1,22.84,317.9,8.0,Novak Djokovic; Daniil Medvedev; Rafael Nadal; Stefanos Tsitsipas; Dominic Thiem; Alexander Zverev; Andrey Rublev; Roger Federer; Matteo Berrettini; Roberto Bautista Agut
2021-06-21,6.2,5.5,49.4,2.0,4.0,0.0,29.12,22.86,318.9,8.0,Novak Djokovic; Daniil Medvedev; Rafael Nadal; Stefanos Tsitsipas; Dominic Thiem; Alexander Zverev; Andrey Rublev; Roger Federer; Matteo Berrettini; Roberto Bautista Agut
2021-06-28,6.2,5.5,49.6,2.0,4.0,0.0,29.14,22.88,319.9,8.0,Novak Djokovic; Daniil Medvedev; Rafael Nadal; Stefanos Tsitsipas; Dominic Thiem; Alexander Zverev; Andrey Rublev; Roger Federer; Matteo Berrettini; Roberto Bautista Agut
2021-07-05,6.2,5.5,49.6,2.0,4.0,0.0,29.16,22.9,320.9,8.0,Novak Djokovic; Daniil Medvedev; Rafael Nadal; Stefanos Tsitsipas; Dominic Thiem; Alexander Zverev; Andrey Rublev; Roger Federer; Matteo Berrettini; Roberto Bautista Agut
2021-07-12,6.6,5.5,44.67,2.0,4.0,1.0,28.08,22.24,318.9,9.0,Novak Djokovic; Daniil Medvedev; Rafael Nadal; Stefanos Tsitsipas; Alexander Zverev; Dominic Thiem; Andrey Rublev; Matteo Berrettini; Roger Federer; Denis Shapovalov
2021-07-19,6.6,5.5,37.22,2.0,4.0,0.0,28.1,22.26,319.9,9.0,Novak Djokovic; Daniil Medvedev; Rafael Nadal; Stefanos Tsitsipas; Alexander Zverev; Dominic Thiem; Andrey Rublev; Matteo Berrettini; Roger Federer; Denis Shapovalov
2021-07-26,6.6,5.5,28.78,2.0,4.0,0.0,28.12,22.28,320.9,9.0,Novak Djokovic; Daniil Medvedev; Rafael Nadal; Stefanos Tsitsipas; Alexander Zverev; Dominic Thiem; Andrey Rublev; Matteo Berrettini; Roger Federer; Denis Shapovalov
2021-08-02,6.6,5.5,25.89,2.0,4.0,0.0,28.14,22.3,321.9,9.0,Novak Djokovic; Daniil Medvedev; Rafael Nadal; Stefanos Tsitsipas; Alexander Zverev; Dominic Thiem; Andrey Rublev; Matteo Berrettini; Roger Federer; Denis Shapovalov
2021-08-09,6.6,5.5,32.56,2.0,4.0,0.0,28.16,22.32,322.9,9.0,Novak Djokovic; Daniil Medvedev; Stefanos Tsitsipas; Rafael Nadal; Alexander Zverev; Dominic Thiem; Andrey Rublev; Matteo Berrettini; Roger Federer; Denis Shapovalov
2021-08-16,6.6,5.5,32.33,2.0,4.0,0.0,28.18,22.34,323.9,9.0,Novak Djokovic; Daniil Medvedev; Stefanos Tsitsipas; Rafael Nadal; Alexander Zverev; Dominic Thiem; Andrey Rublev; Matteo Berrettini; Roger Federer; Denis Shapovalov
2021-08-23,6.7,5.5,32.78,2.0,5.0,0.0,28.2,22.36,324.9,9.0,Novak Djokovic; Daniil Medvedev; Stefanos Tsitsipas; Alexander Zverev; Rafael Nadal; Dominic Thiem; Andrey Rublev; Matteo Berrettini; Roger Federer; Denis Shapovalov
2021-08-30,6.7,5.5,30.44,2.0,5.0,0.0,28.21,22.38,325.9,9.0,Novak Djokovic; Daniil Medvedev; Stefanos Tsitsipas; Alexander Zverev; Rafael Nadal; Dominic Thiem; Andrey Rublev; Matteo Berrettini; Roger Federer; Denis Shapovalov
2021-09-06,6.7,5.5,30.44,2.0,5.0,0.0,28.23,22.4,326.9,9.0,Novak Djokovic; Daniil Medvedev; Stefanos Tsitsipas; Alexander Zverev; Rafael Nadal; Dominic Thiem; Andrey Rublev; Matteo Berrettini; Roger Federer; Denis Shapovalov
2021-09-13,8.2,5.5,29.67,2.0,3.0,1.0,28.28,22.73,326.9,9.0,Novak Djokovic; Daniil Medvedev; Stefanos Tsitsipas; Alexander Zverev; Andrey Rublev; Rafael Nadal; Matteo Berrettini; Dominic Thiem; Roger Federer; Casper Ruud
2021-09-20,8.0,5.5,25.89,2.0,3.0,0.0,28.3,22.75,327.9,9.0,Novak Djokovic; Daniil Medvedev; Stefanos Tsitsipas; Alexander Zverev; Andrey Rublev; Rafael Nadal; Matteo Berrettini; Dominic Thiem; Roger Federer; Casper Ruud
2021-09-27,7.3,5.5,24.89,2.0,3.0,0.0,28.32,22.77,328.9,9.0,Novak Djokovic; Daniil Medvedev; Stefanos Tsitsipas; Alexander Zverev; Andrey Rublev; Rafael Nadal; Matteo Berrettini; Dominic Thiem; Roger Federer; Casper Ruud
2021-10-04,7.3,5.5,23.78,2.0,3.0,0.0,28.34,22.78,329.9,9.0,Novak Djokovic; Daniil Medvedev; Stefanos Tsitsipas; Alexander Zverev; Andrey Rublev; Rafael Nadal; Matteo Berrettini; Dominic Thiem; Roger Federer; Casper Ruud
2021-10-11,7.2,5.5,24.11,1.0,3.0,0.0,28.36,22.8,330.9,9.0,Novak Djokovic; Daniil Medvedev; Stefanos Tsitsipas; Alexander Zverev; Andrey Rublev; Rafael Nadal; Matteo Berrettini; Dominic Thiem; Roger Federer; Casper Ruud
2021-10-18,9.9,6.5,19.4,2.0,3.0,1.0,26.83,22.82,235.1,9.0,Novak Djokovic; Daniil Medvedev; Stefanos Tsitsipas; Alexander Zverev; Rafael Nadal; Andrey Rublev; Matteo Berrettini; Dominic Thiem; Casper Ruud; Hubert Hurkacz
2021-10-25,10.0,6.5,17.3,2.0,3.0,0.0,26.85,22.84,236.1,9.0,Novak Djokovic; Daniil Medvedev; Stefanos Tsitsipas; Alexander Zverev; Rafael Nadal; Andrey Rublev; Matteo Berrettini; Casper Ruud; Dominic Thiem; Hubert Hurkacz
2021-11-01,14.3,7.5,7.3,3.0,2.0,1.0,26.07,20.21,211.1,8.0,Novak Djokovic; Daniil Medvedev; Stefanos Tsitsipas; Alexander Zverev; Rafael Nadal; Andrey Rublev; Matteo Berrettini; Casper Ruud; Jannik Sinner; Hubert Hurkacz
2021-11-08,14.3,7.5,8.3,3.0,4.0,0.0,26.09,20.23,212.1,8.0,Novak Djokovic; Daniil Medvedev; Alexander Zverev; Stefanos Tsitsipas; Andrey Rublev; Rafael Nadal; Matteo Berrettini; Casper Ruud; Hubert Hurkacz; Jannik Sinner
2021-11-15,12.0,7.5,7.4,3.0,3.0,1.0,26.21,21.27,212.9,9.0,Novak Djokovic; Daniil Medvedev; Alexander Zverev; Stefanos Tsitsipas; Andrey Rublev; Rafael Nadal; Matteo Berrettini; Casper Ruud; Hubert Hurkacz; Felix Auger-Aliassime
2021-11-22,13.6,7.5,8.2,3.0,3.0,1.0,26.13,20.27,214.0,8.0,Novak Djokovic; Daniil Medvedev; Alexander Zverev; Stefanos Tsitsipas; Andrey Rublev; Rafael Nadal; Matteo Berrettini; Casper Ruud; Hubert Hurkacz; Jannik Sinner
2021-11-29,13.6,7.5,8.2,3.0,3.0,0.0,26.15,20.29,215.0,8.0,Novak Djokovic; Daniil Medvedev; Alexander Zverev; Stefanos Tsitsipas; Andrey Rublev; Rafael Nadal; Matteo Berrettini; Casper Ruud; Hubert Hurkacz; Jannik Sinner
2021-12-06,13.6,7.5,8.2,3.0,3.0,0.0,26.17,20.31,216.0,8.0,Novak Djokovic; Daniil Medvedev; Alexander Zverev; Stefanos Tsitsipas; Andrey Rublev; Rafael Nadal; Matteo Berrettini; Casper Ruud; Hubert Hurkacz; Jannik Sinner
2021-12-13,13.6,7.5,8.2,3.0,3.0,0.0,26.19,20.33,217.0,8.0,Novak Djokovic; Daniil Medvedev; Alexander Zverev; Stefanos Tsitsipas; Andrey Rublev; Rafael Nadal; Matteo Berrettini; Casper Ruud; Hubert Hurkacz; Jannik Sinner
2021-12-20,13.6,7.5,8.2,3.0,3.0,0.0,26.21,20.34,218.0,8.0,Novak Djokovic; Daniil Medvedev; Alexander Zverev; Stefanos Tsitsipas; Andrey Rublev; Rafael Nadal; Matteo Berrettini; Casper Ruud; Hubert Hurkacz; Jannik Sinner
2021-12-27,13.6,7.5,8.2,3.0,3.0,0.0,26.23,20.36,219.0,8.0,Novak Djokovic; Daniil Medvedev; Alexander Zverev; Stefanos Tsitsipas; Andrey Rublev; Rafael Nadal; Matteo Berrettini; Casper Ruud; Hubert Hurkacz; Jannik Sinner
2022-01-03,13.6,7.5,8.2,3.0,3.0,0.0,26.24,20.38,220.0,8.0,Novak Djokovic; Daniil Medvedev; Alexander Zverev; Stefanos Tsitsipas; Andrey Rublev; Rafael Nadal; Matteo Berrettini; Casper Ruud; Hubert Hurkacz; Jannik Sinner
2022-01-10,12.1,7.5,7.3,3.0,3.0,1.0,26.37,21.42,220.2,9.0,Novak Djokovic; Daniil Medvedev; Alexander Zverev; Stefanos Tsitsipas; Andrey Rublev; Rafael Nadal; Matteo Berrettini; Casper Ruud; Felix Auger-Aliassime; Hubert Hurkacz
2022-01-17,12.2,7.5,7.8,3.0,3.0,1.0,25.93,20.42,220.8,8.0,Novak Djokovic; Daniil Medvedev; Alexander Zverev; Stefanos Tsitsipas; Rafael Nadal; Andrey Rublev; Matteo Berrettini; Casper Ruud; Felix Auger-Aliassime; Jannik Sinner
2022-01-24,12.2,7.5,7.8,3.0,3.0,0.0,25.95,20.44,221.8,8.0,Novak Djokovic; Daniil Medvedev; Alexander Zverev; Stefanos Tsitsipas; Rafael Nadal; Andrey Rublev; Matteo Berrettini; Casper Ruud; Felix Auger-Aliassime; Jannik Sinner
2022-01-31,12.2,7.5,9.1,3.0,4.0,0.0,25.97,20.46,222.8,8.0,Novak Djokovic; Daniil Medvedev; Alexander Zverev; Stefanos Tsitsipas; Rafael Nadal; Matteo Berrettini; Andrey Rublev; Casper Ruud; Felix Auger-Aliassime; Jannik Sinner
2022-02-07,11.7,7.5,9.3,3.0,4.0,0.0,25.99,20.48,223.8,8.0,Novak Djokovic; Daniil Medvedev; Alexander Zverev; Stefanos Tsitsipas; Rafael Nadal; Matteo Berrettini; Andrey Rublev; Casper Ruud; Felix Auger-Aliassime; Jannik Sinner
2022-02-14,11.7,7.5,9.2,3.0,4.0,0.0,26.01,20.5,224.8,8.0,Novak Djokovic; Daniil Medvedev; Alexander Zverev; Stefanos Tsitsipas; Rafael Nadal; Matteo Berrettini; Andrey Rublev; Casper Ruud; Felix Auger-Aliassime; Jannik Sinner
2022-02-21,11.4,7.5,8.8,3.0,3.0,0.0,26.03,20.52,225.8,8.0,Novak Djokovic; Daniil Medvedev; Alexander Zverev; Stefanos Tsitsipas; Rafael Nadal; Matteo Berrettini; Andrey Rublev; Casper Ruud; Felix Auger-Aliassime; Jannik Sinner
2022-02-28,11.0,7.5,8.9,3.0,3.0,1.0,26.5,21.56,226.6,9.0,Daniil Medvedev; Novak Djokovic; Alexander Zverev; Rafael Nadal; Stefanos Tsitsipas; Andrey Rublev; Matteo Berrettini; Casper Ruud; Felix Auger-Aliassime; Hubert Hurkacz
2022-03-07,11.4,7.5,9.0,3.0,3.0,1.0,26.07,20.56,227.7,8.0,Daniil Medvedev; Novak Djokovic; Alexander Zverev; Rafael Nadal; Stefanos Tsitsipas; Matteo Berrettini; Andrey Rublev; Casper Ruud; Felix Auger-Aliassime; Jannik Sinner
2022-03-14,11.1,7.5,9.0,3.0,3.0,0.0,26.09,20.57,228.7,8.0,Daniil Medvedev; Novak Djokovic; Alexander Zverev; Rafael Nadal; Stefanos Tsitsipas; Matteo Berrettini; Andrey Rublev; Casper Ruud; Felix Auger-Aliassime; Jannik Sinner
2022-03-21,11.6,7.5,8.7,3.0,3.0,1.0,26.56,21.62,229.4,9.0,Novak Djokovic; Daniil Medvedev; Rafael Nadal; Alexander Zverev; Stefanos Tsitsipas; Matteo Berrettini; Andrey Rublev; Casper Ruud; Felix Auger-Aliassime; Hubert Hurkacz
2022-03-28,11.6,7.5,8.7,3.0,3.0,0.0,26.58,21.63,230.4,9.0,Novak Djokovic; Daniil Medvedev; Rafael Nadal; Alexander Zverev; Stefanos Tsitsipas; Matteo Berrettini; Andrey Rublev; Casper Ruud; Felix Auger-Aliassime; Hubert Hurkacz
2022-04-04,13.4,7.0,9.1,3.0,4.0,1.0,26.74,21.65,229.8,9.0,Novak Djokovic; Daniil Medvedev; Alexander Zverev; Rafael Nadal; Stefanos Tsitsipas; Matteo Berrettini; Casper Ruud; Andrey Rublev; Felix Auger-Aliassime; Cameron Norrie
2022-04-11,13.5,7.0,9.3,3.0,4.0,0.0,26.76,21.67,230.8,9.0,Novak Djokovic; Daniil Medvedev; Alexander Zverev; Rafael Nadal; Stefanos Tsitsipas; Matteo Berrettini; Casper Ruud; Andrey Rublev; Felix Auger-Aliassime; Cameron Norrie
2022-04-18,13.6,6.5,9.3,3.0,4.0,0.0,26.78,21.69,231.8,9.0,Novak Djokovic; Daniil Medvedev; Alexander Zverev; Rafael Nadal; Stefanos Tsitsipas; Matteo Berrettini; Casper Ruud; Andrey Rublev; Felix Auger-Aliassime; Cameron Norrie
2022-04-25,19.8,6.5,8.1,3.0,3.0,1.0,26.03,18.97,232.5,8.0,Novak Djokovic; Daniil Medvedev; Alexander Zverev; Rafael Nadal; Stefanos Tsitsipas; Matteo Berrettini; Casper Ruud; Andrey Rublev; Carlos Alcaraz; Felix Auger-Aliassime
2022-05-02,19.6,6.5,8.1,3.0,3.0,0.0,26.05,18.99,233.5,8.0,Novak Djokovic; Daniil Medvedev; Alexander Zverev; Rafael Nadal; Stefanos Tsitsipas; Matteo Berrettini; Casper Ruud; Andrey Rublev; Carlos Alcaraz; Felix Auger-Aliassime
2022-05-09,18.4,6.5,8.7,3.0,3.0,0.0,26.07,19.01,234.5,8.0,Novak Djokovic; Daniil Medvedev; Alexander Zverev; Rafael Nadal; Stefanos Tsitsipas; Carlos Alcaraz; Andrey Rublev; Matteo Berrettini; Felix Auger-Aliassime; Casper Ruud
2022-05-16,18.7,6.5,8.7,3.0,3.0,0.0,26.09,19.03,235.5,8.0,Novak Djokovic; Daniil Medvedev; Alexander Zverev; Stefanos Tsitsipas; Rafael Nadal; Carlos Alcaraz; Andrey Rublev; Casper Ruud; Felix Auger-Aliassime; Matteo Berrettini
2022-05-23,16.4,6.5,9.4,3.0,3.0,0.0,26.11,19.05,236.5,8.0,Novak Djokovic; Daniil Medvedev; Alexander Zverev; Stefanos Tsitsipas; Rafael Nadal; Carlos Alcaraz; Andrey Rublev; Casper Ruud; Felix Auger-Aliassime; Matteo Berrettini
2022-05-30,16.7,6.5,9.4,3.0,3.0,0.0,26.13,19.07,237.5,8.0,Novak Djokovic; Daniil Medvedev; Alexander Zverev; Stefanos Tsitsipas; Rafael Nadal; Carlos Alcaraz; Andrey Rublev; Casper Ruud; Felix Auger-Aliassime; Matteo Berrettini
2022-06-06,16.7,6.5,9.4,3.0,3.0,0.0,26.15,19.09,238.5,8.0,Novak Djokovic; Daniil Medvedev; Alexander Zverev; Rafael Nadal; Stefanos Tsitsipas; Casper Ruud; Carlos Alcaraz; Andrey Rublev; Felix Auger-Aliassime; Matteo Berrettini
2022-06-13,14.6,6.5,21.3,3.0,4.0,0.0,26.16,19.11,239.5,8.0,Daniil Medvedev; Alexander Zverev; Novak Djokovic; Rafael Nadal; Casper Ruud; Stefanos Tsitsipas; Carlos Alcaraz; Andrey Rublev; Felix Auger-Aliassime; Matteo Berrettini
2022-06-20,14.8,6.5,20.7,4.0,4.0,1.0,26.1,19.13,230.5,8.0,Daniil Medvedev; Alexander Zverev; Novak Djokovic; Rafael Nadal; Casper Ruud; Stefanos Tsitsipas; Carlos Alcaraz; Andrey Rublev; Felix Auger-Aliassime; Hubert Hurkacz
2022-06-27,14.9,6.5,20.9,4.0,4.0,0.0,26.12,19.15,231.5,8.0,Daniil Medvedev; Alexander Zverev; Novak Djokovic; Rafael Nadal; Stefanos Tsitsipas; Casper Ruud; Carlos Alcaraz; Andrey Rublev; Felix Auger-Aliassime; Hubert Hurkacz
2022-07-04,14.9,6.5,20.9,4.0,4.0,0.0,26.14,19.16,232.5,8.0,Daniil Medvedev; Alexander Zverev; Novak Djokovic; Rafael Nadal; Stefanos Tsitsipas; Casper Ruud; Carlos Alcaraz; Andrey Rublev; Felix Auger-Aliassime; Hubert Hurkacz
2022-07-11,14.8,6.0,19.9,4.0,3.0,1.0,25.71,19.18,233.3,8.0,Daniil Medvedev; Alexander Zverev; Rafael Nadal; Stefanos Tsitsipas; Casper Ruud; Carlos Alcaraz; Novak Djokovic; Andrey Rublev; Felix Auger-Aliassime; Jannik Sinner
2022-07-18,14.7,6.0,20.1,4.0,3.0,0.0,25.73,19.2,234.3,8.0,Daniil Medvedev; Alexander Zverev; Rafael Nadal; Stefanos Tsitsipas; Casper Ruud; Carlos Alcaraz; Novak Djokovic; Andrey Rublev; Felix Auger-Aliassime; Jannik Sinner
2022-07-25,12.9,6.0,20.3,4.0,3.0,0.0,25.75,19.22,235.3,8.0,Daniil Medvedev; Alexander Zverev; Rafael Nadal; Stefanos Tsitsipas; Carlos Alcaraz; Casper Ruud; Novak Djokovic; Andrey Rublev; Felix Auger-Aliassime; Jannik Sinner
2022-08-01,12.7,6.0,19.6,4.0,3.0,0.0,25.76,19.24,236.3,8.0,Daniil Medvedev; Alexander Zverev; Rafael Nadal; Carlos Alcaraz; Stefanos Tsitsipas; Novak Djokovic; Casper Ruud; Andrey Rublev; Felix Auger-Aliassime; Jannik Sinner
2022-08-08,11.7,6.0,20.7,4.0,4.0,1.0,26.23,19.26,237.1,8.0,Daniil Medvedev; Alexander Zverev; Rafael Nadal; Carlos Alcaraz; Stefanos Tsitsipas; Novak Djokovic; Casper Ruud; Andrey Rublev; Felix Auger-Aliassime; Hubert Hurkacz
2022-08-15,11.8,6.0,21.6,4.0,4.0,0.0,26.25,19.28,238.1,8.0,Daniil Medvedev; Alexander Zverev; Rafael Nadal; Carlos Alcaraz; Casper Ruud; Novak Djokovic; Stefanos Tsitsipas; Andrey Rublev; Felix Auger-Aliassime; Hubert Hurkacz
2022-08-22,13.7,8.0,21.9,5.0,5.0,1.0,26.49,19.3,229.7,9.0,Daniil Medvedev; Alexander Zverev; Rafael Nadal; Carlos Alcaraz; Stefanos Tsitsipas; Novak Djokovic; Casper Ruud; Felix Auger-Aliassime; Cameron Norrie; Hubert Hurkacz
2022-08-29,13.8,8.0,21.7,5.0,5.0,0.0,26.51,19.32,230.7,9.0,Daniil Medvedev; Alexander Zverev; Rafael Nadal; Carlos Alcaraz; Stefanos Tsitsipas; Novak Djokovic; Casper Ruud; Felix Auger-Aliassime; Cameron Norrie; Hubert Hurkacz
2022-09-05,13.8,8.0,21.7,5.0,5.0,0.0,26.53,19.34,231.7,9.0,Daniil Medvedev; Alexander Zverev; Rafael Nadal; Carlos Alcaraz; Stefanos Tsitsipas; Novak Djokovic; Casper Ruud; Felix Auger-Aliassime; Cameron Norrie; Hubert Hurkacz
2022-09-12,11.0,5.5,30.8,3.0,3.0,1.0,26.83,19.36,238.8,8.0,Carlos Alcaraz; Casper Ruud; Rafael Nadal; Daniil Medvedev; Alexander Zverev; Stefanos Tsitsipas; Novak Djokovic; Cameron Norrie; Andrey Rublev; Hubert Hurkacz
2022-09-19,11.0,5.5,30.6,3.0,3.0,0.0,26.85,19.38,239.8,8.0,Carlos Alcaraz; Casper Ruud; Rafael Nadal; Daniil Medvedev; Alexander Zverev; Stefanos Tsitsipas; Novak Djokovic; Cameron Norrie; Andrey Rublev; Hubert Hurkacz
2022-09-26,11.1,5.5,29.9,3.0,2.0,1.0,26.41,19.39,240.3,8.0,Carlos Alcaraz; Casper Ruud; Rafael Nadal; Daniil Medvedev; Alexander Zverev; Stefanos Tsitsipas; Novak Djokovic; Cameron Norrie; Andrey Rublev; Jannik Sinner
2022-10-03,10.7,5.5,31.1,3.0,3.0,1.0,26.88,19.41,241.7,8.0,Carlos Alcaraz; Rafael Nadal; Casper Ruud; Daniil Medvedev; Alexander Zverev; Stefanos Tsitsipas; Novak Djokovic; Cameron Norrie; Andrey Rublev; Hubert Hurkacz
2022-10-10,13.4,5.5,30.2,3.0,2.0,1.0,26.83,19.43,240.0,8.0,Carlos Alcaraz; Rafael Nadal; Casper Ruud; Daniil Medvedev; Stefanos Tsitsipas; Alexander Zverev; Novak Djokovic; Taylor Fritz; Andrey Rublev; Cameron Norrie
2022-10-17,11.4,5.5,30.5,3.0,2.0,1.0,26.36,19.45,243.5,8.0,Carlos Alcaraz; Rafael Nadal; Casper Ruud; Daniil Medvedev; Stefanos Tsitsipas; Alexander Zverev; Novak Djokovic; Andrey Rublev; Taylor Fritz; Felix Auger-Aliassime
2022-10-24,11.1,5.5,30.6,3.0,2.0,0.0,26.37,19.47,244.5,8.0,Carlos Alcaraz; Rafael Nadal; Casper Ruud; Daniil Medvedev; Stefanos Tsitsipas; Alexander Zverev; Novak Djokovic; Andrey Rublev; Felix Auger-Aliassime; Taylor Fritz
2022-10-31,8.5,5.5,30.4,2.0,3.0,1.0,26.46,19.49,247.9,8.0,Carlos Alcaraz; Rafael Nadal; Daniil Medvedev; Casper Ruud; Stefanos Tsitsipas; Alexander Zverev; Novak Djokovic; Felix Auger-Aliassime; Andrey Rublev; Hubert Hurkacz
2022-11-07,20.1,7.0,30.9,4.0,2.0,2.0,25.81,19.51,220.7,8.0,Carlos Alcaraz; Rafael Nadal; Stefanos Tsitsipas; Casper Ruud; Daniil Medvedev; Felix Auger-Aliassime; Andrey Rublev; Novak Djokovic; Taylor Fritz; Holger Rune
2022-11-14,19.9,7.0,73.9,3.0,3.0,0.0,25.83,19.53,221.7,8.0,Carlos Alcaraz; Rafael Nadal; Stefanos Tsitsipas; Casper Ruud; Daniil Medvedev; Felix Auger-Aliassime; Andrey Rublev; Novak Djokovic; Taylor Fritz; Holger Rune
2022-11-21,10.1,7.0,73.8,3.0,3.0,1.0,26.47,19.55,225.3,8.0,Carlos Alcaraz; Rafael Nadal; Casper Ruud; Stefanos Tsitsipas; Novak Djokovic; Felix Auger-Aliassime; Daniil Medvedev; Andrey Rublev; Taylor Fritz; Hubert Hurkacz
2022-11-28,10.1,7.0,73.9,3.0,3.0,0.0,26.49,19.57,226.3,8.0,Carlos Alcaraz; Rafael Nadal; Casper Ruud; Stefanos Tsitsipas; Novak Djokovic; Felix Auger-Aliassime; Daniil Medvedev; Andrey Rublev; Taylor Fritz; Hubert Hurkacz
2022-12-05,10.1,7.0,74.0,3.0,3.0,0.0,26.51,19.59,227.3,8.0,Carlos Alcaraz; Rafael Nadal; Casper Ruud; Stefanos Tsitsipas; Novak Djokovic; Felix Auger-Aliassime; Daniil Medvedev; Andrey Rublev; Taylor Fritz; Hubert Hurkacz
2022-12-12,10.1,7.0,74.4,3.0,3.0,0.0,26.53,19.61,228.3,8.0,Carlos Alcaraz; Rafael Nadal; Casper Ruud; Stefanos Tsitsipas; Novak Djokovic; Felix Auger-Aliassime; Daniil Medvedev; Andrey Rublev; Taylor Fritz; Hubert Hurkacz
2022-12-19,10.1,7.0,74.2,3.0,3.0,0.0,26.55,19.62,229.3,8.0,Carlos Alcaraz; Rafael Nadal; Casper Ruud; Stefanos Tsitsipas; Novak Djokovic; Felix Auger-Aliassime; Daniil Medvedev; Andrey Rublev; Taylor Fritz; Hubert Hurkacz
2022-12-26,10.1,7.0,74.6,3.0,3.0,0.0,26.57,19.64,230.3,8.0,Carlos Alcaraz; Rafael Nadal; Casper Ruud; Stefanos Tsitsipas; Novak Djokovic; Felix Auger-Aliassime; Daniil Medvedev; Andrey Rublev; Taylor Fritz; Hubert Hurkacz
2023-01-02,10.1,7.0,74.8,3.0,3.0,0.0,26.58,19.66,231.3,8.0,Carlos Alcaraz; Rafael Nadal; Casper Ruud; Stefanos Tsitsipas; Novak Djokovic; Felix Auger-Aliassime; Daniil Medvedev; Andrey Rublev; Taylor Fritz; Hubert Hurkacz
2023-01-09,19.2,7.0,52.7,3.0,4.0,1.0,25.98,19.68,229.0,8.0,Carlos Alcaraz; Rafael Nadal; Casper Ruud; Stefanos Tsitsipas; Novak Djokovic; Andrey Rublev; Felix Auger-Aliassime; Daniil Medvedev; Taylor Fritz; Holger Rune
2023-01-16,18.7,7.0,52.5,3.0,4.0,0.0,26.0,19.7,230.0,8.0,Carlos Alcaraz; Rafael Nadal; Casper Ruud; Stefanos Tsitsipas; Novak Djokovic; Andrey Rublev; Felix Auger-Aliassime; Daniil Medvedev; Taylor Fritz; Holger Rune
2023-01-23,18.7,7.0,52.5,3.0,4.0,0.0,26.02,19.72,231.0,8.0,Carlos Alcaraz; Rafael Nadal; Casper Ruud; Stefanos Tsitsipas; Novak Djokovic; Andrey Rublev; Felix Auger-Aliassime; Daniil Medvedev; Taylor Fritz; Holger Rune
2023-01-30,19.1,8.5,73.3,4.0,3.0,1.0,25.94,19.74,219.2,9.0,Novak Djokovic; Carlos Alcaraz; Stefanos Tsitsipas; Casper Ruud; Andrey Rublev; Rafael Nadal; Felix Auger-Aliassime; Taylor Fritz; Holger Rune; Hubert Hurkacz
2023-02-06,18.1,8.5,72.9,4.0,3.0,0.0,25.96,19.76,220.2,9.0,Novak Djokovic; Carlos Alcaraz; Stefanos Tsitsipas; Casper Ruud; Andrey Rublev; Rafael Nadal; Felix Auger-Aliassime; Taylor Fritz; Holger Rune; Hubert Hurkacz
2023-02-13,18.1,8.5,72.8,4.0,3.0,0.0,25.98,19.78,221.2,9.0,Novak Djokovic; Carlos Alcaraz; Stefanos Tsitsipas; Casper Ruud; Andrey Rublev; Rafael Nadal; Taylor Fritz; Felix Auger-Aliassime; Holger Rune; Hubert Hurkacz
2023-02-20,16.0,7.5,73.3,3.0,4.0,1.0,26.1,19.8,234.7,8.0,Novak Djokovic; Carlos Alcaraz; Stefanos Tsitsipas; Casper Ruud; Andrey Rublev; Rafael Nadal; Taylor Fritz; Daniil Medvedev; Felix Auger-Aliassime; Holger Rune
2023-02-27,16.2,7.0,73.6,3.0,4.0,0.0,26.12,19.82,235.7,8.0,Novak Djokovic; Carlos Alcaraz; Stefanos Tsitsipas; Casper Ruud; Taylor Fritz; Andrey Rublev; Daniil Medvedev; Rafael Nadal; Felix Auger-Aliassime; Holger Rune
2023-03-06,16.1,7.5,73.4,3.0,4.0,0.0,26.14,19.84,236.7,8.0,Novak Djokovic; Carlos Alcaraz; Stefanos Tsitsipas; Casper Ruud; Taylor Fritz; Daniil Medvedev; Andrey Rublev; Holger Rune; Rafael Nadal; Felix Auger-Aliassime
2023-03-13,16.1,7.5,73.4,3.0,4.0,0.0,26.16,19.85,237.7,8.0,Novak Djokovic; Carlos Alcaraz; Stefanos Tsitsipas; Casper Ruud; Taylor Fritz; Daniil Medvedev; Andrey Rublev; Holger Rune; Rafael Nadal; Felix Auger-Aliassime
2023-03-20,15.9,8.5,9.7,3.0,3.0,1.0,25.11,19.87,151.3,9.0,Carlos Alcaraz; Novak Djokovic; Stefanos Tsitsipas; Casper Ruud; Daniil Medvedev; Felix Auger-Aliassime; Andrey Rublev; Holger Rune; Hubert Hurkacz; Taylor Fritz
2023-03-27,15.9,8.5,9.7,3.0,3.0,0.0,25.12,19.89,152.3,9.0,Carlos Alcaraz; Novak Djokovic; Stefanos Tsitsipas; Casper Ruud; Daniil Medvedev; Felix Auger-Aliassime; Andrey Rublev; Holger Rune; Hubert Hurkacz; Taylor Fritz
2023-04-03,15.9,8.5,9.2,4.0,3.0,1.0,24.69,19.91,151.5,9.0,Novak Djokovic; Carlos Alcaraz; Stefanos Tsitsipas; Daniil Medvedev; Casper Ruud; Andrey Rublev; Felix Auger-Aliassime; Holger Rune; Jannik Sinner; Taylor Fritz
2023-04-10,14.7,8.5,9.3,4.0,3.0,0.0,24.71,19.93,152.5,9.0,Novak Djokovic; Carlos Alcaraz; Stefanos Tsitsipas; Casper Ruud; Daniil Medvedev; Andrey Rublev; Felix Auger-Aliassime; Jannik Sinner; Holger Rune; Taylor Fritz
2023-04-17,14.0,8.5,9.2,4.0,3.0,0.0,24.73,19.95,153.5,9.0,Novak Djokovic; Carlos Alcaraz; Casper Ruud; Daniil Medvedev; Stefanos Tsitsipas; Andrey Rublev; Holger Rune; Jannik Sinner; Felix Auger-Aliassime; Taylor Fritz
2023-04-24,13.7,8.5,9.1,3.0,3.0,0.0,24.75,19.97,154.5,9.0,Novak Djokovic; Carlos Alcaraz; Daniil Medvedev; Casper Ruud; Stefanos Tsitsipas; Andrey Rublev; Holger Rune; Jannik Sinner; Felix Auger-Aliassime; Taylor Fritz
2023-05-01,11.2,8.5,9.1,3.0,3.0,0.0,24.77,19.99,155.5,9.0,Novak Djokovic; Carlos Alcaraz; Daniil Medvedev; Casper Ruud; Stefanos Tsitsipas; Andrey Rublev; Holger Rune; Jannik Sinner; Felix Auger-Aliassime; Taylor Fritz
2023-05-08,10.9,8.0,7.6,3.0,3.0,0.0,24.79,20.01,156.5,9.0,Novak Djokovic; Carlos Alcaraz; Daniil Medvedev; Casper Ruud; Stefanos Tsitsipas; Andrey Rublev; Holger Rune; Jannik Sinner; Taylor Fritz; Felix Auger-Aliassime
2023-05-15,10.3,7.5,7.6,3.0,3.0,0.0,24.81,20.03,157.5,9.0,Novak Djokovic; Carlos Alcaraz; Daniil Medvedev; Casper Ruud; Stefanos Tsitsipas; Andrey Rublev; Holger Rune; Jannik Sinner; Taylor Fritz; Felix Auger-Aliassime
2023-05-22,10.3,7.5,7.9,3.0,3.0,0.0,24.83,20.05,158.5,9.0,Carlos Alcaraz; Daniil Medvedev; Novak Djokovic; Casper Ruud; Stefanos Tsitsipas; Holger Rune; Andrey Rublev; Jannik Sinner; Taylor Fritz; Felix Auger-Aliassime
2023-05-29,10.3,7.5,7.9,3.0,3.0,0.0,24.85,20.07,159.5,9.0,Carlos Alcaraz; Daniil Medvedev; Novak Djokovic; Casper Ruud; Stefanos Tsitsipas; Holger Rune; Andrey Rublev; Taylor Fritz; Jannik Sinner; Felix Auger-Aliassime
2023-06-05,9.2,7.5,7.9,3.0,3.0,0.0,24.87,20.08,160.5,9.0,Carlos Alcaraz; Daniil Medvedev; Novak Djokovic; Casper Ruud; Stefanos Tsitsipas; Holger Rune; Andrey Rublev; Taylor Fritz; Jannik Sinner; Felix Auger-Aliassime
2023-06-12,10.8,7.5,8.4,4.0,4.0,1.0,25.31,20.1,156.6,8.0,Novak Djokovic; Carlos Alcaraz; Daniil Medvedev; Casper Ruud; Stefanos Tsitsipas; Holger Rune; Andrey Rublev; Taylor Fritz; Jannik Sinner; Karen Khachanov
2023-06-19,11.4,7.5,9.1,4.0,4.0,1.0,25.16,20.12,155.4,8.0,Novak Djokovic; Carlos Alcaraz; Daniil Medvedev; Casper Ruud; Stefanos Tsitsipas; Holger Rune; Andrey Rublev; Taylor Fritz; Jannik Sinner; Frances Tiafoe
2023-06-26,11.4,7.5,9.4,4.0,4.0,0.0,25.18,20.14,156.4,8.0,Carlos Alcaraz; Novak Djokovic; Daniil Medvedev; Casper Ruud; Stefanos Tsitsipas; Holger Rune; Andrey Rublev; Jannik Sinner; Taylor Fritz; Frances Tiafoe
2023-07-03,11.4,7.5,9.2,4.0,4.0,0.0,25.2,20.16,157.4,8.0,Carlos Alcaraz; Novak Djokovic; Daniil Medvedev; Casper Ruud; Stefanos Tsitsipas; Holger Rune; Andrey Rublev; Jannik Sinner; Taylor Fritz; Frances Tiafoe
2023-07-10,11.1,7.5,9.2,3.0,4.0,0.0,25.22,20.18,158.4,8.0,Carlos Alcaraz; Novak Djokovic; Daniil Medvedev; Casper Ruud; Stefanos Tsitsipas; Holger Rune; Andrey Rublev; Jannik Sinner; Taylor Fritz; Frances Tiafoe
2023-07-17,11.0,7.5,9.8,3.0,4.0,0.0,25.24,20.2,159.4,8.0,Carlos Alcaraz; Novak Djokovic; Daniil Medvedev; Casper Ruud; Stefanos Tsitsipas; Holger Rune; Andrey Rublev; Jannik Sinner; Taylor Fritz; Frances Tiafoe
2023-07-24,10.9,7.5,9.6,3.0,4.0,0.0,25.25,20.22,160.4,8.0,Carlos Alcaraz; Novak Djokovic; Daniil Medvedev; Casper Ruud; Stefanos Tsitsipas; Holger Rune; Andrey Rublev; Jannik Sinner; Taylor Fritz; Frances Tiafoe
2023-07-31,10.9,7.5,9.7,3.0,4.0,0.0,25.27,20.24,161.4,8.0,Carlos Alcaraz; Novak Djokovic; Daniil Medvedev; Casper Ruud; Stefanos Tsitsipas; Holger Rune; Andrey Rublev; Jannik Sinner; Taylor Fritz; Frances Tiafoe
2023-08-07,10.6,7.5,9.6,4.0,4.0,0.0,25.29,20.26,162.4,8.0,Carlos Alcaraz; Novak Djokovic; Daniil Medvedev; Stefanos Tsitsipas; Casper Ruud; Holger Rune; Andrey Rublev; Jannik Sinner; Taylor Fritz; Frances Tiafoe
2023-08-14,11.0,7.5,9.1,4.0,4.0,0.0,25.31,20.28,163.4,8.0,Carlos Alcaraz; Novak Djokovic; Daniil Medvedev; Stefanos Tsitsipas; Holger Rune; Jannik Sinner; Casper Ruud; Andrey Rublev; Taylor Fritz; Frances Tiafoe
2023-08-21,11.5,9.0,8.3,5.0,4.0,0.0,25.33,20.3,164.4,8.0,Carlos Alcaraz; Novak Djokovic; Daniil Medvedev; Holger Rune; Casper Ruud; Jannik Sinner; Stefanos Tsitsipas; Andrey Rublev; Taylor Fritz; Frances Tiafoe
2023-08-28,11.8,9.0,8.3,5.0,4.0,0.0,25.35,20.31,165.4,8.0,Carlos Alcaraz; Novak Djokovic; Daniil Medvedev; Holger Rune; Casper Ruud; Jannik Sinner; Stefanos Tsitsipas; Andrey Rublev; Taylor Fritz; Frances Tiafoe
2023-09-04,11.8,9.0,8.3,5.0,4.0,0.0,25.37,20.33,166.4,8.0,Carlos Alcaraz; Novak Djokovic; Daniil Medvedev; Holger Rune; Casper Ruud; Jannik Sinner; Stefanos Tsitsipas; Andrey Rublev; Taylor Fritz; Frances Tiafoe
2023-09-11,8.8,6.5,6.3,3.0,2.0,1.0,25.46,20.35,191.9,9.0,Novak Djokovic; Carlos Alcaraz; Daniil Medvedev; Holger Rune; Stefanos Tsitsipas; Andrey Rublev; Jannik Sinner; Taylor Fritz; Casper Ruud; Alexander Zverev
2023-09-18,8.8,6.5,6.3,3.0,2.0,0.0,25.48,20.37,192.9,9.0,Novak Djokovic; Carlos Alcaraz; Daniil Medvedev; Holger Rune; Stefanos Tsitsipas; Andrey Rublev; Jannik Sinner; Taylor Fritz; Casper Ruud; Alexander Zverev
2023-09-25,8.7,6.5,6.3,2.0,2.0,0.0,25.5,20.39,193.9,9.0,Novak Djokovic; Carlos Alcaraz; Daniil Medvedev; Holger Rune; Stefanos Tsitsipas; Andrey Rublev; Jannik Sinner; Taylor Fritz; Casper Ruud; Alexander Zverev
2023-10-02,8.4,6.5,6.3,3.0,2.0,0.0,25.52,20.41,194.9,9.0,Novak Djokovic; Carlos Alcaraz; Daniil Medvedev; Jannik Sinner; Holger Rune; Stefanos Tsitsipas; Andrey Rublev; Taylor Fritz; Casper Ruud; Alexander Zverev
2023-10-09,8.2,6.5,6.3,2.0,2.0,0.0,25.54,20.43,195.9,9.0,Novak Djokovic; Carlos Alcaraz; Daniil Medvedev; Jannik Sinner; Holger Rune; Stefanos Tsitsipas; Andrey Rublev; Taylor Fritz; Casper Ruud; Alexander Zverev
2023-10-16,8.2,6.5,6.1,2.0,2.0,0.0,25.56,20.45,196.9,9.0,Novak Djokovic; Carlos Alcaraz; Daniil Medvedev; Jannik Sinner; Andrey Rublev; Holger Rune; Stefanos Tsitsipas; Casper Ruud; Alexander Zverev; Taylor Fritz
2023-10-23,8.1,6.5,6.1,2.0,2.0,0.0,25.58,20.47,197.9,9.0,Novak Djokovic; Carlos Alcaraz; Daniil Medvedev; Jannik Sinner; Andrey Rublev; Holger Rune; Stefanos Tsitsipas; Casper Ruud; Taylor Fritz; Alexander Zverev
2023-10-30,7.6,6.5,6.0,3.0,2.0,0.0,25.6,20.49,198.9,9.0,Novak Djokovic; Carlos Alcaraz; Daniil Medvedev; Jannik Sinner; Andrey Rublev; Stefanos Tsitsipas; Holger Rune; Casper Ruud; Alexander Zverev; Taylor Fritz
2023-11-06,7.4,7.5,6.0,2.0,2.0,0.0,25.62,20.51,199.9,9.0,Novak Djokovic; Carlos Alcaraz; Daniil Medvedev; Jannik Sinner; Andrey Rublev; Stefanos Tsitsipas; Casper Ruud; Alexander Zverev; Taylor Fritz; Holger Rune
2023-11-13,8.1,8.5,6.9,3.0,3.0,1.0,25.82,20.53,193.6,9.0,Novak Djokovic; Carlos Alcaraz; Daniil Medvedev; Jannik Sinner; Andrey Rublev; Stefanos Tsitsipas; Alexander Zverev; Holger Rune; Hubert Hurkacz; Taylor Fritz
2023-11-20,8.2,8.5,7.0,3.0,3.0,0.0,25.84,20.54,194.6,9.0,Novak Djokovic; Carlos Alcaraz; Daniil Medvedev; Jannik Sinner; Andrey Rublev; Stefanos Tsitsipas; Alexander Zverev; Holger Rune; Hubert Hurkacz; Taylor Fritz
2023-11-27,8.2,8.5,7.0,3.0,3.0,0.0,25.86,20.56,195.6,9.0,Novak Djokovic; Carlos Alcaraz; Daniil Medvedev; Jannik Sinner; Andrey Rublev; Stefanos Tsitsipas; Alexander Zverev; Holger Rune; Hubert Hurkacz; Taylor Fritz
2023-12-04,8.2,8.5,7.0,3.0,3.0,0.0,25.88,20.58,196.6,9.0,Novak Djokovic; Carlos Alcaraz; Daniil Medvedev; Jannik Sinner; Andrey Rublev; Stefanos Tsitsipas; Alexander Zverev; Holger Rune; Hubert Hurkacz; Taylor Fritz
2023-12-11,8.2,8.5,7.0,3.0,3.0,0.0,25.9,20.6,197.6,9.0,Novak Djokovic; Carlos Alcaraz; Daniil Medvedev; Jannik Sinner; Andrey Rublev; Stefanos Tsitsipas; Alexander Zverev; Holger Rune; Hubert Hurkacz; Taylor Fritz
2023-12-18,8.2,8.5,7.0,3.0,3.0,0.0,25.92,20.62,198.6,9.0,Novak Djokovic; Carlos Alcaraz; Daniil Medvedev; Jannik Sinner; Andrey Rublev; Stefanos Tsitsipas; Alexander Zverev; Holger Rune; Hubert Hurkacz; Taylor Fritz
2023-12-25,8.2,8.5,7.0,3.0,3.0,0.0,25.94,20.64,199.6,9.0,Novak Djokovic; Carlos Alcaraz; Daniil Medvedev; Jannik Sinner; Andrey Rublev; Stefanos Tsitsipas; Alexander Zverev; Holger Rune; Hubert Hurkacz; Taylor Fritz
2024-01-01,8.2,8.5,7.0,3.0,3.0,0.0,25.96,20.66,200.6,9.0,Novak Djokovic; Carlos Alcaraz; Daniil Medvedev; Jannik Sinner; Andrey Rublev; Stefanos Tsitsipas; Alexander Zverev; Holger Rune; Hubert Hurkacz; Taylor Fritz
2024-01-08,9.8,9.0,7.7,4.0,3.0,1.0,25.84,20.68,195.2,9.0,Novak Djokovic; Carlos Alcaraz; Daniil Medvedev; Jannik Sinner; Andrey Rublev; Alexander Zverev; Stefanos Tsitsipas; Holger Rune; Hubert Hurkacz; Alex de Minaur
2024-01-15,9.8,9.0,7.7,4.0,3.0,0.0,25.86,20.7,196.2,9.0,Novak Djokovic; Carlos Alcaraz; Daniil Medvedev; Jannik Sinner; Andrey Rublev; Alexander Zverev; Stefanos Tsitsipas; Holger Rune; Hubert Hurkacz; Alex de Minaur
2024-01-22,9.8,9.0,7.7,4.0,3.0,0.0,25.88,20.72,197.2,9.0,Novak Djokovic; Carlos Alcaraz; Daniil Medvedev; Jannik Sinner; Andrey Rublev; Alexander Zverev; Stefanos Tsitsipas; Holger Rune; Hubert Hurkacz; Alex de Minaur
2024-01-29,8.1,8.5,7.9,3.0,3.0,1.0,26.03,20.74,204.3,9.0,Novak Djokovic; Carlos Alcaraz; Daniil Medvedev; Jannik Sinner; Andrey Rublev; Alexander Zverev; Holger Rune; Hubert Hurkacz; Taylor Fritz; Stefanos Tsitsipas
2024-02-05,8.3,8.5,8.0,3.0,3.0,0.0,26.05,20.76,205.3,9.0,Novak Djokovic; Carlos Alcaraz; Daniil Medvedev; Jannik Sinner; Andrey Rublev; Alexander Zverev; Holger Rune; Hubert Hurkacz; Taylor Fritz; Stefanos Tsitsipas
2024-02-12,7.9,8.0,7.8,3.0,3.0,0.0,26.07,20.77,206.3,9.0,Novak Djokovic; Carlos Alcaraz; Daniil Medvedev; Jannik Sinner; Andrey Rublev; Alexander Zverev; Holger Rune; Hubert Hurkacz; Taylor Fritz; Stefanos Tsitsipas
2024-02-19,9.5,9.0,7.3,4.0,2.0,1.0,26.04,20.79,183.9,9.0,Novak Djokovic; Carlos Alcaraz; Jannik Sinner; Daniil Medvedev; Andrey Rublev; Alexander Zverev; Holger Rune; Hubert Hurkacz; Alex de Minaur; Taylor Fritz
2024-02-26,9.3,8.5,7.3,4.0,2.0,0.0,26.06,20.81,184.9,9.0,Novak Djokovic; Carlos Alcaraz; Jannik Sinner; Daniil Medvedev; Andrey Rublev; Alexander Zverev; Holger Rune; Hubert Hurkacz; Alex de Minaur; Taylor Fritz
2024-03-04,8.4,7.5,7.7,4.0,2.0,1.0,25.96,20.83,190.3,9.0,Novak Djokovic; Carlos Alcaraz; Jannik Sinner; Daniil Medvedev; Andrey Rublev; Alexander Zverev; Holger Rune; Hubert Hurkacz; Casper Ruud; Alex de Minaur
2024-03-11,8.4,7.5,7.7,4.0,2.0,0.0,25.98,20.85,191.3,9.0,Novak Djokovic; Carlos Alcaraz; Jannik Sinner; Daniil Medvedev; Andrey Rublev; Alexander Zverev; Holger Rune; Hubert Hurkacz; Casper Ruud; Alex de Minaur
2024-03-18,8.0,7.5,7.9,3.0,3.0,0.0,26.0,20.87,192.3,9.0,Novak Djokovic; Carlos Alcaraz; Jannik Sinner; Daniil Medvedev; Alexander Zverev; Andrey Rublev; Holger Rune; Casper Ruud; Hubert Hurkacz; Alex de Minaur
2024-03-25,8.0,7.5,7.9,3.0,3.0,0.0,26.02,20.89,193.3,9.0,Novak Djokovic; Carlos Alcaraz; Jannik Sinner; Daniil Medvedev; Alexander Zverev; Andrey Rublev; Holger Rune; Casper Ruud; Hubert Hurkacz; Alex de Minaur
2024-04-01,8.9,7.0,8.9,3.0,4.0,1.0,26.81,20.91,201.5,9.0,Novak Djokovic; Jannik Sinner; Carlos Alcaraz; Daniil Medvedev; Alexander Zverev; Andrey Rublev; Holger Rune; Casper Ruud; Grigor Dimitrov; Hubert Hurkacz
2024-04-08,8.9,7.0,9.4,3.0,4.0,0.0,26.83,20.93,202.5,9.0,Novak Djokovic; Jannik Sinner; Carlos Alcaraz; Daniil Medvedev; Alexander Zverev; Andrey Rublev; Holger Rune; Hubert Hurkacz; Grigor Dimitrov; Casper Ruud
2024-04-15,9.1,5.5,9.9,3.0,3.0,1.0,27.32,20.95,220.4,9.0,Novak Djokovic; Jannik Sinner; Carlos Alcaraz; Daniil Medvedev; Alexander Zverev; Casper Ruud; Stefanos Tsitsipas; Andrey Rublev; Hubert Hurkacz; Grigor Dimitrov
2024-04-22,9.2,5.5,10.6,3.0,4.0,0.0,27.34,20.97,221.4,9.0,Novak Djokovic; Jannik Sinner; Carlos Alcaraz; Daniil Medvedev; Alexander Zverev; Casper Ruud; Stefanos Tsitsipas; Andrey Rublev; Hubert Hurkacz; Grigor Dimitrov
2024-04-29,9.2,5.5,10.6,3.0,4.0,0.0,27.36,20.99,222.4,9.0,Novak Djokovic; Jannik Sinner; Carlos Alcaraz; Daniil Medvedev; Alexander Zverev; Casper Ruud; Stefanos Tsitsipas; Andrey Rublev; Hubert Hurkacz; Grigor Dimitrov
2024-05-06,9.9,5.5,11.2,3.0,5.0,0.0,27.38,21.0,223.4,9.0,Novak Djokovic; Jannik Sinner; Carlos Alcaraz; Daniil Medvedev; Alexander Zverev; Andrey Rublev; Casper Ruud; Stefanos Tsitsipas; Hubert Hurkacz; Grigor Dimitrov
2024-05-13,9.9,5.5,11.2,3.0,5.0,0.0,27.4,21.02,224.4,9.0,Novak Djokovic; Jannik Sinner; Carlos Alcaraz; Daniil Medvedev; Alexander Zverev; Andrey Rublev; Casper Ruud; Stefanos Tsitsipas; Hubert Hurkacz; Grigor Dimitrov
2024-05-20,10.3,6.0,11.4,3.0,5.0,0.0,27.42,21.04,225.4,9.0,Novak Djokovic; Jannik Sinner; Carlos Alcaraz; Alexander Zverev; Daniil Medvedev; Andrey Rublev; Casper Ruud; Hubert Hurkacz; Stefanos Tsitsipas; Grigor Dimitrov
2024-05-27,10.1,6.0,11.1,3.0,5.0,0.0,27.44,21.06,226.4,9.0,Novak Djokovic; Jannik Sinner; Carlos Alcaraz; Alexander Zverev; Daniil Medvedev; Andrey Rublev; Casper Ruud; Hubert Hurkacz; Stefanos Tsitsipas; Grigor Dimitrov
2024-06-03,10.1,6.0,11.1,3.0,5.0,0.0,27.46,21.08,227.4,9.0,Novak Djokovic; Jannik Sinner; Carlos Alcaraz; Alexander Zverev; Daniil Medvedev; Andrey Rublev; Casper Ruud; Hubert Hurkacz; Stefanos Tsitsipas; Grigor Dimitrov
2024-06-10,10.7,8.0,11.4,4.0,5.0,1.0,27.43,21.1,204.8,9.0,Jannik Sinner; Carlos Alcaraz; Novak Djokovic; Alexander Zverev; Daniil Medvedev; Andrey Rublev; Casper Ruud; Hubert Hurkacz; Alex de Minaur; Grigor Dimitrov
2024-06-17,10.9,8.0,11.2,4.0,6.0,0.0,27.44,21.12,205.8,9.0,Jannik Sinner; Carlos Alcaraz; Novak Djokovic; Alexander Zverev; Daniil Medvedev; Andrey Rublev; Alex de Minaur; Casper Ruud; Hubert Hurkacz; Grigor Dimitrov
2024-06-24,10.4,7.5,12.1,4.0,5.0,0.0,27.46,21.14,206.8,9.0,Jannik Sinner; Novak Djokovic; Carlos Alcaraz; Alexander Zverev; Daniil Medvedev; Andrey Rublev; Hubert Hurkacz; Casper Ruud; Alex de Minaur; Grigor Dimitrov
2024-07-01,10.5,7.5,12.1,4.0,5.0,0.0,27.48,21.16,207.8,9.0,Jannik Sinner; Novak Djokovic; Carlos Alcaraz; Alexander Zverev; Daniil Medvedev; Andrey Rublev; Hubert Hurkacz; Casper Ruud; Alex de Minaur; Grigor Dimitrov
2024-07-08,10.5,7.5,12.1,4.0,5.0,0.0,27.5,21.18,208.8,9.0,Jannik Sinner; Novak Djokovic; Carlos Alcaraz; Alexander Zverev; Daniil Medvedev; Andrey Rublev; Hubert Hurkacz; Casper Ruud; Alex de Minaur; Grigor Dimitrov
2024-07-15,10.0,7.5,12.3,4.0,5.0,0.0,27.52,21.2,209.8,9.0,Jannik Sinner; Novak Djokovic; Carlos Alcaraz; Alexander Zverev; Daniil Medvedev; Alex de Minaur; Hubert Hurkacz; Andrey Rublev; Casper Ruud; Grigor Dimitrov
2024-07-22,9.7,7.5,11.9,4.0,5.0,0.0,27.54,21.22,210.8,9.0,Jannik Sinner; Novak Djokovic; Carlos Alcaraz; Alexander Zverev; Daniil Medvedev; Alex de Minaur; Hubert Hurkacz; Casper Ruud; Andrey Rublev; Grigor Dimitrov
2024-07-29,9.6,7.5,11.5,4.0,5.0,0.0,27.56,21.23,211.8,9.0,Jannik Sinner; Novak Djokovic; Carlos Alcaraz; Alexander Zverev; Daniil Medvedev; Alex de Minaur; Hubert Hurkacz; Andrey Rublev; Casper Ruud; Grigor Dimitrov
2024-08-05,9.7,7.5,12.1,4.0,5.0,0.0,27.58,21.25,212.8,9.0,Jannik Sinner; Novak Djokovic; Carlos Alcaraz; Alexander Zverev; Daniil Medvedev; Hubert Hurkacz; Alex de Minaur; Andrey Rublev; Casper Ruud; Grigor Dimitrov
2024-08-12,9.5,7.5,12.1,4.0,5.0,0.0,27.6,21.27,213.8,9.0,Jannik Sinner; Novak Djokovic; Carlos Alcaraz; Alexander Zverev; Daniil Medvedev; Andrey Rublev; Hubert Hurkacz; Casper Ruud; Grigor Dimitrov; Alex de Minaur
2024-08-19,8.6,7.0,15.3,4.0,5.0,0.0,27.62,21.29,214.8,9.0,Jannik Sinner; Novak Djokovic; Carlos Alcaraz; Alexander Zverev; Daniil Medvedev; Andrey Rublev; Hubert Hurkacz; Casper Ruud; Grigor Dimitrov; Alex de Minaur
2024-08-26,8.6,7.0,15.4,4.0,5.0,0.0,27.64,21.31,215.8,9.0,Jannik Sinner; Novak Djokovic; Carlos Alcaraz; Alexander Zverev; Daniil Medvedev; Andrey Rublev; Hubert Hurkacz; Casper Ruud; Grigor Dimitrov; Alex de Minaur
2024-09-02,8.6,7.0,15.4,4.0,5.0,0.0,27.66,21.33,216.8,9.0,Jannik Sinner; Novak Djokovic; Carlos Alcaraz; Alexander Zverev; Daniil Medvedev; Andrey Rublev; Hubert Hurkacz; Casper Ruud; Grigor Dimitrov; Alex de Minaur
2024-09-09,8.2,7.5,15.9,2.0,5.0,1.0,27.81,21.35,222.5,9.0,Jannik Sinner; Alexander Zverev; Carlos Alcaraz; Novak Djokovic; Daniil Medvedev; Andrey Rublev; Taylor Fritz; Hubert Hurkacz; Casper Ruud; Grigor Dimitrov
2024-09-16,8.2,7.5,15.8,2.0,5.0,0.0,27.82,21.37,223.5,9.0,Jannik Sinner; Alexander Zverev; Carlos Alcaraz; Novak Djokovic; Daniil Medvedev; Andrey Rublev; Taylor Fritz; Hubert Hurkacz; Casper Ruud; Grigor Dimitrov
2024-09-23,8.2,7.5,15.6,2.0,5.0,0.0,27.84,21.39,224.5,9.0,Jannik Sinner; Alexander Zverev; Carlos Alcaraz; Novak Djokovic; Daniil Medvedev; Andrey Rublev; Taylor Fritz; Hubert Hurkacz; Casper Ruud; Grigor Dimitrov
2024-09-30,8.0,7.5,15.6,2.0,5.0,0.0,27.86,21.41,225.5,9.0,Jannik Sinner; Carlos Alcaraz; Alexander Zverev; Novak Djokovic; Daniil Medvedev; Andrey Rublev; Taylor Fritz; Hubert Hurkacz; Casper Ruud; Grigor Dimitrov
2024-10-07,8.0,7.5,15.6,2.0,5.0,0.0,27.88,21.43,226.5,9.0,Jannik Sinner; Carlos Alcaraz; Alexander Zverev; Novak Djokovic; Daniil Medvedev; Andrey Rublev; Taylor Fritz; Hubert Hurkacz; Casper Ruud; Grigor Dimitrov
2024-10-14,7.1,6.5,9.5,2.0,4.0,1.0,27.7,21.45,220.9,9.0,Jannik Sinner; Carlos Alcaraz; Alexander Zverev; Novak Djokovic; Daniil Medvedev; Taylor Fritz; Andrey Rublev; Casper Ruud; Alex de Minaur; Grigor Dimitrov
2024-10-21,7.2,6.5,9.9,2.0,4.0,0.0,27.72,21.46,221.9,9.0,Jannik Sinner; Carlos Alcaraz; Alexander Zverev; Novak Djokovic; Daniil Medvedev; Taylor Fritz; Andrey Rublev; Casper Ruud; Grigor Dimitrov; Alex de Minaur
2024-10-28,7.2,6.5,9.8,2.0,3.0,0.0,27.74,21.48,222.9,9.0,Jannik Sinner; Carlos Alcaraz; Alexander Zverev; Novak Djokovic; Daniil Medvedev; Taylor Fritz; Andrey Rublev; Casper Ruud; Grigor Dimitrov; Alex de Minaur
2024-11-04,6.5,6.0,10.4,2.0,3.0,0.0,27.76,21.5,223.9,9.0,Jannik Sinner; Alexander Zverev; Carlos Alcaraz; Daniil Medvedev; Novak Djokovic; Taylor Fritz; Casper Ruud; Alex de Minaur; Andrey Rublev; Grigor Dimitrov
2024-11-11,6.9,6.0,10.8,3.0,4.0,0.0,27.78,21.52,224.9,9.0,Jannik Sinner; Alexander Zverev; Carlos Alcaraz; Daniil Medvedev; Taylor Fritz; Novak Djokovic; Casper Ruud; Andrey Rublev; Alex de Minaur; Grigor Dimitrov
2024-11-18,6.9,6.0,10.8,3.0,4.0,0.0,27.8,21.54,225.9,9.0,Jannik Sinner; Alexander Zverev; Carlos Alcaraz; Taylor Fritz; Daniil Medvedev; Casper Ruud; Novak Djokovic; Andrey Rublev; Alex de Minaur; Grigor Dimitrov
2024-11-25,6.9,6.0,10.8,3.0,4.0,0.0,27.81,21.56,226.9,9.0,Jannik Sinner; Alexander Zverev; Carlos Alcaraz; Taylor Fritz; Daniil Medvedev; Casper Ruud; Novak Djokovic; Andrey Rublev; Alex de Minaur; Grigor Dimitrov
2024-12-02,6.9,6.0,10.8,3.0,4.0,0.0,27.83,21.58,227.9,9.0,Jannik Sinner; Alexander Zverev; Carlos Alcaraz; Taylor Fritz; Daniil Medvedev; Casper Ruud; Novak Djokovic; Andrey Rublev; Alex de Minaur; Grigor Dimitrov
2024-12-09,6.9,6.0,10.8,3.0,4.0,0.0,27.85,21.6,228.9,9.0,Jannik Sinner; Alexander Zverev; Carlos Alcaraz; Taylor Fritz; Daniil Medvedev; Casper Ruud; Novak Djokovic; Andrey Rublev; Alex de Minaur; Grigor Dimitrov
2024-12-16,6.9,6.0,10.8,3.0,4.0,0.0,27.87,21.62,229.9,9.0,Jannik Sinner; Alexander Zverev; Carlos Alcaraz; Taylor Fritz; Daniil Medvedev; Casper Ruud; Novak Djokovic; Andrey Rublev; Alex de Minaur; Grigor Dimitrov
2024-12-23,6.9,6.0,10.8,3.0,4.0,0.0,27.89,21.64,230.9,9.0,Jannik Sinner; Alexander Zverev; Carlos Alcaraz; Taylor Fritz; Daniil Medvedev; Casper Ruud; Novak Djokovic; Andrey Rublev; Alex de Minaur; Grigor Dimitrov
2024-12-30,6.9,6.0,10.8,3.0,4.0,0.0,27.91,21.66,231.9,9.0,Jannik Sinner; Alexander Zverev; Carlos Alcaraz; Taylor Fritz; Daniil Medvedev; Casper Ruud; Novak Djokovic; Andrey Rublev; Alex de Minaur; Grigor Dimitrov
2025-01-06,6.7,5.5,11.3,3.0,4.0,0.0,27.93,21.68,232.9,9.0,Jannik Sinner; Alexander Zverev; Carlos Alcaraz; Taylor Fritz; Daniil Medvedev; Casper Ruud; Novak Djokovic; Alex de Minaur; Andrey Rublev; Grigor Dimitrov
2025-01-13,6.7,5.5,10.9,3.0,4.0,0.0,27.95,21.69,233.9,9.0,Jannik Sinner; Alexander Zverev; Carlos Alcaraz; Taylor Fritz; Daniil Medvedev; Casper Ruud; Novak Djokovic; Alex de Minaur; Andrey Rublev; Grigor Dimitrov
2025-01-20,6.7,5.5,11.0,3.0,4.0,0.0,27.97,21.71,234.9,9.0,Jannik Sinner; Alexander Zverev; Carlos Alcaraz; Taylor Fritz; Daniil Medvedev; Casper Ruud; Novak Djokovic; Alex de Minaur; Andrey Rublev; Grigor Dimitrov
2025-01-27,6.8,5.5,8.5,3.0,4.0,1.0,27.39,21.73,223.5,8.0,Jannik Sinner; Alexander Zverev; Carlos Alcaraz; Taylor Fritz; Casper Ruud; Novak Djokovic; Daniil Medvedev; Alex de Minaur; Tommy Paul; Andrey Rublev
2025-02-03,6.8,5.5,8.2,3.0,4.0,0.0,27.41,21.75,224.5,8.0,Jannik Sinner; Alexander Zverev; Carlos Alcaraz; Taylor Fritz; Casper Ruud; Novak Djokovic; Daniil Medvedev; Alex de Minaur; Tommy Paul; Andrey Rublev
2025-02-10,6.7,5.5,8.8,3.0,4.0,0.0,27.43,21.77,225.5,8.0,Jannik Sinner; Alexander Zverev; Carlos Alcaraz; Taylor Fritz; Casper Ruud; Alex de Minaur; Novak Djokovic; Daniil Medvedev; Tommy Paul; Andrey Rublev
2025-02-17,6.6,5.5,8.6,2.0,4.0,0.0,27.44,21.79,226.5,8.0,Jannik Sinner; Alexander Zverev; Carlos Alcaraz; Taylor Fritz; Casper Ruud; Daniil Medvedev; Novak Djokovic; Alex de Minaur; Tommy Paul; Andrey Rublev
2025-02-24,6.5,5.5,8.6,2.0,4.0,0.0,27.46,21.81,227.5,8.0,Jannik Sinner; Alexander Zverev; Carlos Alcaraz; Taylor Fritz; Casper Ruud; Daniil Medvedev; Novak Djokovic; Alex de Minaur; Andrey Rublev; Tommy Paul
2025-03-03,6.3,5.5,10.7,2.0,4.0,1.0,27.36,21.83,252.5,9.0,Jannik Sinner; Alexander Zverev; Carlos Alcaraz; Taylor Fritz; Casper Ruud; Daniil Medvedev; Novak Djokovic; Andrey Rublev; Stefanos Tsitsipas; Alex de Minaur
2025-03-10,6.3,5.5,10.7,2.0,4.0,0.0,27.38,21.85,253.5,9.0,Jannik Sinner; Alexander Zverev; Carlos Alcaraz; Taylor Fritz; Casper Ruud; Daniil Medvedev; Novak Djokovic; Andrey Rublev; Stefanos Tsitsipas; Alex de Minaur
2025-03-17,9.5,5.5,13.2,3.0,4.0,1.0,27.11,21.87,250.1,9.0,Jannik Sinner; Alexander Zverev; Carlos Alcaraz; Taylor Fritz; Novak Djokovic; Casper Ruud; Jack Draper; Daniil Medvedev; Andrey Rublev; Stefanos Tsitsipas
2025-03-24,9.5,5.5,13.2,3.0,4.0,0.0,27.13,21.89,251.1,9.0,Jannik Sinner; Alexander Zverev; Carlos Alcaraz; Taylor Fritz; Novak Djokovic; Casper Ruud; Jack Draper; Daniil Medvedev; Andrey Rublev; Stefanos Tsitsipas
2025-03-31,10.0,7.0,12.6,4.0,4.0,1.0,26.85,21.91,229.2,10.0,Jannik Sinner; Alexander Zverev; Carlos Alcaraz; Taylor Fritz; Novak Djokovic; Casper Ruud; Jack Draper; Stefanos Tsitsipas; Andrey Rublev; Alex de Minaur
2025-04-07,10.2,8.0,12.5,4.0,4.0,0.0,26.87,21.92,230.2,10.0,Jannik Sinner; Alexander Zverev; Carlos Alcaraz; Taylor Fritz; Novak Djokovic; Jack Draper; Casper Ruud; Stefanos Tsitsipas; Andrey Rublev; Alex de Minaur
2025-04-14,10.1,5.5,9.0,3.0,3.0,1.0,27.14,21.94,233.4,9.0,Jannik Sinner; Carlos Alcaraz; Alexander Zverev; Taylor Fritz; Novak Djokovic; Jack Draper; Alex de Minaur; Andrey Rublev; Daniil Medvedev; Casper Ruud
2025-04-21,10.2,6.5,11.4,4.0,3.0,1.0,26.72,21.96,224.0,9.0,Jannik Sinner; Alexander Zverev; Carlos Alcaraz; Taylor Fritz; Novak Djokovic; Jack Draper; Alex de Minaur; Andrey Rublev; Holger Rune; Daniil Medvedev
2025-04-28,10.2,6.5,11.4,4.0,3.0,0.0,26.74,21.98,225.0,9.0,Jannik Sinner; Alexander Zverev; Carlos Alcaraz; Taylor Fritz; Novak Djokovic; Jack Draper; Alex de Minaur; Andrey Rublev; Holger Rune; Daniil Medvedev
2025-05-05,12.3,9.0,15.0,5.0,3.0,2.0,26.04,22.0,192.1,9.0,Jannik Sinner; Alexander Zverev; Carlos Alcaraz; Taylor Fritz; Jack Draper; Novak Djokovic; Casper Ruud; Alex de Minaur; Lorenzo Musetti; Holger Rune
2025-05-12,12.3,9.0,15.0,5.0,3.0,0.0,26.06,22.02,193.1,9.0,Jannik Sinner; Alexander Zverev; Carlos Alcaraz; Taylor Fritz; Jack Draper; Novak Djokovic; Casper Ruud; Alex de Minaur; Lorenzo Musetti; Holger Rune
2025-05-19,11.9,9.0,17.2,5.0,4.0,0.0,26.08,22.04,194.1,9.0,Jannik Sinner; Carlos Alcaraz; Alexander Zverev; Taylor Fritz; Jack Draper; Novak Djokovic; Casper Ruud; Lorenzo Musetti; Alex de Minaur; Holger Rune
2025-05-26,12.2,9.0,17.2,5.0,4.0,0.0,26.09,22.06,195.1,9.0,Jannik Sinner; Carlos Alcaraz; Alexander Zverev; Taylor Fritz; Jack Draper; Novak Djokovic; Lorenzo Musetti; Casper Ruud; Alex de Minaur; Holger Rune
2025-06-02,12.2,9.0,17.2,5.0,4.0,0.0,26.11,22.08,196.1,9.0,Jannik Sinner; Carlos Alcaraz; Alexander Zverev; Taylor Fritz; Jack Draper; Novak Djokovic; Lorenzo Musetti; Casper Ruud; Alex de Minaur; Holger Rune
2025-06-09,12.9,10.5,24.8,5.0,4.0,1.0,26.29,22.1,179.9,8.0,Jannik Sinner; Carlos Alcaraz; Alexander Zverev; Jack Draper; Novak Djokovic; Lorenzo Musetti; Taylor Fritz; Tommy Paul; Holger Rune; Alex de Minaur
2025-06-16,12.5,12.5,24.7,6.0,4.0,1.0,25.95,22.12,175.4,7.0,Jannik Sinner; Carlos Alcaraz; Alexander Zverev; Taylor Fritz; Novak Djokovic; Jack Draper; Lorenzo Musetti; Tommy Paul; Holger Rune; Ben Shelton
2025-06-23,11.1,9.0,28.9,5.0,3.0,1.0,26.09,22.14,203.3,8.0,Jannik Sinner; Carlos Alcaraz; Alexander Zverev; Jack Draper; Taylor Fritz; Novak Djokovic; Lorenzo Musetti; Holger Rune; Daniil Medvedev; Ben Shelton
2025-06-30,10.9,8.5,25.8,5.0,3.0,0.0,26.11,22.15,204.3,8.0,Jannik Sinner; Carlos Alcaraz; Alexander Zverev; Jack Draper; Taylor Fritz; Novak Djokovic; Lorenzo Musetti; Holger Rune; Daniil Medvedev; Ben Shelton
2025-07-07,10.9,8.5,25.8,5.0,3.0,0.0,26.13,22.17,205.3,8.0,Jannik Sinner; Carlos Alcaraz; Alexander Zverev; Jack Draper; Taylor Fritz; Novak Djokovic; Lorenzo Musetti; Holger Rune; Daniil Medvedev; Ben Shelton
2025-07-14,10.2,9.5,28.5,5.0,4.0,1.0,25.98,22.19,201.9,8.0,Jannik Sinner; Carlos Alcaraz; Alexander Zverev; Taylor Fritz; Jack Draper; Novak Djokovic; Lorenzo Musetti; Holger Rune; Ben Shelton; Andrey Rublev
2025-07-21,10.3,10.0,28.5,5.0,4.0,0.0,26.0,22.21,202.9,8.0,Jannik Sinner; Carlos Alcaraz; Alexander Zverev; Taylor Fritz; Jack Draper; Novak Djokovic; Lorenzo Musetti; Ben Shelton; Holger Rune; Andrey Rublev
2025-07-28,10.2,9.0,27.9,5.0,3.0,1.0,25.89,22.23,185.7,8.0,Jannik Sinner; Carlos Alcaraz; Alexander Zverev; Taylor Fritz; Jack Draper; Novak Djokovic; Ben Shelton; Alex de Minaur; Holger Rune; Lorenzo Musetti
2025-08-04,10.5,10.0,29.1,5.0,3.0,0.0,25.91,22.25,186.7,8.0,Jannik Sinner; Carlos Alcaraz; Alexander Zverev; Taylor Fritz; Jack Draper; Ben Shelton; Novak Djokovic; Alex de Minaur; Holger Rune; Lorenzo Musetti
2025-08-18,11.1,11.0,23.1,5.0,3.0,1.0,26.64,22.29,182.4,8.0,Jannik Sinner; Carlos Alcaraz; Alexander Zverev; Taylor Fritz; Jack Draper; Ben Shelton; Novak Djokovic; Alex de Minaur; Karen Khachanov; Lorenzo Musetti
2025-08-25,11.0,11.0,24.1,5.0,3.0,0.0,26.66,22.31,183.4,8.0,Jannik Sinner; Carlos Alcaraz; Alexander Zverev; Taylor Fritz; Jack Draper; Ben Shelton; Novak Djokovic; Alex de Minaur; Karen Khachanov; Lorenzo Musetti
2025-09-08,10.7,9.0,24.2,5.0,3.0,0.0,26.7,22.35,185.4,8.0,Carlos Alcaraz; Jannik Sinner; Alexander Zverev; Novak Djokovic; Taylor Fritz; Ben Shelton; Jack Draper; Alex de Minaur; Lorenzo Musetti; Karen Khachanov
2025-09-15,10.7,9.0,24.2,5.0,4.0,0.0,26.72,22.37,186.4,8.0,Carlos Alcaraz; Jannik Sinner; Alexander Zverev; Novak Djokovic; Taylor Fritz; Ben Shelton; Jack Draper; Alex de Minaur; Lorenzo Musetti; Karen Khachanov
2025-09-22,11.0,9.0,24.6,5.0,4.0,0.0,26.73,22.38,187.4,8.0,Carlos Alcaraz; Jannik Sinner; Alexander Zverev; Novak Djokovic; Taylor Fritz; Ben Shelton; Jack Draper; Alex de Minaur; Lorenzo Musetti; Karen Khachanov
2025-10-13,10.5,7.5,24.9,4.0,4.0,0.0,26.79,22.44,190.4,8.0,Carlos Alcaraz; Jannik Sinner; Alexander Zverev; Taylor Fritz; Novak Djokovic; Ben Shelton; Alex de Minaur; Lorenzo Musetti; Jack Draper; Karen Khachanov
2025-10-20,9.8,8.0,,4.0,,1.0,26.12,22.46,196.8,8.0,Carlos Alcaraz; Jannik Sinner; Alexander Zverev; Taylor Fritz; Novak Djokovic; Ben Shelton; Alex de Minaur; Lorenzo Musetti; Jack Draper; Holger Rune
2025-10-27,9.6,7.0,,3.0,,2.0,26.71,22.48,210.7,8.0,Carlos Alcaraz; Jannik Sinner; Alexander Zverev; Taylor Fritz; Novak Djokovic; Alex de Minaur; Ben Shelton; Lorenzo Musetti; Casper Ruud; Felix Auger-Aliassime
2025-11-03,9.8,6.5,,3.0,,0.0,26.73,22.5,211.7,8.0,Jannik Sinner; Carlos Alcaraz; Alexander Zverev; Taylor Fritz; Novak Djokovic; Ben Shelton; Alex de Minaur; Felix Auger-Aliassime; Lorenzo Musetti; Casper Ruud
2025-11-10,10.8,7.5,,4.0,,1.0,26.45,22.52,198.0,8.0,Carlos Alcaraz; Jannik Sinner; Alexander Zverev; Novak Djokovic; Ben Shelton; Taylor Fritz; Alex de Minaur; Felix Auger-Aliassime; Lorenzo Musetti; Jack Draper
2025-11-17,10.8,8.0,,4.0,,0.0,26.47,22.54,199.0,8.0,Carlos Alcaraz; Jannik Sinner; Alexander Zverev; Novak Djokovic; Felix Auger-Aliassime; Taylor Fritz; Alex de Minaur; Lorenzo Musetti; Ben Shelton; Jack Draper
2025-11-24,10.8,8.0,,4.0,,0.0,26.49,22.56,200.0,8.0,Carlos Alcaraz; Jannik Sinner; Alexander Zverev; Novak Djokovic; Felix Auger-Aliassime; Taylor Fritz; Alex de Minaur; Lorenzo Musetti; Ben Shelton; Jack Draper
2025-12-01,10.8,8.0,,4.0,,0.0,26.5,22.58,201.0,8.0,Carlos Alcaraz; Jannik Sinner; Alexander Zverev; Novak Djokovic; Felix Auger-Aliassime; Taylor Fritz; Alex de Minaur; Lorenzo Musetti; Ben Shelton; Jack Draper
2025-12-08,10.8,8.0,,4.0,,0.0,26.52,22.6,202.0,8.0,Carlos Alcaraz; Jannik Sinner; Alexander Zverev; Novak Djokovic; Felix Auger-Aliassime; Taylor Fritz; Alex de Minaur; Lorenzo Musetti; Ben Shelton; Jack Draper
2025-12-15,10.8,8.0,,4.0,,0.0,26.54,22.61,203.0,8.0,Carlos Alcaraz; Jannik Sinner; Alexander Zverev; Novak Djokovic; Felix Auger-Aliassime; Taylor Fritz; Alex de Minaur; Lorenzo Musetti; Ben Shelton; Jack Draper
2025-12-22,10.8,8.0,,4.0,,0.0,26.56,22.63,204.0,8.0,Carlos Alcaraz; Jannik Sinner; Alexander Zverev; Novak Djokovic; Felix Auger-Aliassime; Taylor Fritz; Alex de Minaur; Lorenzo Musetti; Ben Shelton; Jack Draper
2025-12-29,10.8,8.0,,4.0,,0.0,26.58,22.65,205.0,8.0,Carlos Alcaraz; Jannik Sinner; Alexander Zverev; Novak Djokovic; Felix Auger-Aliassime; Taylor Fritz; Alex de Minaur; Lorenzo Musetti; Ben Shelton; Jack Draper
2026-01-05,10.6,7.5,,4.0,,0.0,26.6,22.67,206.0,8.0,Carlos Alcaraz; Jannik Sinner; Alexander Zverev; Novak Djokovic; Felix Auger-Aliassime; Alex de Minaur; Lorenzo Musetti; Ben Shelton; Taylor Fritz; Jack Draper
2026-01-12,12.0,7.5,,4.0,,1.0,27.07,22.69,202.9,8.0,Carlos Alcaraz; Jannik Sinner; Alexander Zverev; Novak Djokovic; Lorenzo Musetti; Alex de Minaur; Felix Auger-Aliassime; Ben Shelton; Taylor Fritz; Alexander Bublik
2026-01-19,12.0,7.5,,4.0,,0.0,27.09,22.71,203.9,8.0,Carlos Alcaraz; Jannik Sinner; Alexander Zverev; Novak Djokovic; Lorenzo Musetti; Alex de Minaur; Ben Shelton; Felix Auger-Aliassime; Taylor Fritz; Alexander Bublik
2026-02-02,12.6,7.0,,4.0,,0.0,27.13,22.75,205.9,8.0,Carlos Alcaraz; Jannik Sinner; Novak Djokovic; Alexander Zverev; Lorenzo Musetti; Alex de Minaur; Taylor Fritz; Felix Auger-Aliassime; Ben Shelton; Alexander Bublik
2026-02-09,12.3,6.5,,4.0,,0.0,27.15,22.77,206.9,8.0,Carlos Alcaraz; Jannik Sinner; Novak Djokovic; Alexander Zverev; Lorenzo Musetti; Felix Auger-Aliassime; Taylor Fritz; Alex de Minaur; Ben Shelton; Alexander Bublik
2026-02-16,12.6,7.5,,4.0,,0.0,27.17,22.79,207.9,8.0,Carlos Alcaraz; Jannik Sinner; Novak Djokovic; Alexander Zverev; Lorenzo Musetti; Alex de Minaur; Felix Auger-Aliassime; Taylor Fritz; Ben Shelton; Alexander Bublik
2026-02-23,12.8,7.5,,4.0,,0.0,27.19,22.81,208.9,8.0,Carlos Alcaraz; Jannik Sinner; Novak Djokovic; Alexander Zverev; Lorenzo Musetti; Alex de Minaur; Taylor Fritz; Felix Auger-Aliassime; Ben Shelton; Alexander Bublik
2026-03-02,15.5,8.5,,4.0,,0.0,27.21,22.83,209.9,8.0,Carlos Alcaraz; Jannik Sinner; Novak Djokovic; Alexander Zverev; Lorenzo Musetti; Alex de Minaur; Taylor Fritz; Ben Shelton; Felix Auger-Aliassime; Alexander Bublik
2026-03-16,8.3,6.5,,4.0,,1.0,27.38,22.86,238.9,8.0,Carlos Alcaraz; Jannik Sinner; Novak Djokovic; Alexander Zverev; Lorenzo Musetti; Alex de Minaur; Taylor Fritz; Felix Auger-Aliassime; Ben Shelton; Daniil Medvedev
2026-03-30,8.5,7.5,,4.0,,0.0,27.42,22.9,240.9,8.0,Carlos Alcaraz; Jannik Sinner; Alexander Zverev; Novak Djokovic; Lorenzo Musetti; Alex de Minaur; Felix Auger-Aliassime; Taylor Fritz; Ben Shelton; Daniil Medvedev
2026-04-06,8.5,7.5,,4.0,,0.0,27.44,22.92,241.9,8.0,Carlos Alcaraz; Jannik Sinner; Alexander Zverev; Novak Djokovic; Lorenzo Musetti; Alex de Minaur; Felix Auger-Aliassime; Ben Shelton; Taylor Fritz; Daniil Medvedev
2026-04-13,7.6,6.0,,3.0,,0.0,27.45,22.94,242.9,8.0,Jannik Sinner; Carlos Alcaraz; Alexander Zverev; Novak Djokovic; Felix Auger-Aliassime; Ben Shelton; Alex de Minaur; Taylor Fritz; Lorenzo Musetti; Daniil Medvedev
2026-04-20,7.5,6.0,,3.0,,0.0,27.47,22.96,243.9,8.0,Jannik Sinner; Carlos Alcaraz; Alexander Zverev; Novak Djokovic; Felix Auger-Aliassime; Ben Shelton; Taylor Fritz; Alex de Minaur; Lorenzo Musetti; Daniil Medvedev
2026-05-04,8.4,7.0,,3.0,,0.0,27.51,23.0,245.9,8.0,Jannik Sinner; Carlos Alcaraz; Alexander Zverev; Novak Djokovic; Felix Auger-Aliassime; Ben Shelton; Taylor Fritz; Alex de Minaur; Daniil Medvedev; Lorenzo Musetti
2026-05-18,13.0,7.5,,4.0,,1.0,28.02,23.04,243.4,9.0,Jannik Sinner; Carlos Alcaraz; Alexander Zverev; Novak Djokovic; Felix Auger-Aliassime; Ben Shelton; Daniil Medvedev; Taylor Fritz; Alex de Minaur; Alexander Bublik
2026-05-25,13.8,7.5,,4.0,,0.0,28.04,23.06,244.4,9.0,Jannik Sinner; Carlos Alcaraz; Alexander Zverev; Novak Djokovic; Ben Shelton; Felix Auger-Aliassime; Alex de Minaur; Daniil Medvedev; Taylor Fritz; Alexander Bublik
2026-06-08,10.5,8.5,,4.0,,1.0,27.59,23.09,245.2,8.0,Jannik Sinner; Carlos Alcaraz; Alexander Zverev; Felix Auger-Aliassime; Ben Shelton; Alex de Minaur; Novak Djokovic; Daniil Medvedev; Taylor Fritz; Flavio Cobolli
2026-06-15,9.9,7.5,,4.0,,0.0,27.61,23.11,246.2,8.0,Jannik Sinner; Carlos Alcaraz; Alexander Zverev; Felix Auger-Aliassime; Ben Shelton; Alex de Minaur; Daniil Medvedev; Novak Djokovic; Taylor Fritz; Flavio Cobolli
2026-06-22,9.8,7.5,,3.0,,0.0,27.63,23.13,247.2,8.0,Jannik Sinner; Carlos Alcaraz; Alexander Zverev; Felix Auger-Aliassime; Ben Shelton; Alex de Minaur; Taylor Fritz; Novak Djokovic; Daniil Medvedev; Flavio Cobolli
2026-06-29,9.9,7.5,,3.0,,0.0,27.65,23.15,248.2,8.0,Jannik Sinner; Carlos Alcaraz; Alexander Zverev; Felix Auger-Aliassime; Ben Shelton; Alex de Minaur; Taylor Fritz; Novak Djokovic; Daniil Medvedev; Flavio Cobolli
2026-07-13,9.8,7.5,,4.0,,0.0,27.69,23.19,250.2,8.0,Jannik Sinner; Alexander Zverev; Carlos Alcaraz; Felix Auger-Aliassime; Alex de Minaur; Ben Shelton; Novak Djokovic; Daniil Medvedev; Flavio Cobolli; Taylor Fritz
2026-07-20,9.6,7.0,,4.0,,0.0,27.71,23.21,251.2,8.0,Jannik Sinner; Alexander Zverev; Carlos Alcaraz; Felix Auger-Aliassime; Alex de Minaur; Ben Shelton; Novak Djokovic; Daniil Medvedev; Flavio Cobolli; Taylor Fritz
2026-07-27,9.0,6.5,,3.0,,0.0,27.72,23.23,252.2,8.0,Jannik Sinner; Alexander Zverev; Carlos Alcaraz; Felix Auger-Aliassime; Novak Djokovic; Alex de Minaur; Daniil Medvedev; Ben Shelton; Flavio Cobolli; Taylor Fritz
2026-08-03,9.6,6.5,,3.0,,0.0,27.74,23.25,253.2,8.0,Jannik Sinner; Carlos Alcaraz; Alexander Zverev; Felix Auger-Aliassime; Novak Djokovic; Daniil Medvedev; Alex de Minaur; Taylor Fritz; Flavio Cobolli; Ben Shelton
2026-08-10,9.6,6.5,,3.0,,0.0,27.76,23.27,254.2,8.0,Jannik Sinner; Carlos Alcaraz; Alexander Zverev; Felix Auger-Aliassime; Novak Djokovic; Ben Shelton; Daniil Medvedev; Alex de Minaur; Taylor Fritz; Flavio Cobolli
2026-08-24,9.7,6.5,,3.0,,0.0,27.8,23.3,256.2,8.0,Jannik Sinner; Alexander Zverev; Carlos Alcaraz; Felix Auger-Aliassime; Novak Djokovic; Flavio Cobolli; Alex de Minaur; Daniil Medvedev; Ben Shelton; Taylor Fritz
2026-08-31,9.7,6.5,,3.0,,0.0,27.82,23.32,257.2,8.0,Jannik Sinner; Alexander Zverev; Carlos Alcaraz; Felix Auger-Aliassime; Novak Djokovic; Flavio Cobolli; Alex de Minaur; Daniil Medvedev; Ben Shelton; Taylor Fritz
2026-09-14,11.0,7.0,,4.0,,1.0,26.79,23.36,164.5,7.0,Jannik Sinner; Alexander Zverev; Carlos Alcaraz; Ben Shelton; Felix Auger-Aliassime; Daniil Medvedev; Flavio Cobolli; Frances Tiafoe; Alex de Minaur; Taylor Fritz
2026-09-21,11.0,7.0,,4.0,,0.0,26.81,23.38,165.5,7.0,Jannik Sinner; Alexander Zverev; Carlos Alcaraz; Ben Shelton; Felix Auger-Aliassime; Daniil Medvedev; Flavio Cobolli; Frances Tiafoe; Alex de Minaur; Taylor Fritz
2026-09-28,12.8,10.5,,5.0,,1.0,26.17,22.29,148.9,8.0,Jannik Sinner; Alexander Zverev; Carlos Alcaraz; Ben Shelton; Felix Auger-Aliassime; Daniil Medvedev; Flavio Cobolli; Frances Tiafoe; Arthur Fils; Alex de Minaur
2026-10-05,10.9,7.0,,4.0,,1.0,27.89,23.42,245.7,8.0,Jannik Sinner; Alexander Zverev; Carlos Alcaraz; Ben Shelton; Felix Auger-Aliassime; Daniil Medvedev; Flavio Cobolli; Novak Djokovic; Alex de Minaur; Frances Tiafoe
